"gene_id","baseMean","log2FoldChange","lfcSE","pvalue","padj","ensembl_id","symbol","deg_class","significant"
"ENSG00000227232",4.90370427898915,1.99520529571654,0.669957463067849,0.000158883502569892,0.00149090654931798,"ENSG00000227232","ENSG00000227232","Up","Significant"
"ENSG00000237973",209.134171583625,2.35494057352118,0.614501413818402,6.83218107131713e-06,0.000108759883856896,"ENSG00000237973","MTCO1P12","Up","Significant"
"ENSG00000229344",6.11101710663431,1.36335166088037,0.551097548283821,0.00102086331563936,0.0066708480584554,"ENSG00000229344","MTCO2P12","Up","Significant"
"ENSG00000223764",1.26847990580348,1.56491482116398,0.990477327135737,0.00528797506866897,0.0241508459283125,"ENSG00000223764","LINC02593","Up","Significant"
"ENSG00000187608",2369.02229718925,1.9253223084539,0.350669639973558,0.000588521347430245,0.00428619035667031,"ENSG00000187608","ISG15","Up","Significant"
"ENSG00000162576",20.197582139326,-1.04009389755477,0.49400597273146,0.00395599880064054,0.0192402015867582,"ENSG00000162576","MXRA8","Down","Significant"
"ENSG00000179403",1.65789176262934,1.59614448662075,0.613927688531001,0.000774989035647548,0.00535776925841009,"ENSG00000179403","VWA1","Up","Significant"
"ENSG00000169885",1.35515262626125,1.24328877013833,0.683640587998272,0.00588953853210048,0.0262759104020685,"ENSG00000169885","CALML6","Up","Significant"
"ENSG00000142609",2.82140536947082,2.42285696936889,0.644200151792985,1.09724607059365e-05,0.000162760595748219,"ENSG00000142609","CFAP74","Up","Significant"
"ENSG00000187730",3.10705695429589,1.36699871588671,0.62870191562501,0.00220266740858164,0.0122542025997462,"ENSG00000187730","GABRD","Up","Significant"
"ENSG00000177133",1.62511675073348,2.02444160274236,0.824899591895736,0.000788125227835691,0.00543289205092495,"ENSG00000177133","PRDM16-DT","Up","Significant"
"ENSG00000279839",0.670275949067879,1.46232409870167,1.18655065275653,0.010253775030082,0.0400739150318426,"ENSG00000279839","ENSG00000279839","Up","Significant"
"ENSG00000272235",1.1361573860506,1.28503537916986,0.828778269050378,0.00801240075853667,0.0332204326921313,"ENSG00000272235","ENSG00000272235","Up","Significant"
"ENSG00000287828",0.975485749398022,4.22080268463751,1.45848453757082,9.78108512170016e-05,0.00100292038354667,"ENSG00000287828","ENSG00000287828","Up","Significant"
"ENSG00000078900",27.639623686957,2.06754284373963,0.295644287300999,1.89217311980903e-13,2.0128517165613e-11,"ENSG00000078900","TP73","Up","Significant"
"ENSG00000235169",15.5329980441052,2.58198486020777,0.441690148176358,3.01769969634301e-10,1.73150854665681e-08,"ENSG00000235169","SMIM1","Up","Significant"
"ENSG00000284694",0.865742012711721,3.00656263547217,1.35108980795173,0.00155578263680784,0.00927133565299551,"ENSG00000284694","ENSG00000284694","Up","Significant"
"ENSG00000284692",0.665194298277715,3.10970662495098,1.7367360450956,0.00783371863992599,0.0326980665053911,"ENSG00000284692","ENSG00000284692","Up","Significant"
"ENSG00000097021",263.721016450849,1.50171666222163,0.1665230635806,2.02009267675158e-20,5.12812768979309e-18,"ENSG00000097021","ACOT7","Up","Significant"
"ENSG00000069812",0.842048503943203,3.13075680357958,1.20390513307449,0.00035051192143387,0.00282747506493427,"ENSG00000069812","HES2","Up","Significant"
"ENSG00000116285",35.4995068273299,-1.25768369781422,0.449514947319429,0.000487410901143286,0.00369016084193637,"ENSG00000116285","ERRFI1","Down","Significant"
"ENSG00000142583",106.732466405562,1.66856226887471,0.289066383195831,6.74567159541623e-10,3.55969621245358e-08,"ENSG00000142583","SLC2A5","Up","Significant"
"ENSG00000228526",6.92076428829129,1.57644935935684,0.319816242596898,8.13666249357345e-08,2.44311311377377e-06,"ENSG00000228526","MIR34AHG","Up","Significant"
"ENSG00000234546",1.94495384068099,2.72002765041583,0.701969845984936,6.77236597012556e-06,0.000108115870077626,"ENSG00000234546","LNCTAM34A","Up","Significant"
"ENSG00000284693",2.21799889839518,1.54636687804969,0.601955277600155,0.000785239251268122,0.00542080388766862,"ENSG00000284693","LINC02606","Up","Significant"
"ENSG00000215910",2.23137732063086,1.50547558394918,0.500771361444239,0.000239929917637867,0.00208989124255973,"ENSG00000215910","C1orf167","Up","Significant"
"ENSG00000224904",0.809836708739023,1.32140620171541,0.901160532935483,0.0070397090419767,0.0301500013148769,"ENSG00000224904","SBF1P2","Up","Significant"
"ENSG00000188984",0.714442527880943,2.62140540918537,1.36781213533288,0.00362466210374849,0.0180232679083704,"ENSG00000188984","AADACL3","Up","Significant"
"ENSG00000157330",1.78942023839691,1.58931980191071,1.01167725367164,0.00511968438829387,0.0235236316770795,"ENSG00000157330","CFAP107","Up","Significant"
"ENSG00000250894",0.877292709416436,3.47568487862615,1.95523361557466,0.00849715223921162,0.0347072784798778,"ENSG00000250894","PRAMEF31P","Up","Significant"
"ENSG00000189337",8.23723262617123,2.00407273042504,0.416311843583826,1.05453669136578e-07,3.06232031075769e-06,"ENSG00000189337","KAZN","Up","Significant"
"ENSG00000162458",1.95195948162822,1.49178693549437,0.60859148664537,0.00112394285146483,0.00719699531223604,"ENSG00000162458","FBLIM1","Up","Significant"
"ENSG00000142623",1.30316585491937,2.3035216688669,0.894838889474672,0.000345495262986746,0.00280251773600167,"ENSG00000142623","PADI1","Up","Significant"
"ENSG00000142619",0.908100818810121,1.4947540908958,1.00822639337224,0.00608478385252034,0.0269386697064834,"ENSG00000142619","PADI3","Up","Significant"
"ENSG00000117154",0.867111231007199,3.94649797420088,1.47332412815137,0.000278116568621238,0.00236473181880971,"ENSG00000117154","IGSF21","Up","Significant"
"ENSG00000280222",0.899909588769146,1.61232994989123,1.17787954002,0.0063891506809784,0.0279240968004311,"ENSG00000280222","ENSG00000280222","Up","Significant"
"ENSG00000179023",1.04695752140096,2.29400588396098,0.818696460912982,0.000133379179584434,0.00129435358491017,"ENSG00000179023","KLHDC7A","Up","Significant"
"ENSG00000009709",0.935001769490428,1.3958420371127,1.43409322388332,0.0102204246735253,0.0399575557560566,"ENSG00000009709","PAX7","Up","Significant"
"ENSG00000158748",21.3564975733128,-1.01192360942125,0.44724241095354,0.00295388902679639,0.0153961529629678,"ENSG00000158748","HTR6","Down","Significant"
"ENSG00000127472",1.07107391628301,2.36695040526577,1.21332026681372,0.00201354044398561,0.0113857115655609,"ENSG00000127472","PLA2G5","Up","Significant"
"ENSG00000158786",2.61513619071639,2.22213346011113,0.858875069677185,0.000471653568705782,0.00358951611032524,"ENSG00000158786","PLA2G2F","Up","Significant"
"ENSG00000187980",4.13201191578284,1.08038715896634,0.470466066228964,0.00245478822431401,0.0133578269906688,"ENSG00000187980","PLA2G2C","Up","Significant"
"ENSG00000158816",2.43367698252421,1.81789570066798,0.629982802344631,0.000268744214037767,0.0022972831296407,"ENSG00000158816","VWA5B1","Up","Significant"
"ENSG00000236963",1.3319559162388,1.08539023867335,0.750937315065397,0.0123520985295838,0.0460376774300757,"ENSG00000236963","ENSG00000236963","Up","Significant"
"ENSG00000189410",1.55053851578816,2.12471542894574,0.69200962700442,0.000168316263550272,0.00156409031483806,"ENSG00000189410","SH2D5","Up","Significant"
"ENSG00000287192",0.867519808804962,1.7564860315226,0.962570641274699,0.00259269642869241,0.0139452110158995,"ENSG00000287192","ENSG00000287192","Up","Significant"
"ENSG00000076864",39.7285088392718,5.3980406108639,0.861997900027614,1.49695830725435e-11,1.16384166862612e-09,"ENSG00000076864","RAP1GAP","Up","Significant"
"ENSG00000070886",1.22625611585399,1.23940639074425,0.96525358125781,0.0110479836382905,0.0423716676748488,"ENSG00000070886","EPHA8","Up","Significant"
"ENSG00000173372",395.018521490383,1.55770823025615,0.30561666913545,3.23122732510729e-08,1.10259874172118e-06,"ENSG00000173372","C1QA","Up","Significant"
"ENSG00000159189",114.447441364366,3.39482982884247,0.397687054367513,7.94146982146231e-19,1.73928570096327e-16,"ENSG00000159189","C1QC","Up","Significant"
"ENSG00000173369",387.722945580018,2.76181018834327,0.325849157640823,1.42584421035088e-18,3.04322379902215e-16,"ENSG00000173369","C1QB","Up","Significant"
"ENSG00000133216",168.645999439956,1.29732206149958,0.308964845312457,2.960666620286e-06,5.31306754872648e-05,"ENSG00000133216","EPHB2","Up","Significant"
"ENSG00000229010",0.972927086084543,1.23614943643185,0.812891758148166,0.00894274085630817,0.0361567880055793,"ENSG00000229010","ENSG00000229010","Up","Significant"
"ENSG00000179546",0.778490043280187,1.98235647267724,1.01164542324425,0.00198376827379823,0.0112553489818329,"ENSG00000179546","HTR1D","Up","Significant"
"ENSG00000261326",15.4704985178068,-1.02522079319317,0.373951616539875,0.000862404105192364,0.00582417634855461,"ENSG00000261326","ENSG00000261326","Down","Significant"
"ENSG00000007968",322.010445145251,1.73447684055862,0.168410574943125,6.42047755693858e-26,2.9881080896591e-23,"ENSG00000007968","E2F2","Up","Significant"
"ENSG00000142661",1.26912525270038,2.5697949351163,0.867190880887167,6.42826486646754e-05,0.000705319998069617,"ENSG00000142661","MYOM3","Up","Significant"
"ENSG00000187010",70.9860327037358,1.22643858096333,0.726431122289389,0.00610156133889751,0.0269839275313603,"ENSG00000187010","RHD","Up","Significant"
"ENSG00000188672",24.1762754085425,2.06913132164235,0.321823197564125,9.11616465113445e-12,7.37858843707401e-10,"ENSG00000188672","RHCE","Up","Significant"
"ENSG00000127423",15.1880608431873,1.72476498840742,0.264018900722892,5.85638131610589e-12,4.88162889356697e-10,"ENSG00000127423","AUNIP","Up","Significant"
"ENSG00000117632",1283.69438204582,1.29565812544317,0.190614845096016,1.34745149371608e-12,1.25463935395071e-10,"ENSG00000117632","STMN1","Up","Significant"
"ENSG00000158014",0.879160296844563,2.55769501060164,1.16802179524175,0.00121891039344691,0.00765451056484491,"ENSG00000158014","SLC30A2","Up","Significant"
"ENSG00000197245",0.707632939849545,1.89198624562975,1.35023945703091,0.00783090754142491,0.032694478047048,"ENSG00000197245","FAM110D","Up","Significant"
"ENSG00000142675",60.4586795562679,1.21918338141318,0.261887571649824,4.11121807501156e-07,9.83317676485098e-06,"ENSG00000142675","CNKSR1","Up","Significant"
"ENSG00000236155",1.65624882506622,1.77371870479847,0.769168301770643,0.00134591904703178,0.00824806169476736,"ENSG00000236155","ENSG00000236155","Up","Significant"
"ENSG00000131914",1.23160633547209,1.26240993529158,1.02292243893011,0.0116199178493677,0.0439471588278173,"ENSG00000131914","LIN28A","Up","Significant"
"ENSG00000142748",0.774070721771963,2.88900218765127,1.26707790766187,0.00119840033726682,0.00756762936652994,"ENSG00000142748","FCN3","Up","Significant"
"ENSG00000181773",12.2136079721903,1.02116428481557,0.278065133224935,3.64248370617044e-05,0.000442071664288538,"ENSG00000181773","GPR3","Up","Significant"
"ENSG00000126709",2753.46365881175,1.79972583527809,0.45713938800973,5.80161356117013e-06,9.43261857453905e-05,"ENSG00000126709","IFI6","Up","Significant"
"ENSG00000225886",4.28914577731406,1.43096855648691,0.663839988025067,0.00204456227292531,0.0115222396911292,"ENSG00000225886","ENSG00000225886","Up","Significant"
"ENSG00000084628",2.03876777154666,2.96486184063591,0.758732352350723,3.15814661801765e-06,5.60817885655291e-05,"ENSG00000084628","NKAIN1","Up","Significant"
"ENSG00000134668",81.9313750576792,2.0433005313407,0.382621147693897,6.37281398868722e-09,2.57906550660531e-07,"ENSG00000134668","SPOCD1","Up","Significant"
"ENSG00000284702",0.930582078315921,1.849587513491,1.0072670187993,0.00241541870947954,0.0131821279374511,"ENSG00000284702","ENSG00000284702","Up","Significant"
"ENSG00000273274",1.55903146782752,2.97205732215842,0.827735785279787,4.41413501757027e-06,7.45906456398195e-05,"ENSG00000273274","ZBTB8B","Up","Significant"
"ENSG00000121900",1.01463176452004,1.71066630128569,0.790153951856602,0.00170149234070987,0.00996883241610308,"ENSG00000121900","TMEM54","Up","Significant"
"ENSG00000234512",0.667730407323237,2.08500724281824,1.73566433249358,0.0131830919348699,0.0483106110723487,"ENSG00000234512","TLR12P","Up","Significant"
"ENSG00000121904",5.79655732632301,2.10340399659656,0.558538604250261,1.00783055684317e-05,0.000151441229279183,"ENSG00000121904","CSMD2","Up","Significant"
"ENSG00000142698",0.6615350641438,3.52658430970997,1.4249300910681,0.00058618533910072,0.00427382169885248,"ENSG00000142698","C1orf94","Up","Significant"
"ENSG00000187513",5.87418620785579,2.6260550213125,0.70097661024837,9.41101144954838e-06,0.000143147336660425,"ENSG00000187513","GJA4","Up","Significant"
"ENSG00000092853",88.1470504364403,2.53455307586633,0.226782543731,3.59030826083975e-30,2.7087646073294e-27,"ENSG00000092853","CLSPN","Up","Significant"
"ENSG00000223944",0.576207327163467,2.27315497687982,1.30714141704465,0.00566552259797196,0.0254792640901144,"ENSG00000223944","ENSG00000223944","Up","Significant"
"ENSG00000163879",2.76001544146619,1.27146842078248,0.629784282026858,0.00347243382336416,0.0174475611016809,"ENSG00000163879","DNALI1","Up","Significant"
"ENSG00000169218",1.10502836246301,1.38268672410096,1.18771761900492,0.00968903939877197,0.0384315839504557,"ENSG00000169218","RSPO1","Up","Significant"
"ENSG00000134690",114.257686085757,1.77089496781316,0.192510406601778,3.27143696713096e-21,8.76980650652732e-19,"ENSG00000134690","CDCA8","Up","Significant"
"ENSG00000238063",4.16622997823008,-1.25043266841272,0.462597374352536,0.000734719711497224,0.00513445731231709,"ENSG00000238063","ENSG00000238063","Down","Significant"
"ENSG00000237624",1.53930580613802,1.40380780111564,0.88367874622007,0.00624239640762143,0.0274581860360969,"ENSG00000237624","OXCT2P1","Up","Significant"
"ENSG00000198754",3.25698450284519,1.30060279467664,0.493523603410494,0.000784612562904188,0.00541759372972521,"ENSG00000198754","OXCT2","Up","Significant"
"ENSG00000279667",0.939787907379542,1.61953995003566,0.877392692845636,0.00260708066948314,0.0140023507218642,"ENSG00000279667","ENSG00000279667","Up","Significant"
"ENSG00000233708",0.852572678794568,1.76859892319181,0.944374316310969,0.00239876691048067,0.013108330137524,"ENSG00000233708","ENSG00000233708","Up","Significant"
"ENSG00000117400",48.7697137787558,2.10566617872463,0.338925142719953,3.57837775605232e-11,2.56647310242216e-09,"ENSG00000117400","MPL","Up","Significant"
"ENSG00000117399",227.059446661923,3.54184173003996,0.266847091458741,2.00331100916744e-41,6.71289486061919e-38,"ENSG00000117399","CDC20","Up","Significant"
"ENSG00000142949",26.0385762772054,1.81101255917673,0.41909862115725,1.1138333265384e-06,2.2954145718927e-05,"ENSG00000142949","PTPRF","Up","Significant"
"ENSG00000117411",77.1641743422069,1.19570786295094,0.19331960596792,8.62026677643314e-11,5.61977664224705e-09,"ENSG00000117411","B4GALT2","Up","Significant"
"ENSG00000196517",20.9902839999256,3.25652226023132,0.430402732089665,2.07954368306349e-15,3.06975459364645e-13,"ENSG00000196517","SLC6A9","Up","Significant"
"ENSG00000230615",5.16513164505115,2.30809504475247,0.532948774283006,9.32348289725331e-07,1.97985163754158e-05,"ENSG00000230615","LOC107984948","Up","Significant"
"ENSG00000283039",0.834868765222616,2.35313036034617,1.23137726270349,0.00259040904353856,0.0139396204657032,"ENSG00000283039","KLF18","Up","Significant"
"ENSG00000142945",103.353370206081,2.79044140650447,0.25518166359971,5.01953909009197e-29,3.36399470739784e-26,"ENSG00000142945","KIF2C","Up","Significant"
"ENSG00000268949",1.03715330941075,1.3195430849061,1.0536078789839,0.00894231171214806,0.0361567880055793,"ENSG00000268949","ENSG00000268949","Up","Significant"
"ENSG00000186603",18.5229701830452,1.67808427505901,0.262221482435648,1.45541274213823e-11,1.13681644700023e-09,"ENSG00000186603","HPDL","Up","Significant"
"ENSG00000230896",1.57064212733533,-1.45375880049887,0.5971166959451,0.00152840818540876,0.00913582409647914,"ENSG00000230896","ENSG00000230896","Down","Significant"
"ENSG00000085999",36.669841087398,2.75223209986706,0.254517690367301,2.17261350599302e-28,1.27722992933895e-25,"ENSG00000085999","RAD54L","Up","Significant"
"ENSG00000197587",1.72019393698429,2.01466199803569,0.798430474305613,0.000716824015367568,0.00503143190845242,"ENSG00000197587","DMBX1","Up","Significant"
"ENSG00000187048",0.818633460851085,1.6791072873566,1.28218684911884,0.0068010225015716,0.0293356771491364,"ENSG00000187048","CYP4A11","Up","Significant"
"ENSG00000224805",10.5899905564584,1.57646570211455,0.405033565936373,8.15566389956188e-06,0.000127051669739851,"ENSG00000224805","LINC00853","Up","Significant"
"ENSG00000162367",89.2176154092307,1.44005069970353,0.328341423966291,1.10611046300621e-06,2.28090187722308e-05,"ENSG00000162367","TAL1","Up","Significant"
"ENSG00000226252",1.92831769464287,1.65362603447372,0.617737364190536,0.000590835309714868,0.00429743876562525,"ENSG00000226252","ENSG00000226252","Up","Significant"
"ENSG00000123473",85.5260434636563,1.67053770225789,0.218263314272283,1.74505058117261e-15,2.62219282172704e-13,"ENSG00000123473","STIL","Up","Significant"
"ENSG00000162374",3.41675142490022,1.49250119092744,0.454524453393576,8.93521556775117e-05,0.0009292679654245,"ENSG00000162374","ELAVL4","Up","Significant"
"ENSG00000284696",0.874020611994047,1.38688846578465,1.29633165526287,0.00988572439325723,0.0390039725295722,"ENSG00000284696","LINC02808","Up","Significant"
"ENSG00000142700",0.634081696242636,2.372708959518,1.33230226931499,0.00470097174130794,0.0219853261799704,"ENSG00000142700","DMRTA2","Up","Significant"
"ENSG00000123080",126.452201503726,1.13753224618897,0.129284760252042,2.2054822370717e-19,5.16807722251998e-17,"ENSG00000123080","CDKN2C","Up","Significant"
"ENSG00000227742",1.38151264137321,1.22865882561367,0.726374303047716,0.00720314721134417,0.0306657679970692,"ENSG00000227742","ENSG00000227742","Up","Significant"
"ENSG00000169213",3.71530643067556,2.15471506980521,0.677199764192302,8.14809967006085e-05,0.000860493765660476,"ENSG00000169213","RAB3B","Up","Significant"
"ENSG00000228407",6.91098282697384,1.32309006103861,0.317512326708602,3.48166987383795e-06,6.08910625273674e-05,"ENSG00000228407","ENSG00000228407","Up","Significant"
"ENSG00000085840",76.694561232951,2.4414731883809,0.275030045339724,4.47322029370967e-20,1.11031954682902e-17,"ENSG00000085840","ORC1","Up","Significant"
"ENSG00000232762",0.843007519350327,1.63510915669276,1.01051885626815,0.00414709541783669,0.0199662385569382,"ENSG00000232762","ENSG00000232762","Up","Significant"
"ENSG00000174332",1.45699311623862,1.64768750695485,0.787501689588681,0.00231564431547299,0.0127539325061118,"ENSG00000174332","GLIS1","Up","Significant"
"ENSG00000116133",572.523678058704,1.24791790903529,0.232908923414093,1.19339676455449e-08,4.47811110677002e-07,"ENSG00000116133","DHCR24","Up","Significant"
"ENSG00000162399",1.80524276443368,1.52566474593078,0.642518095091615,0.00129669320980835,0.00801676988329667,"ENSG00000162399","BSND","Up","Significant"
"ENSG00000169174",1.53934769533538,2.20279430980061,0.7905266170624,0.000296032563491547,0.00247931896276887,"ENSG00000169174","PCSK9","Up","Significant"
"ENSG00000234810",7.650014592818,1.8614766094314,0.392611738772348,1.5941688726085e-07,4.36073508181536e-06,"ENSG00000234810","ENSG00000234810","Up","Significant"
"ENSG00000260971",1.6993270144004,1.5108201771841,0.857384729894008,0.0043651365612636,0.0207830862505516,"ENSG00000260971","ENSG00000260971","Up","Significant"
"ENSG00000162409",1.07759757075913,1.16388096031186,1.28688592483667,0.0137571143144582,0.0498202900208776,"ENSG00000162409","PRKAA2","Up","Significant"
"ENSG00000232453",7.99737245049921,1.31334869159539,0.286168181065354,5.34787906724109e-07,1.2248945978413e-05,"ENSG00000232453","LINC02777","Up","Significant"
"ENSG00000237352",12.4639437447157,1.55451906284976,0.279609139877155,2.77350841704048e-09,1.2293319252197e-07,"ENSG00000237352","ENSG00000237352","Up","Significant"
"ENSG00000226476",3.75138513118161,2.08709467245121,0.571552096945046,1.63336825415842e-05,0.000226635763265402,"ENSG00000226476","LINC01748","Up","Significant"
"ENSG00000237928",1.07990663123644,2.42307469647926,0.800662771732946,5.72955497609068e-05,0.000644267307697392,"ENSG00000237928","NFIA-AS2","Up","Significant"
"ENSG00000132854",1.78858796483287,1.21052405077382,0.790718915541756,0.00859442677768835,0.0349970405752289,"ENSG00000132854","KANK4","Up","Significant"
"ENSG00000224209",1.70634740980195,1.28596997953609,0.774614641827942,0.00655190405336941,0.0284941924626029,"ENSG00000224209","LINC00466","Up","Significant"
"ENSG00000223949",1.19208838418841,2.19714555469043,0.82541865987135,0.000263278267059951,0.00225862556346951,"ENSG00000223949","ROR1-AS1","Up","Significant"
"ENSG00000158966",23.5083440453199,-1.20423083400788,0.45802928212856,0.000844970685333256,0.0057327642629747,"ENSG00000158966","CACHD1","Down","Significant"
"ENSG00000272506",18.1996233320861,1.35278606874143,0.275294809224314,1.00966380765426e-07,2.9522534494491e-06,"ENSG00000272506","ENSG00000272506","Up","Significant"
"ENSG00000118473",4.35400407647818,1.31042684226989,0.503082649164345,0.000789238871786398,0.00543944988784254,"ENSG00000118473","SGIP1","Up","Significant"
"ENSG00000152760",8.7000805401446,2.5502759667851,0.523470137157511,6.34710191423355e-08,1.9584257646782e-06,"ENSG00000152760","DYNLT5","Up","Significant"
"ENSG00000203963",0.800902856303786,2.91269347770276,1.27273284716018,0.00107226062647621,0.00693725925963771,"ENSG00000203963","C1orf141","Up","Significant"
"ENSG00000275678",0.78588238781832,2.29847722181991,1.14281990749684,0.00182101368259757,0.0105371002400556,"ENSG00000275678","ENSG00000275678","Up","Significant"
"ENSG00000162594",23.1625622830683,-1.7090892487378,0.374483465958049,4.08575044504899e-07,9.77924369022475e-06,"ENSG00000162594","IL23R","Down","Significant"
"ENSG00000024526",18.9091088488936,3.3977424401412,0.338725009900902,9.85862020227953e-25,3.93276790902601e-22,"ENSG00000024526","DEPDC1","Up","Significant"
"ENSG00000050628",9.0175158511815,1.99085656176342,0.462390212340344,1.06522070386587e-06,2.21155393840405e-05,"ENSG00000050628","PTGER3","Up","Significant"
"ENSG00000286863",1.22354674990598,1.78219544644432,0.965348456850621,0.00252976449154418,0.0136659484680242,"ENSG00000286863","ENSG00000286863","Up","Significant"
"ENSG00000229636",0.813500487395061,2.58461587602257,1.61670887161658,0.00698762828884732,0.029957578855039,"ENSG00000229636","KRT8P21","Up","Significant"
"ENSG00000178965",6.22322660579759,1.61667337612494,0.563797949507832,0.000283142690419873,0.00239894523723881,"ENSG00000178965","ERICH3","Up","Significant"
"ENSG00000117069",1.08026975872876,1.33028243235898,1.07373612085669,0.00803605725161918,0.0332979154747752,"ENSG00000117069","ST6GALNAC5","Up","Significant"
"ENSG00000162614",111.411065100663,1.12795258472654,0.290247325275268,1.4011132427933e-05,0.000199957000224705,"ENSG00000162614","NEXN","Up","Significant"
"ENSG00000122420",6.97133755165779,1.42066351179854,0.455257016390184,0.000153950654296625,0.00145562428747901,"ENSG00000122420","PTGFR","Up","Significant"
"ENSG00000137959",1410.54077905549,2.13883970249419,0.593693190381641,1.80779824577621e-05,0.000247053472339783,"ENSG00000137959","IFI44L","Up","Significant"
"ENSG00000137965",692.891839373102,1.10498856745673,0.326595858945623,9.55438235127968e-05,0.000984192432244177,"ENSG00000137965","IFI44","Up","Significant"
"ENSG00000117114",2.8589192544001,1.72887901891928,0.719450296862427,0.000961049597467492,0.00635936235417421,"ENSG00000117114","ADGRL2","Up","Significant"
"ENSG00000233290",0.845451366775016,1.38330445419318,1.21070895856838,0.00923339252130583,0.0370224703062616,"ENSG00000233290","ENSG00000233290","Up","Significant"
"ENSG00000137941",24.5379479042942,2.42369066754919,0.342483543730686,9.64886013141862e-14,1.07774551381236e-11,"ENSG00000137941","TTLL7","Up","Significant"
"ENSG00000171502",31.7463960667198,1.01623781085933,0.190689936403406,1.71987614272668e-08,6.20358769285558e-07,"ENSG00000171502","COL24A1","Up","Significant"
"ENSG00000016490",0.786807631231014,1.80439596416773,1.61574504169684,0.00975509070649854,0.0386295597357669,"ENSG00000016490","CLCA1","Up","Significant"
"ENSG00000284240",1.17891842406288,1.45764334234767,0.908549774807791,0.00533667669269083,0.0243301631694391,"ENSG00000284240","LINC02801","Up","Significant"
"ENSG00000237505",6.94889229368351,1.06866316716083,0.315859607940513,0.000101571083866785,0.00103419794873658,"ENSG00000237505","PKN2-AS1","Up","Significant"
"ENSG00000235308",0.800626831584462,1.23215086565384,1.22422134934103,0.0120745746366442,0.0452783036592781,"ENSG00000235308","ENSG00000235308","Up","Significant"
"ENSG00000287372",1.06118157619886,1.6214441658389,1.57202737748932,0.00889998783903341,0.0360180788041269,"ENSG00000287372","ENSG00000287372","Up","Significant"
"ENSG00000137948",1.88134940782561,1.06554831631081,0.597803608499799,0.00769212817765601,0.0322638031174209,"ENSG00000137948","BRDT","Up","Significant"
"ENSG00000287797",1.44007471501852,2.39749933185337,0.700236351647366,2.52286386006732e-05,0.00032627805900037,"ENSG00000287797","LOC124904219","Up","Significant"
"ENSG00000198691",4.02245157546074,1.93752087889898,0.574657965824199,4.77776834385655e-05,0.000554164899391793,"ENSG00000198691","ABCA4","Up","Significant"
"ENSG00000117525",21.7003445839017,1.67810725447381,0.473700153716109,2.83401952872247e-05,0.00036012575042837,"ENSG00000117525","F3","Up","Significant"
"ENSG00000152078",14.9057459882974,1.62873373928358,0.520478360880561,0.000123526508611822,0.00121921937469029,"ENSG00000152078","TLCD4","Up","Significant"
"ENSG00000162627",20.2040747217122,2.19365781272168,0.51284417606033,1.08498214413777e-06,2.2458163062449e-05,"ENSG00000162627","SNX7","Up","Significant"
"ENSG00000232825",1.43697744703748,1.60205145426586,0.803159735304199,0.00289308202677598,0.01515464837193,"ENSG00000232825","PLPPR5-AS1","Up","Significant"
"ENSG00000099260",1.63122005407281,3.44210788012296,0.868458729961155,4.44069653988349e-07,1.04570133770173e-05,"ENSG00000099260","PALMD","Up","Significant"
"ENSG00000118733",1.16234407957698,2.15466810977905,0.855064015982924,0.000456823733090907,0.00349890433648988,"ENSG00000118733","OLFM3","Up","Significant"
"ENSG00000060718",1.83362131133579,2.26997285480383,0.623596909586332,2.34437265091578e-05,0.000307105485377391,"ENSG00000060718","COL11A1","Up","Significant"
"ENSG00000237480",1.54128884478306,1.13598040121974,0.943451223333407,0.013301050306174,0.0485887817191306,"ENSG00000237480","ENSG00000237480","Up","Significant"
"ENSG00000162641",0.920478547220927,1.10277784215457,0.81399890671301,0.0135256364786364,0.0491626589394324,"ENSG00000162641","AKNAD1","Up","Significant"
"ENSG00000221986",0.848628446657321,2.48363553817985,1.14259413116346,0.00119221126288703,0.00753769947322291,"ENSG00000221986","MYBPHL","Up","Significant"
"ENSG00000134201",13.4942877995308,3.05706764225097,0.516944835079437,1.75103934530356e-10,1.05721761120319e-08,"ENSG00000134201","GSTM5","Up","Significant"
"ENSG00000261055",10.8982474847262,1.53046717997848,0.366228527947077,2.60638796698238e-06,4.73887435624593e-05,"ENSG00000261055","ENSG00000261055","Up","Significant"
"ENSG00000197106",1.76227926836347,1.85474169092806,0.753604711209685,0.000844674191402277,0.00573191321986612,"ENSG00000197106","SLC6A17","Up","Significant"
"ENSG00000177301",17.5341023189861,1.14217792020502,0.217755539243739,2.25737236852844e-08,7.91237350387233e-07,"ENSG00000177301","KCNA2","Up","Significant"
"ENSG00000227811",5.85062372214521,1.15787995769393,0.501847173149779,0.00210485366051591,0.0117926001187473,"ENSG00000227811","INKA2-AS1","Up","Significant"
"ENSG00000231437",5.3188410445997,1.09947237259383,0.464438535804968,0.00202988265592484,0.0114626454191752,"ENSG00000231437","LINC01750","Up","Significant"
"ENSG00000116748",1.21178158812907,1.61571167797671,0.975263819964272,0.00519306629152692,0.0237919686030593,"ENSG00000116748","AMPD1","Up","Significant"
"ENSG00000173212",3.30520595467447,1.10848892290719,0.65049541553432,0.00754012638407121,0.0317694071424421,"ENSG00000173212","MAB21L3","Up","Significant"
"ENSG00000134258",0.695228107402377,1.63456751752802,1.57390933636888,0.0127699863303628,0.0470747493887927,"ENSG00000134258","VTCN1","Up","Significant"
"ENSG00000213262",1.0649431555413,1.83577159298551,0.748960394785933,0.000730787095180056,0.00511123873353966,"ENSG00000213262","ENSG00000213262","Up","Significant"
"ENSG00000092607",1.53511864786734,1.13943095538387,0.956896951293095,0.0133987616225638,0.0488073815860951,"ENSG00000092607","TBX15","Up","Significant"
"ENSG00000203857",0.757492467384719,3.65562172835317,1.47717637534579,0.000656129313529335,0.00467891831603628,"ENSG00000203857","HSD3B1","Up","Significant"
"ENSG00000092621",194.862553178229,1.36959121412667,0.189539645655346,5.52938060551214e-14,6.43347273298980e-12,"ENSG00000092621","PHGDH","Up","Significant"
"ENSG00000134249",0.572846956936699,2.97792959521946,1.63555295759762,0.00750668135990475,0.031656353597917,"ENSG00000134249","ADAM30","Up","Significant"
"ENSG00000188610",9.55253069379572,2.08487206887536,0.320684486504809,6.32536320784138e-12,5.23349619090264e-10,"ENSG00000188610","FAM72B","Up","Significant"
"ENSG00000265531",26.5857127399427,1.33477212537532,0.387942941111432,5.61343137952251e-05,0.000633548238788885,"ENSG00000265531","FCGR1CP","Up","Significant"
"ENSG00000263513",2.33373343645967,2.23994329903269,0.600957798811505,1.43666382810688e-05,0.000203815276105137,"ENSG00000263513","FAM72C","Up","Significant"
"ENSG00000227212",1.21847148739882,-1.12716354389098,0.874722487467807,0.0127085565646413,0.0469176616977016,"ENSG00000227212","ENSG00000227212","Down","Significant"
"ENSG00000215784",2.53315614524179,1.40415721192946,0.503442974077868,0.000486267812093652,0.00368317091217138,"ENSG00000215784","FAM72D","Up","Significant"
"ENSG00000283342",1.4826100146896,1.45474897478544,0.794989535389225,0.00427408054674471,0.0204454197060483,"ENSG00000283342","ENSG00000283342","Up","Significant"
"ENSG00000227733",0.814151226071076,1.47642383222496,1.09396835041617,0.00732841465929344,0.0310609469792896,"ENSG00000227733","LOC101927468","Up","Significant"
"ENSG00000150337",308.405589788435,1.41236751707326,0.320238314349545,1.01989562973623e-06,2.13485335954052e-05,"ENSG00000150337","FCGR1A","Up","Significant"
"ENSG00000270882",8.84525211802424,1.78207075657775,0.469569261163866,1.03333455814327e-05,0.000154580391557244,"ENSG00000270882","H4C14","Up","Significant"
"ENSG00000184678",791.498434025526,1.63733526274098,0.217029137830748,4.69483159584482e-15,6.44750458791656e-13,"ENSG00000184678","H2BC21","Up","Significant"
"ENSG00000143369",19.1950008120294,1.88787908316931,0.356870837595184,9.1474715073779e-09,3.54361413573094e-07,"ENSG00000143369","ECM1","Up","Significant"
"ENSG00000231073",1.58885729128572,1.0661666724305,0.513145370836216,0.00477904860050273,0.0222758574981563,"ENSG00000231073","ENSG00000231073","Up","Significant"
"ENSG00000143416",265.237344581746,5.77207028767164,0.866317646762505,1.11946007153835e-12,1.06662652606797e-10,"ENSG00000143416","SELENBP1","Up","Significant"
"ENSG00000237975",3.00629854545716,1.81540194021175,0.537808201424873,5.54644476161946e-05,0.000627679221604548,"ENSG00000237975","ENSG00000237975","Up","Significant"
"ENSG00000143631",2.74797384785989,2.09082731213718,0.588959595170097,2.73671276106921e-05,0.00034921747109927,"ENSG00000143631","FLG","Up","Significant"
"ENSG00000163218",1.12800246718425,2.24126625506275,1.00159475536924,0.000833719290994769,0.00567365956985047,"ENSG00000163218","PGLYRP4","Up","Significant"
"ENSG00000163220",73307.917441861,1.58376907250472,0.295069597719632,9.44339837002778e-09,3.64560870946153e-07,"ENSG00000163220","S100A9","Up","Significant"
"ENSG00000163221",3699.88867390317,2.3729518354694,0.426248629026659,1.81621699095572e-09,8.49994624999095e-08,"ENSG00000163221","S100A12","Up","Significant"
"ENSG00000143546",42813.0666962485,1.81720931033611,0.318771058015608,9.38385050754965e-10,4.74273675199821e-08,"ENSG00000143546","S100A8","Up","Significant"
"ENSG00000196754",3.80619533646919,1.47018231141989,0.403777143349529,2.63330043078491e-05,0.00033795198826186,"ENSG00000196754","S100A2","Up","Significant"
"ENSG00000285867",1.51263696127397,1.39815828832624,0.860816960708342,0.00605126397196049,0.02684652514715,"ENSG00000285867","ENSG00000285867","Up","Significant"
"ENSG00000169418",1.54476646657962,1.78627581107851,0.798821692408325,0.0015756992646899,0.00936372902762724,"ENSG00000169418","NPR1","Up","Significant"
"ENSG00000143545",7.13334331735256,1.18407752060585,0.396464946443823,0.000314219473232967,0.00259723244414492,"ENSG00000143545","RAB13","Up","Significant"
"ENSG00000143595",72.8225787351434,1.74840991890618,0.376848302541369,2.64081623554111e-07,6.72590479620694e-06,"ENSG00000143595","AQP10","Up","Significant"
"ENSG00000169291",8.72182588819556,1.31138771530176,0.437037734777747,0.000246911331716673,0.00214124011762267,"ENSG00000169291","SHE","Up","Significant"
"ENSG00000286391",0.531824167758368,4.85484438435096,2.41416455700225,0.00210349389558601,0.0117889240587375,"ENSG00000286391","LOC107985206","Up","Significant"
"ENSG00000143603",71.7495207848087,3.83448417155771,0.358777759957778,6.56785939446534e-28,3.66804000748565e-25,"ENSG00000143603","KCNN3","Up","Significant"
"ENSG00000143627",1.64096605582123,2.28708635187102,0.836686687490794,0.000345227054078581,0.00280102018283757,"ENSG00000143627","PKLR","Up","Significant"
"ENSG00000132677",1.84915675361261,1.05772174880393,0.741294584142659,0.0124852132085745,0.0463107381941296,"ENSG00000132677","RHBG","Up","Significant"
"ENSG00000237390",0.914886588703529,1.13871451710008,0.994085031909195,0.0132584928308041,0.0484914687041493,"ENSG00000237390","ENSG00000237390","Up","Significant"
"ENSG00000260460",0.759567545597971,1.58048964257647,0.876322835102692,0.0029678522846776,0.015454802248906,"ENSG00000260460","ENSG00000260460","Up","Significant"
"ENSG00000183856",10.7253328911722,2.65654594056723,0.448080143050335,1.80945040147744e-10,1.08856146325148e-08,"ENSG00000183856","IQGAP3","Up","Significant"
"ENSG00000132692",2.60556493043005,1.59353913327469,0.518948620966487,0.000187084625833981,0.00170261236476667,"ENSG00000132692","BCAN","Up","Significant"
"ENSG00000272405",0.750763389540786,3.64439980701549,1.51777089051209,0.00104724481709162,0.00681135997203476,"ENSG00000272405","ENSG00000272405","Up","Significant"
"ENSG00000132688",1.02706127461691,4.18685496244378,1.49492141771242,0.000150091102296197,0.00142678092109028,"ENSG00000132688","NES","Up","Significant"
"ENSG00000187800",285.64006646198,2.02361543848751,0.347529567108605,4.1774175524872e-10,2.31373693828585e-08,"ENSG00000187800","PEAR1","Up","Significant"
"ENSG00000160838",1.80608468523382,1.82707749995799,0.667823740975575,0.000433169635462365,0.00334757410394566,"ENSG00000160838","LRRC71","Up","Significant"
"ENSG00000229961",8.40724307850089,-1.02325147280024,0.337082598382059,0.000350350670394022,0.00282747506493427,"ENSG00000229961","ENSG00000229961","Down","Significant"
"ENSG00000271736",4.37142367221105,3.06800180023048,0.75702847543263,2.55021176775835e-06,4.65441427700515e-05,"ENSG00000271736","LINC02772","Up","Significant"
"ENSG00000163518",3.67749534741358,2.84235178304,0.605156251015126,1.96243629038589e-07,5.21485151899611e-06,"ENSG00000163518","FCRL4","Up","Significant"
"ENSG00000073754",3.3435298688328,3.17260122460623,0.67128243513473,1.91263214278226e-07,5.10680402171242e-06,"ENSG00000073754","CD5L","Up","Significant"
"ENSG00000183853",1.98558146298371,2.2104811204186,0.622429663208645,2.95968975162659e-05,0.000373545174716593,"ENSG00000183853","KIRREL1","Up","Significant"
"ENSG00000180708",1.3590209696931,2.38549830889387,1.21878393265775,0.00161347164613222,0.00953541823461105,"ENSG00000180708","OR10K2","Up","Significant"
"ENSG00000163554",19.4603295409003,3.07567679226671,0.542525000540978,7.4980638726812e-10,3.92582222358866e-08,"ENSG00000163554","SPTA1","Up","Significant"
"ENSG00000203757",0.710007895310191,2.01984167310309,1.22665950911108,0.00465264620040791,0.0218049680460795,"ENSG00000203757","OR6K3","Up","Significant"
"ENSG00000018625",2.86433341506066,1.07900880243186,0.521358033216139,0.00425771971634713,0.0203875292905224,"ENSG00000018625","ATP1A2","Up","Significant"
"ENSG00000248485",1.25430908590539,1.75218742360714,0.828060396056182,0.00186873001614175,0.0107519358020079,"ENSG00000248485","PCP4L1","Up","Significant"
"ENSG00000185860",0.59277800202832,1.63801003066221,1.29841656494712,0.0113322604687471,0.0431457716762401,"ENSG00000185860","CCDC190","Up","Significant"
"ENSG00000117152",0.807351688960218,1.7447017634851,1.23859514637101,0.00626240611429504,0.0275173048103741,"ENSG00000117152","RGS4","Up","Significant"
"ENSG00000143228",54.5584673178953,2.02135850759899,0.207583982118396,1.72715340065359e-23,5.90563094923482e-21,"ENSG00000143228","NUF2","Up","Significant"
"ENSG00000185630",49.0932873181736,1.17364658850358,0.297401873770571,1.00544772370899e-05,0.000151150954570501,"ENSG00000185630","PBX1","Up","Significant"
"ENSG00000225325",0.736676967320319,1.79772947384937,1.01140869067155,0.0030277244298914,0.0157052659320791,"ENSG00000225325","ENSG00000225325","Up","Significant"
"ENSG00000143195",8.11619058840221,1.03822383308639,0.338934938909698,0.000315381360284112,0.00260490855355196,"ENSG00000143195","ILDR2","Up","Significant"
"ENSG00000198842",1.52734226732427,2.11364682168084,0.847303279655555,0.000632724021318284,0.00454392396707123,"ENSG00000198842","STYXL2","Up","Significant"
"ENSG00000143199",3.29290970041709,1.42123844659182,0.483682541305162,0.000294017622891873,0.00246614180863173,"ENSG00000143199","ADCY10","Up","Significant"
"ENSG00000228697",1.53113020093455,1.16195313273156,0.592993090908949,0.00511975426962729,0.0235236316770795,"ENSG00000228697","LOC101928565","Up","Significant"
"ENSG00000225826",0.653861643469419,1.8805047862095,1.19489740783215,0.00562416875710499,0.0253306815701386,"ENSG00000225826","LINC00626","Up","Significant"
"ENSG00000117479",83.4116650144754,-1.11925521699347,0.285669867418321,1.19260400067239e-05,0.000174663319311762,"ENSG00000117479","SLC19A2","Down","Significant"
"ENSG00000174175",647.15071616473,2.38838618489045,0.34588281733896,3.31811886239334e-13,3.43169274567711e-11,"ENSG00000174175","SELP","Up","Significant"
"ENSG00000203740",0.856317763246235,1.55793624776691,1.08971712580199,0.00562288726531587,0.0253283142053326,"ENSG00000203740","NTMT2","Up","Significant"
"ENSG00000233985",1.06350898927935,1.75951603552126,0.996041784978355,0.0027739049130577,0.0146818480068947,"ENSG00000233985","LINC01681","Up","Significant"
"ENSG00000117586",137.519985186388,1.07768450518625,0.308782224693857,6.63495954665216e-05,0.000722557229277762,"ENSG00000117586","TNFSF4","Up","Significant"
"ENSG00000162753",0.982428117531725,1.73202956951295,1.16780493111759,0.00446305870561528,0.0211322077386551,"ENSG00000162753","SLC9C2","Up","Significant"
"ENSG00000183831",1.07187192986913,1.97249186407403,1.13281886550541,0.0025531387815369,0.013772235581217,"ENSG00000183831","ANKRD45","Up","Significant"
"ENSG00000116183",3.55842546810559,1.41483065948003,0.765721828582814,0.00381457468672386,0.0187093944931835,"ENSG00000116183","PAPPA2","Up","Significant"
"ENSG00000152092",2.36404361427421,2.6249528043615,0.75726663063868,3.36908637671631e-05,0.000415818472918552,"ENSG00000152092","ASTN1","Up","Significant"
"ENSG00000198797",1.2296384950495,1.49944620809982,1.00681852432557,0.00643682600421325,0.0280921597519122,"ENSG00000198797","BRINP2","Up","Significant"
"ENSG00000236539",3.34476842135401,1.20734860823596,0.528268352167255,0.0021331830899611,0.0119284697952639,"ENSG00000236539","ENSG00000236539","Up","Significant"
"ENSG00000162782",0.958962289186704,4.31457279887763,1.30392213691652,6.66944874732028e-07,1.48693651413144e-05,"ENSG00000162782","TDRD5","Up","Significant"
"ENSG00000264916",2.44371435187562,1.00349484940467,0.470474532461413,0.00433137607183773,0.0206516904939116,"ENSG00000264916","RN7SL230P","Up","Significant"
"ENSG00000198216",5.92285346134188,1.83014721191651,0.462907085034602,5.14902909127975e-06,8.51622980353866e-05,"ENSG00000198216","CACNA1E","Up","Significant"
"ENSG00000135862",236.369577749005,1.53948169944278,0.26719201925129,7.92301304263477e-10,4.10343499297757e-08,"ENSG00000135862","LAMC1","Up","Significant"
"ENSG00000058085",1.97879381103893,1.17143226223653,0.765072102586677,0.00889031292450897,0.0359880557321988,"ENSG00000058085","LAMC2","Up","Significant"
"ENSG00000157064",3.6344617775558,1.8601508429901,0.510333125769069,1.90456854168144e-05,0.000258067882180362,"ENSG00000157064","NMNAT2","Up","Significant"
"ENSG00000143341",7.93048324466988,1.80853679503944,0.469219956597842,7.85632173052646e-06,0.000123075027988879,"ENSG00000143341","HMCN1","Up","Significant"
"ENSG00000162670",0.798363931382089,2.96662909262174,1.19022888081593,0.000438071883503542,0.00337689228072698,"ENSG00000162670","BRINP3","Up","Significant"
"ENSG00000228687",0.604870113835292,2.14723681337179,1.45892336911098,0.00932788592697831,0.0373216081983993,"ENSG00000228687","ENSG00000228687","Up","Significant"
"ENSG00000233057",1.61310189504819,-1.07995659178591,0.71838011298552,0.0117828055512082,0.0444228207938158,"ENSG00000233057","EEF1A1P14","Down","Significant"
"ENSG00000162687",2.26534160976089,2.51671970010131,0.777285790856699,7.2610292269509e-05,0.000781985082495297,"ENSG00000162687","KCNT2","Up","Significant"
"ENSG00000066279",83.6454731040495,2.85982047841927,0.227058851537573,1.63630874526643e-37,3.04617054139628e-34,"ENSG00000066279","ASPM","Up","Significant"
"ENSG00000233040",0.871664523063366,1.28956030383566,1.05461624878828,0.00963699455203545,0.0382840605150155,"ENSG00000233040","ENSG00000233040","Up","Significant"
"ENSG00000143355",1.35449170366896,1.76031149712585,0.899462159405367,0.00225459111104917,0.0124874534777102,"ENSG00000143355","LHX9","Up","Significant"
"ENSG00000116833",2.33984557562108,1.51488266139411,0.588546750408052,0.00076450730108919,0.00529404322219419,"ENSG00000116833","NR5A2","Up","Significant"
"ENSG00000118193",35.559690500504,2.50094035150294,0.258011401435929,2.54964807314241e-23,8.52329956684217e-21,"ENSG00000118193","KIF14","Up","Significant"
"ENSG00000260088",1.13206007753104,2.43505585720636,0.798921077034881,4.8368292422238e-05,0.00056023958201755,"ENSG00000260088","DDX59-AS1","Up","Significant"
"ENSG00000163362",3.34504123575506,2.2807371317654,0.546946842722418,2.19448211703675e-06,4.10122148688146e-05,"ENSG00000163362","INAVA","Up","Significant"
"ENSG00000081248",1.57638431798094,2.59139589051494,0.692232729635424,7.0784446364668e-06,0.000112306629414473,"ENSG00000081248","CACNA1S","Up","Significant"
"ENSG00000163395",2.98485310867136,1.88568501906725,0.660852503357904,0.000249270542404472,0.00216002239602572,"ENSG00000163395","IGFN1","Up","Significant"
"ENSG00000081277",1.30374258153188,1.36177878765803,0.674134368247369,0.0036597151588666,0.0181368024053684,"ENSG00000081277","PKP1","Up","Significant"
"ENSG00000118194",1.24009991145925,1.50563526715836,0.793912372980476,0.00382856749950946,0.0187696094977469,"ENSG00000118194","TNNT2","Up","Significant"
"ENSG00000159173",1.98133882852842,2.36561742713999,0.661441969824395,2.62988782203178e-05,0.00033777275212136,"ENSG00000159173","TNNI1","Up","Significant"
"ENSG00000174307",25.0084499829332,1.31842594148729,0.298822239668988,1.14069203526914e-06,2.33925638983071e-05,"ENSG00000174307","PHLDA3","Up","Significant"
"ENSG00000077152",79.4396310948717,1.47897657109521,0.172164937557783,9.66269290484715e-19,2.0889495261195e-16,"ENSG00000077152","UBE2T","Up","Significant"
"ENSG00000214796",1.8633641382706,1.75838877743313,0.660590434574985,0.000548710703202375,0.00406626117878217,"ENSG00000214796","ENSG00000214796","Up","Significant"
"ENSG00000143847",76.5129937162589,-1.0182786793176,0.391294094020835,0.00123774312889307,0.00775098757355223,"ENSG00000143847","PPFIA4","Down","Significant"
"ENSG00000163485",14.5061834984051,-2.31487222146114,0.478500939343235,8.33834703410588e-08,2.49028227064041e-06,"ENSG00000163485","ADORA1","Down","Significant"
"ENSG00000188783",1.37575541598174,1.9921354647096,0.775824801995211,0.000592108417451779,0.00430202969652898,"ENSG00000188783","PRELP","Up","Significant"
"ENSG00000286572",0.580810596150918,1.82144730401246,1.14639169133582,0.00610736405622507,0.0270060256215421,"ENSG00000286572","ENSG00000286572","Up","Significant"
"ENSG00000143839",0.811160835096763,1.2643740392762,1.23400239596568,0.0113345669780353,0.0431457716762401,"ENSG00000143839","REN","Up","Significant"
"ENSG00000163531",6.8308726671306,1.13181417408167,0.398187262227627,0.00052832742148611,0.00394029013277945,"ENSG00000163531","NFASC","Up","Significant"
"ENSG00000184144",5.17858761292892,1.28075699442548,0.508061170234477,0.00103680259412299,0.00675274842298775,"ENSG00000184144","CNTN2","Up","Significant"
"ENSG00000133069",248.896149248743,1.91819321017981,0.339505791622129,1.1988183552212e-09,5.82191366160971e-08,"ENSG00000133069","TMCC2","Up","Significant"
"ENSG00000162873",8.06258341532806,2.75378430809891,0.809434592589739,2.89599445761163e-05,0.000366472350000408,"ENSG00000162873","KLHDC8A","Up","Significant"
"ENSG00000174502",1.39928235052127,1.52942334851468,0.801146663582822,0.00357203208284124,0.0178064895959427,"ENSG00000174502","SLC26A9","Up","Significant"
"ENSG00000196188",2.11900594889039,3.79624670979512,0.969140811471101,9.35788915434877e-07,1.98464245362704e-05,"ENSG00000196188","CTSE","Up","Significant"
"ENSG00000263961",6.55706467947499,1.67216719267372,0.362369086290966,3.48135617102516e-07,8.5275412233101e-06,"ENSG00000263961","RHEX","Up","Significant"
"ENSG00000198049",1.25422333684208,2.34986985518449,0.774983084237491,7.2937037374728e-05,0.000785109921422988,"ENSG00000198049","AVPR1B","Up","Significant"
"ENSG00000196550",11.7094993588924,1.65769435242158,0.256814479948996,8.74637071633096e-12,7.11364408576539e-10,"ENSG00000196550","FAM72A","Up","Significant"
"ENSG00000182795",26.4786725449609,1.06050259175673,0.448983107000986,0.00212663376554547,0.0119026842909075,"ENSG00000182795","C1orf116","Up","Significant"
"ENSG00000174059",34.3443467515185,1.56464041244024,0.441429375385107,3.0794612090416e-05,0.000385900021143512,"ENSG00000174059","CD34","Up","Significant"
"ENSG00000082497",1.24370226976283,2.28284996475203,0.82544565964177,0.000183179342347808,0.00167526107607333,"ENSG00000082497","SERTAD4","Up","Significant"
"ENSG00000287354",0.734192717818113,2.31296440830382,1.7174836358953,0.0110783322479542,0.0424498382271809,"ENSG00000287354","LOC124904503","Up","Significant"
"ENSG00000117650",33.2633440364628,2.69584923171556,0.290859817299047,1.31063744149737e-21,3.65984583559461e-19,"ENSG00000117650","NEK2","Up","Significant"
"ENSG00000143476",139.163139567093,3.04781588162359,0.24235130818596,1.78876071017987e-37,3.15471487565353e-34,"ENSG00000143476","DTL","Up","Significant"
"ENSG00000162772",998.914570877137,-1.22516944416849,0.521056984857698,0.00163476354526372,0.009637454545785,"ENSG00000162772","ATF3","Down","Significant"
"ENSG00000230461",1.88600460475141,2.05243896901497,0.874161744730027,0.000968886297443929,0.00639984445910677,"ENSG00000230461","PROX1-AS1","Up","Significant"
"ENSG00000117707",3.14249859975384,1.79639685053953,0.677550023645818,0.000467733890101874,0.00356697654151655,"ENSG00000117707","PROX1","Up","Significant"
"ENSG00000117724",138.200905968804,2.04386241462138,0.215962723799087,2.23027837511423e-22,6.85636679556907e-20,"ENSG00000117724","CENPF","Up","Significant"
"ENSG00000042781",4.4471032121036,2.10506682573564,0.642849889508612,5.86418744468442e-05,0.000655233730228921,"ENSG00000042781","USH2A","Up","Significant"
"ENSG00000196482",2.75785481035932,1.87280535027398,0.671022827917411,0.000316757004997856,0.00261562604250201,"ENSG00000196482","ESRRG","Up","Significant"
"ENSG00000162814",2.50551704465267,1.56358055948839,0.537386524023744,0.000303569101535102,0.00252790681494527,"ENSG00000162814","SPATA17","Up","Significant"
"ENSG00000196660",1.79409647621703,2.80583340304359,0.694759835440099,1.92763703203891e-06,3.67842763704965e-05,"ENSG00000196660","SLC30A10","Up","Significant"
"ENSG00000233012",0.853215133555926,2.16934791062871,1.01292281234264,0.00130773913056667,0.00807760931357759,"ENSG00000233012","HDAC1P2","Up","Significant"
"ENSG00000136630",207.369034546472,1.36501612226658,0.307743196362088,9.86590991729237e-07,2.07530932466133e-05,"ENSG00000136630","HLX","Up","Significant"
"ENSG00000236230",1.58417434026077,2.19481604664198,0.811406821736782,0.000329654987556726,0.00270149400294408,"ENSG00000236230","ENSG00000236230","Up","Significant"
"ENSG00000234476",2.90176446081513,1.10516429874893,0.397105117045136,0.000720599343881406,0.00505555796503669,"ENSG00000234476","ENSG00000234476","Up","Significant"
"ENSG00000143768",2.70167626508449,1.44261791029168,0.535393007749185,0.000609359121821325,0.00440254739394368,"ENSG00000143768","LEFTY2","Up","Significant"
"ENSG00000185155",13.6422230767987,3.14460147733397,0.444959547397189,1.08263634843106e-13,1.1933572828808e-11,"ENSG00000185155","MIXL1","Up","Significant"
"ENSG00000203685",2.73852060300841,1.78616183651707,0.67110861948336,0.000486928144474211,0.00368733902670877,"ENSG00000203685","STUM","Up","Significant"
"ENSG00000143776",53.7187717502028,1.75924014318699,0.264512667527546,2.39077059632515e-12,2.12499554143925e-10,"ENSG00000143776","CDC42BPA","Up","Significant"
"ENSG00000228729",0.878118778981815,3.86112174254442,1.57318856867312,0.000957444458371319,0.0063392622714018,"ENSG00000228729","LOC100418874","Up","Significant"
"ENSG00000143816",1.11670857683681,2.36760046612374,0.879980495813417,0.000202643987252558,0.00181561426974491,"ENSG00000143816","WNT9A","Up","Significant"
"ENSG00000154342",0.743014707264494,2.20851449318706,1.15369052635721,0.00250123092512724,0.0135577073875912,"ENSG00000154342","WNT3A","Up","Significant"
"ENSG00000223393",0.736640484171163,1.45332508326261,1.34170781789578,0.011305400918262,0.0430638489678347,"ENSG00000223393","ENSG00000223393","Up","Significant"
"ENSG00000119283",2.17420308211654,1.82502669399922,0.629551241176121,0.000264403440929768,0.00226653745257498,"ENSG00000119283","TRIM67","Up","Significant"
"ENSG00000229228",1.47853213314111,1.64509056962406,0.6744701961981,0.00115167385429351,0.00734159079902545,"ENSG00000229228","ENSG00000229228","Up","Significant"
"ENSG00000228044",3.45245414741394,1.02602633922291,0.43678774083941,0.00244203493680373,0.013299610341932,"ENSG00000228044","LOC101927787","Up","Significant"
"ENSG00000280587",1.01012935688727,1.52060314096361,0.859356143233391,0.00380402485302866,0.0186849998241186,"ENSG00000280587","LINC01348","Up","Significant"
"ENSG00000168243",3.22034511671047,1.30564251649714,0.501929530073684,0.000883213185945991,0.00593906580398167,"ENSG00000168243","GNG4","Up","Significant"
"ENSG00000198626",24.0929176831841,1.63533536119782,0.387334529695455,1.90467241882351e-06,3.63874960560759e-05,"ENSG00000198626","RYR2","Up","Significant"
"ENSG00000215808",0.797209983031041,2.18321179435108,1.33549593024086,0.00500384767669917,0.0230860352501561,"ENSG00000215808","LINC01139","Up","Significant"
"ENSG00000155816",2.79591534958944,1.67973300817393,0.710077194963706,0.00108227212983892,0.00698898762743736,"ENSG00000155816","FMN2","Up","Significant"
"ENSG00000231440",1.09623971189926,1.33804381970508,0.735564980674091,0.00553767617561011,0.025028593332684,"ENSG00000231440","ENSG00000231440","Up","Significant"
"ENSG00000286496",2.16664325429221,1.38485095865035,0.595175898111599,0.00164487587399633,0.00968684458027117,"ENSG00000286496","LOC124904601","Up","Significant"
"ENSG00000174371",53.4895876208296,2.55777147267161,0.27502463893874,9.77121490425419e-22,2.77477661209028e-19,"ENSG00000174371","EXO1","Up","Significant"
"ENSG00000272865",1.49603171482401,1.81186225205971,0.677974572781388,0.000570700739342529,0.00418918095829766,"ENSG00000272865","ENSG00000272865","Up","Significant"
"ENSG00000279774",0.785272551524866,1.21836118076134,1.21455614081615,0.0126344066733494,0.0467234756897185,"ENSG00000279774","ENSG00000279774","Up","Significant"
"ENSG00000173728",1.72301169069523,1.07224313138093,0.521880798914646,0.00478264803513221,0.022285682136623,"ENSG00000173728","SPMIP3","Up","Significant"
"ENSG00000227953",5.25629674441185,1.33120538507812,0.38172226846242,5.20345784761465e-05,0.000594485745024614,"ENSG00000227953","ENSG00000227953","Up","Significant"
"ENSG00000135747",0.700001750284353,1.37945728839622,1.24204835719346,0.0107430125005456,0.0414588973719663,"ENSG00000135747","ZNF670-ZNF695","Up","Significant"
"ENSG00000214144",0.643614302501148,1.62768732839737,1.43037493717076,0.0123358282093693,0.0460144761614729,"ENSG00000214144","ENSG00000214144","Up","Significant"
"ENSG00000286216",1.07687452734689,2.32446893829729,1.28861292194857,0.00284639755298451,0.014992130714077,"ENSG00000286216","ENSG00000286216","Up","Significant"
"ENSG00000177535",30.7657347033488,-1.10550124254481,0.557744636772442,0.00444783857560324,0.0210839755028843,"ENSG00000177535","OR2B11","Down","Significant"
"ENSG00000169224",12.9274227140388,1.89389203180386,0.427814131870168,6.66392339944329e-07,1.4866938028758e-05,"ENSG00000169224","GCSAML","Up","Significant"
"ENSG00000162722",1239.51378853461,2.76095905623017,0.357677085247395,6.86446980151091e-16,1.10058142860684e-13,"ENSG00000162722","TRIM58","Up","Significant"
"ENSG00000238243",63.5736289579736,2.42612094102201,0.476523395608381,2.07219236807391e-08,7.31686976415054e-07,"ENSG00000238243","OR2W3","Up","Significant"
"ENSG00000177462",1.38315654631695,1.75426786412499,0.615140122725335,0.000400498641434034,0.00314556084687176,"ENSG00000177462","OR2T8","Up","Significant"
"ENSG00000203663",2.81005576638488,1.14905601424307,0.545182285377905,0.0033389369360972,0.0169393546997246,"ENSG00000203663","OR2L2","Up","Significant"
"ENSG00000228198",1.4114599770583,2.47926560119889,0.86110504443822,0.000120454717590555,0.00119453007746135,"ENSG00000228198","OR2M3","Up","Significant"
"ENSG00000171180",0.792023333648785,2.7904296757839,1.34925983797096,0.00217199517297743,0.0121120629474623,"ENSG00000171180","OR2M4","Up","Significant"
"ENSG00000177212",1.41553233959285,1.71204774256237,0.689938273527531,0.00100141217012824,0.00657259987180805,"ENSG00000177212","OR2T33","Up","Significant"
"ENSG00000198104",0.826000040023496,2.27410516512827,1.27005405411182,0.0033068289695227,0.016806997109015,"ENSG00000198104","OR2T6","Up","Significant"
"ENSG00000186487",7.5067779909681,1.47255308095584,0.518266064420089,0.000343358593723036,0.00278856110447533,"ENSG00000186487","MYT1L","Up","Significant"
"ENSG00000237720",2.21179979555047,1.65617337243609,0.720011430716947,0.00134512774439043,0.00824773752731544,"ENSG00000237720","LOC105373390","Up","Significant"
"ENSG00000225234",25.687575502556,-1.07916100754626,0.40042231333679,0.000870193337090001,0.00586588383273966,"ENSG00000225234","ENSG00000225234","Down","Significant"
"ENSG00000287126",9.919484525846,1.17237709801449,0.31987506275138,3.07262691486945e-05,0.000385476058743394,"ENSG00000287126","LOC124907726","Up","Significant"
"ENSG00000237401",1.750918055211,2.27398291744887,0.708966321302158,9.10711496518469e-05,0.000943602579248082,"ENSG00000237401","LINC01304","Up","Significant"
"ENSG00000176887",1.19437291151838,1.28485375698997,0.769539900901423,0.0072665731523438,0.0308652046852438,"ENSG00000176887","SOX11","Up","Significant"
"ENSG00000232044",3.17120303327684,2.02907053003713,0.703995899472034,0.00022290053449513,0.00196195797488765,"ENSG00000232044","ENSG00000232044","Up","Significant"
"ENSG00000227007",0.917367789500021,2.62727403514035,1.12510905353857,0.000725677309243061,0.00508505247917727,"ENSG00000227007","LINC01247","Up","Significant"
"ENSG00000205837",9.8017366297508,1.19331348312044,0.597190727344713,0.00381066698950623,0.018697684327601,"ENSG00000205837","LINC00487","Up","Significant"
"ENSG00000225964",36.251781884193,1.31903746574383,0.4477428025434,0.000295542815472744,0.00247657529482828,"ENSG00000225964","ENSG00000225964","Up","Significant"
"ENSG00000134326",951.709346888722,1.31513412939159,0.36916416151845,0.00547017120787953,0.0248030898781865,"ENSG00000134326","CMPK2","Up","Significant"
"ENSG00000134321",541.965612351976,1.95790973205874,0.470903066459582,0.00480707652618967,0.0223524489463756,"ENSG00000134321","RSAD2","Up","Significant"
"ENSG00000236008",22.7056092791025,1.15879916026031,0.210976980723391,5.60217932840454e-09,2.28652164574309e-07,"ENSG00000236008","ENSG00000236008","Up","Significant"
"ENSG00000285591",1.59558335395716,1.10498801140972,0.614315093238928,0.00735504465673873,0.0311541134373225,"ENSG00000285591","ENSG00000285591","Up","Significant"
"ENSG00000151693",69.3060693338841,1.14367135501559,0.263429097304695,1.91944344830527e-06,3.66487923129693e-05,"ENSG00000151693","ASAP2","Up","Significant"
"ENSG00000240687",1.43864216740325,2.82316270396019,0.899634788638527,4.13936061429248e-05,0.000490299875660399,"ENSG00000240687","LOC105373418","Up","Significant"
"ENSG00000171848",844.728133419056,3.70697736410019,0.254064924510017,1.71036029524769e-49,1.91041543778183e-45,"ENSG00000171848","RRM2","Up","Significant"
"ENSG00000271952",2.88152792253809,2.67490754159582,0.703800035629334,8.73442591819219e-06,0.000134381027590772,"ENSG00000271952","LINC01954","Up","Significant"
"ENSG00000224177",2.57249743328654,3.6577786808796,1.00649165671622,4.28945609948429e-06,7.28142778306074e-05,"ENSG00000224177","LINC00570","Up","Significant"
"ENSG00000196208",5.14436859565234,1.06338020809984,0.408108657445208,0.0011672096865607,0.00741600860579491,"ENSG00000196208","GREB1","Up","Significant"
"ENSG00000224184",8.31222779981662,1.43465928539474,0.493103963559855,0.00029145213249287,0.00244891411928375,"ENSG00000224184","MIR3681HG","Up","Significant"
"ENSG00000225649",1.15317344092259,1.93262581305761,1.31524276799986,0.00414030056316014,0.0199507235506087,"ENSG00000225649","LOC100506474","Up","Significant"
"ENSG00000162981",1.57746563435215,2.02471396629267,0.755340368357957,0.000465938982383226,0.00355571609216113,"ENSG00000162981","LRATD1","Up","Significant"
"ENSG00000233718",1.02534852414652,2.1515752919633,0.921764201418979,0.000642789405286901,0.00460141640285383,"ENSG00000233718","MYCNOS","Up","Significant"
"ENSG00000134323",4.27304039732938,1.78166033461561,0.59986921034059,0.000182301918213437,0.00166860283458456,"ENSG00000134323","MYCN","Up","Significant"
"ENSG00000236289",0.90428783250974,1.85784356537175,1.02704843413432,0.00302421417729533,0.015694346115377,"ENSG00000236289","GACAT3","Up","Significant"
"ENSG00000279663",2.48621833013248,1.0403960705861,0.463719646318981,0.00316820924930551,0.0162578137419569,"ENSG00000279663","ENSG00000279663","Up","Significant"
"ENSG00000237992",0.836216907350951,1.38953608626157,1.2259552128246,0.00988323548364287,0.0389987444443463,"ENSG00000237992","LINC01808","Up","Significant"
"ENSG00000115884",87.7043854956452,4.94403656144612,0.536942295095291,1.86587413013487e-21,5.12488329726962e-19,"ENSG00000115884","SDC1","Up","Significant"
"ENSG00000235411",4.85672507920942,1.00272386491467,0.39197293345435,0.00153572764538056,0.0091703355647436,"ENSG00000235411","ENSG00000235411","Up","Significant"
"ENSG00000084674",3.1309171606034,2.75703101821359,0.659027576686761,1.98745264047517e-06,3.77109572648259e-05,"ENSG00000084674","APOB","Up","Significant"
"ENSG00000218819",1.58451708797082,1.21918932549422,0.582906216986549,0.00360132659533012,0.0179258545577714,"ENSG00000218819","TDRD15","Up","Significant"
"ENSG00000283031",1.83903230164221,1.18615453504014,0.56924495976423,0.00373505460312486,0.0184028737973991,"ENSG00000283031","ENSG00000283031","Up","Significant"
"ENSG00000205639",110.468608415447,2.49244247258063,0.372857337550639,1.42453313987718e-12,1.31863759624709e-10,"ENSG00000205639","MFSD2B","Up","Significant"
"ENSG00000115129",239.455435962103,1.07716910447961,0.219358957962645,1.39665632801902e-07,3.89032060644966e-06,"ENSG00000115129","TP53I3","Up","Significant"
"ENSG00000224220",2.62578170487614,1.37633686099188,0.543929294803293,0.00100214097766197,0.00657543411405424,"ENSG00000224220","ENSG00000224220","Up","Significant"
"ENSG00000187536",1.11946847547466,-1.66491562116153,0.818527718847516,0.00179881189636635,0.0104266368855458,"ENSG00000187536","ENSG00000187536","Down","Significant"
"ENSG00000115155",144.674202877886,2.70336750377275,0.512159032004651,7.22150091046441e-09,2.88421065564663e-07,"ENSG00000115155","OTOF","Up","Significant"
"ENSG00000171303",1.15484206202675,1.92752856067274,0.779969273737887,0.000666486610251728,0.00473445565266577,"ENSG00000171303","KCNK3","Up","Significant"
"ENSG00000115163",35.7248932000359,3.48134936009332,0.305437478002962,3.27998270081883e-31,3.05302612004828e-28,"ENSG00000115163","CENPA","Up","Significant"
"ENSG00000157851",1.36315133831819,1.65405817847549,0.631694744560538,0.000763654338093948,0.00529032317866242,"ENSG00000157851","DPYSL5","Up","Significant"
"ENSG00000138028",5.02800498871797,1.29966286630502,0.600783033060008,0.00236218291675351,0.0129570121717946,"ENSG00000138028","CGREF1","Up","Significant"
"ENSG00000163792",1.5171244859365,2.67874995109346,0.787679121436468,1.65548360317009e-05,0.000229229752308375,"ENSG00000163792","TCF23","Up","Significant"
"ENSG00000115194",2.35799610231445,2.04313267381547,0.581262375185398,3.37527495826464e-05,0.00041640749348378,"ENSG00000115194","SLC30A3","Up","Significant"
"ENSG00000084734",2.30861729420683,4.69859207916273,0.819071950680292,0.000138710360995926,0.00133679766655521,"ENSG00000084734","GCKR","Up","Significant"
"ENSG00000171174",185.653708180709,-1.03805603053061,0.232935748165689,1.29182252962875e-06,2.5967415204157e-05,"ENSG00000171174","RBKS","Down","Significant"
"ENSG00000270210",2.36201760810999,-1.37000149753474,0.920962175732023,0.0071426920312502,0.0304703331986203,"ENSG00000270210","ENSG00000270210","Down","Significant"
"ENSG00000227938",1.76434866930489,1.30545951366903,0.587868092719241,0.00239145851756835,0.0130833279126854,"ENSG00000227938","ENSG00000227938","Up","Significant"
"ENSG00000163806",17.8992458027809,-1.00855842409075,0.31419297704266,0.000200626706647797,0.00179994653629479,"ENSG00000163806","SPDYA","Down","Significant"
"ENSG00000179270",1.3825664528528,1.24769844632086,0.845888137534121,0.00911842522794273,0.0366761866478374,"ENSG00000179270","PCARE","Up","Significant"
"ENSG00000162949",1.97780518519918,1.71628805132662,0.831054329552717,0.00212966175829856,0.0119176412589891,"ENSG00000162949","CAPN13","Up","Significant"
"ENSG00000158089",21.1414088797317,3.09297094574744,0.356165235355563,2.22172400851007e-19,5.16998262508084e-17,"ENSG00000158089","GALNT14","Up","Significant"
"ENSG00000013016",790.509660282212,1.41332601750913,0.286813942490655,8.38671356031782e-08,2.50027032644742e-06,"ENSG00000013016","EHD3","Up","Significant"
"ENSG00000158125",2.8401419432667,1.04397053794031,0.583668243132348,0.00731702933763832,0.0310261540940698,"ENSG00000158125","XDH","Up","Significant"
"ENSG00000049323",390.394624681359,1.85139922429824,0.34712192607529,7.19450105555563e-09,2.87685603664217e-07,"ENSG00000049323","LTBP1","Up","Significant"
"ENSG00000228262",2.96646861237819,1.5709141638875,0.581699425639632,0.000507585496933706,0.00381189655238717,"ENSG00000228262","LINC01317","Up","Significant"
"ENSG00000235064",0.724749412622832,1.88728221062991,0.924280465500812,0.00150338679984717,0.00902350166138268,"ENSG00000235064","ENSG00000235064","Up","Significant"
"ENSG00000226994",0.677369099962774,2.04347066773912,1.12385998211259,0.00316871471589599,0.0162579178402938,"ENSG00000226994","ENSG00000226994","Up","Significant"
"ENSG00000229160",1.55133836188883,1.41498148037597,0.989364251240699,0.0077121907854791,0.0323358109397672,"ENSG00000229160","ENSG00000229160","Up","Significant"
"ENSG00000231367",1.1156153987668,1.77231891932829,1.09782325998117,0.00372792629341875,0.0183704532597307,"ENSG00000231367","LINC02613","Up","Significant"
"ENSG00000227238",1.212337063451,1.88355464202868,0.881268108265316,0.00137002841753875,0.0083636877834407,"ENSG00000227238","TTC39DP","Up","Significant"
"ENSG00000214691",1.2417683706957,2.44907368714078,1.03544199220959,0.000664235814066838,0.00472431571328661,"ENSG00000214691","LINC01913","Up","Significant"
"ENSG00000264071",0.62556477119637,1.92955425288672,1.13082321682238,0.00450969330861813,0.0213048516958248,"ENSG00000264071","RN7SL531P","Up","Significant"
"ENSG00000138075",1.99074664409118,1.86872756037629,0.81844534864222,0.00121026223991764,0.00761590185866673,"ENSG00000138075","ABCG5","Up","Significant"
"ENSG00000143921",4.56387965851093,1.51742888441175,0.557112923169031,0.000480670125201149,0.00364902021417428,"ENSG00000143921","ABCG8","Up","Significant"
"ENSG00000259439",1.24919837217361,3.20809992171557,1.14217605766878,0.000155679957837398,0.00146824646979268,"ENSG00000259439","LINC01833","Up","Significant"
"ENSG00000170577",0.594970533639482,2.19845243285047,1.36993581486512,0.00700340148811348,0.0300098440492576,"ENSG00000170577","SIX2","Up","Significant"
"ENSG00000234690",1.34217982461027,1.36716160389449,0.821366177464896,0.00608489632660996,0.0269386697064834,"ENSG00000234690","EPCAM-DT","Up","Significant"
"ENSG00000282828",3.08367811368223,1.70840070593889,0.600593301833884,0.000303464915324505,0.00252766737449884,"ENSG00000282828","ENSG00000282828","Up","Significant"
"ENSG00000179915",4.0065804915291,1.62743835615418,0.530120000091151,0.000155146041642722,0.00146527302970856,"ENSG00000179915","NRXN1","Up","Significant"
"ENSG00000143942",43.9342462148342,1.3212811068038,0.220259231283813,2.42507283966495e-10,1.41818090374054e-08,"ENSG00000143942","CHAC2","Up","Significant"
"ENSG00000237887",0.696078267306285,1.42516067334948,1.2619036625489,0.0113971240283854,0.0433491746954785,"ENSG00000237887","ENSG00000237887","Up","Significant"
"ENSG00000272180",0.744489927967752,1.29468375155474,1.06475143677583,0.00971518137350191,0.0385033722820432,"ENSG00000272180","ENSG00000272180","Up","Significant"
"ENSG00000055813",1.10484153894824,1.21797733846131,1.2063965448107,0.0106259059235694,0.0411339645256601,"ENSG00000055813","CCDC85A","Up","Significant"
"ENSG00000225226",0.99928524492089,1.90725471608499,1.07504726274008,0.00259406579446231,0.0139493301024869,"ENSG00000225226","ENSG00000225226","Up","Significant"
"ENSG00000233723",2.7235147230048,1.5533840021981,0.561124514090176,0.000423872700363263,0.00329395879324503,"ENSG00000233723","LINC01122","Up","Significant"
"ENSG00000233891",0.941807166863591,1.72308151575472,1.14679037652182,0.00478699956411246,0.0222974101186884,"ENSG00000233891","ENSG00000233891","Up","Significant"
"ENSG00000226622",0.975905441659803,2.01628875607172,0.937355237817904,0.00106669757828756,0.00690971760116722,"ENSG00000226622","ENSG00000226622","Up","Significant"
"ENSG00000286524",1.49830563525434,2.39459837449362,0.79083183622266,0.000107272458842062,0.00108173121376427,"ENSG00000286524","ENSG00000286524","Up","Significant"
"ENSG00000223935",1.51734580113312,2.15434940294753,0.8367470932646,0.000570268417748289,0.00418876028284249,"ENSG00000223935","ENSG00000223935","Up","Significant"
"ENSG00000204929",3.37429993167809,2.22583234561199,0.472618486408364,1.9371953649972e-07,5.15595547940358e-06,"ENSG00000204929","LOC105369167","Up","Significant"
"ENSG00000143995",119.632975488319,1.41353093793125,0.279019839506263,4.25675853155716e-08,1.38350845425751e-06,"ENSG00000143995","MEIS1","Up","Significant"
"ENSG00000230749",1.86580495741298,1.96762233680767,0.649738865184226,0.00018679874993539,0.00170139693166213,"ENSG00000230749","MEIS1-AS2","Up","Significant"
"ENSG00000235885",3.18855955104175,2.18911475200005,0.71596114736467,0.000129320587682413,0.00126356375237768,"ENSG00000235885","LOC101927661","Up","Significant"
"ENSG00000163217",1.24641734584052,1.94315867936728,0.872613406977158,0.00111419265227208,0.00714281262387321,"ENSG00000163217","BMP10","Up","Significant"
"ENSG00000169604",1.54149645045741,1.1903879974036,0.96964775012522,0.0122787348747127,0.0458642433303697,"ENSG00000169604","ANTXR1","Up","Significant"
"ENSG00000135636",2095.19956156402,1.33183372756085,0.318540520493926,3.3235813692836e-06,5.86157305806969e-05,"ENSG00000135636","DYSF","Up","Significant"
"ENSG00000135638",0.973296385402754,1.4655108651079,1.08190594081518,0.0064808172162269,0.0282510347467864,"ENSG00000135638","EMX1","Up","Significant"
"ENSG00000287435",0.761048495801012,3.80346327922923,1.38378208371538,0.000114687181378952,0.00114512895137881,"ENSG00000287435","LOC105374802","Up","Significant"
"ENSG00000204872",23.703654571939,1.25176465894092,0.483772417808016,0.00088480869021926,0.00594646097082976,"ENSG00000204872","ENSG00000204872","Up","Significant"
"ENSG00000188687",6.38195959255816,-1.11898928481788,0.267005811934055,4.4226193526069e-06,7.46963467169882e-05,"ENSG00000188687","SLC4A5","Down","Significant"
"ENSG00000144045",6.81351896831463,1.753629829833,0.385755567250361,4.45797864492901e-07,1.04829758886264e-05,"ENSG00000144045","DQX1","Up","Significant"
"ENSG00000176204",1.29331133548508,3.36801780648235,1.09785517596667,5.8834844616655e-05,0.000657165602753164,"ENSG00000176204","LRRTM4","Up","Significant"
"ENSG00000229494",1.01990162228687,1.36326740198443,0.996175364425545,0.0076773810698816,0.0322180791822996,"ENSG00000229494","LOC101927948","Up","Significant"
"ENSG00000172023",0.529085796837829,4.71839212877429,2.5338087385763,0.00799627065312072,0.033169971938032,"ENSG00000172023","REG1B","Up","Significant"
"ENSG00000162951",0.746241143637401,2.49816068713628,1.56545745169396,0.0073697767732062,0.0311967976115925,"ENSG00000162951","LRRTM1","Up","Significant"
"ENSG00000234429",1.40344918609852,4.0714106308323,1.14494325567852,2.57415620324453e-06,4.69300327608927e-05,"ENSG00000234429","ANKRD11P1","Up","Significant"
"ENSG00000068615",5.54128154127457,1.43472657619782,0.56483712481392,0.000818524808087644,0.00559069461765366,"ENSG00000068615","REEP1","Up","Significant"
"ENSG00000233999",3.04535641391287,4.4388109741433,0.970853329792988,3.36575189215126e-08,1.14037391460158e-06,"ENSG00000233999","ENSG00000233999","Up","Significant"
"ENSG00000163586",0.627764749740477,1.82660374515245,1.21519610973204,0.00689091600906138,0.0296225406732056,"ENSG00000163586","FABP1","Up","Significant"
"ENSG00000211592",40646.3456794343,3.02093998232081,0.282563982019805,8.83845233308874e-28,4.70107459094398e-25,"ENSG00000211592","IGKC","Up","Significant"
"ENSG00000211593",21.5946829127887,1.51505018418167,0.339753932908468,7.52139039474164e-07,1.65051912729141e-05,"ENSG00000211593","IGKJ5","Up","Significant"
"ENSG00000211594",18.1070613734364,1.63037773214989,0.308111902383465,1.09640998620787e-08,4.1654877809342e-07,"ENSG00000211594","IGKJ4","Up","Significant"
"ENSG00000211595",11.9585313957138,1.50672533504897,0.325070268019475,3.46794698162323e-07,8.50090968597021e-06,"ENSG00000211595","IGKJ3","Up","Significant"
"ENSG00000211598",3545.33743362651,2.98869426515561,0.30950364864548,2.56902102793595e-23,8.52329956684217e-21,"ENSG00000211598","IGKV4-1","Up","Significant"
"ENSG00000211599",30.8205148037321,3.24015984413848,0.35846768591137,1.00206383912702e-20,2.62329353010214e-18,"ENSG00000211599","IGKV5-2","Up","Significant"
"ENSG00000197794",7.28648017938403,2.55925559906072,0.560088482298998,2.78536205625422e-07,7.02649371906915e-06,"ENSG00000197794","ENSG00000197794","Up","Significant"
"ENSG00000253435",1.46703933203372,4.76741097862462,1.67206968765643,0.000286119529961835,0.00241730215144285,"ENSG00000253435","IGKV2-4","Up","Significant"
"ENSG00000243466",2831.50113543967,3.13908486644672,0.342447339566986,2.84694429322311e-21,7.69340776787203e-19,"ENSG00000243466","IGKV1-5","Up","Significant"
"ENSG00000239855",155.593198334411,2.77113072122805,0.403764366462404,4.03223466753104e-13,4.09442883255447e-11,"ENSG00000239855","IGKV1-6","Up","Significant"
"ENSG00000243063",12.5520541690266,2.7197224227092,0.502872962377827,3.6778188779367e-09,1.57595949847546e-07,"ENSG00000243063","IGKV3-7","Up","Significant"
"ENSG00000240671",223.613307646935,2.6931968706963,0.379535401007623,7.7064946715905e-14,8.75379423560428e-12,"ENSG00000240671","IGKV1-8","Up","Significant"
"ENSG00000241755",963.064279455511,2.60711611187917,0.529182478417428,4.70729468968695e-08,1.51233689124372e-06,"ENSG00000241755","IGKV1-9","Up","Significant"
"ENSG00000241351",1897.29217640369,2.72466425319572,0.290601718707446,4.65173324456708e-22,1.36732394115963e-19,"ENSG00000241351","IGKV3-11","Up","Significant"
"ENSG00000243290",135.245085284794,3.18598231913297,0.379578135010119,2.80552107926235e-18,5.91259156257875e-16,"ENSG00000243290","IGKV1-12","Up","Significant"
"ENSG00000253497",5.20358596428945,2.9291105482089,0.652121381661809,4.31191562129751e-07,1.01967523326788e-05,"ENSG00000253497","IGKV1-13","Up","Significant"
"ENSG00000244437",1765.46820207266,3.16688915430284,0.315567273598575,6.30090974301548e-25,2.61659811765958e-22,"ENSG00000244437","IGKV3-15","Up","Significant"
"ENSG00000240864",271.376958837856,2.79481873525505,0.359280174930394,4.42463242111492e-16,7.33985187124455e-14,"ENSG00000240864","IGKV1-16","Up","Significant"
"ENSG00000240382",166.861520519565,3.95218546037392,0.298456708966475,6.43811648767371e-23,2.0546175750996e-20,"ENSG00000240382","IGKV1-17","Up","Significant"
"ENSG00000254157",2.93106339487271,1.09890235800191,0.607532294513931,0.00657497054523631,0.0285685539419507,"ENSG00000254157","IGKV2-18","Up","Significant"
"ENSG00000239951",3158.70715779637,2.30508603439583,0.423861782159858,3.57811078666149e-09,1.53913882349474e-07,"ENSG00000239951","IGKV3-20","Up","Significant"
"ENSG00000211611",40.4528360076332,1.87475174127047,0.77263857201637,0.00073503280671212,0.00513557429527032,"ENSG00000211611","IGKV6-21","Up","Significant"
"ENSG00000241294",166.160247400909,3.94604219267259,0.533075724488685,7.05225407391759e-15,9.37753895884542e-13,"ENSG00000241294","IGKV2-24","Up","Significant"
"ENSG00000254098",15.5272028533832,1.98774759079172,0.499095168144487,4.44510319477322e-06,7.49627392821619e-05,"ENSG00000254098","IGKV2-26","Up","Significant"
"ENSG00000244575",184.195882018656,2.94378809028811,0.400245600474745,1.10586041455607e-14,1.43628979191315e-12,"ENSG00000244575","IGKV1-27","Up","Significant"
"ENSG00000253998",197.966472273734,2.55792280361942,0.648880637335979,4.06947913111192e-06,6.96090741217097e-05,"ENSG00000253998","IGKV2-29","Up","Significant"
"ENSG00000243238",487.828395695264,3.65195699181175,0.477509244159305,1.09442602736798e-15,1.69782971069785e-13,"ENSG00000243238","IGKV2-30","Up","Significant"
"ENSG00000242371",3.13911024767475,2.9222541116876,0.652198870126562,5.77231917306521e-07,1.30957781428735e-05,"ENSG00000242371","IGKV1-39","Up","Significant"
"ENSG00000251039",19.9451654377208,3.0504997485232,0.481991015587243,1.42070667308686e-11,1.11230046515111e-09,"ENSG00000251039","IGKV2D-40","Up","Significant"
"ENSG00000239571",25.9041517471924,3.57265731928569,0.707425596739992,2.08901303257176e-08,7.36075054768108e-07,"ENSG00000239571","IGKV2D-30","Up","Significant"
"ENSG00000243264",175.7664174552,4.35760419607978,0.538604172047194,1.18380227214381e-09,5.76570208390508e-08,"ENSG00000243264","IGKV2D-29","Up","Significant"
"ENSG00000211623",7.22233584607358,2.2901146825603,0.842270701473574,0.000286071712416895,0.00241730215144285,"ENSG00000211623","IGKV2D-26","Up","Significant"
"ENSG00000241566",13.1632480892701,3.18622062011925,0.822523181488812,4.65528216622505e-06,7.78412425688798e-05,"ENSG00000241566","IGKV2D-24","Up","Significant"
"ENSG00000225523",28.5549069443248,2.72929708117298,0.725558890479675,8.0283724184114e-06,0.00012541852278254,"ENSG00000225523","IGKV6D-21","Up","Significant"
"ENSG00000211625",503.949682181981,4.65346420269736,0.657306163532778,6.94553560475958e-14,7.99786778625047e-12,"ENSG00000211625","IGKV3D-20","Up","Significant"
"ENSG00000242766",37.9821101560298,3.4494075145593,1.03827773381445,3.18095189263454e-05,0.000396247274982494,"ENSG00000242766","IGKV1D-17","Up","Significant"
"ENSG00000241244",56.8723711800099,3.46216705809899,0.559087044819594,3.12449855608349e-11,2.27112412398702e-09,"ENSG00000241244","IGKV1D-16","Up","Significant"
"ENSG00000224041",13.9726118504072,2.56684301758159,0.587061116858834,7.14705892738212e-07,1.57975460156759e-05,"ENSG00000224041","IGKV3D-15","Up","Significant"
"ENSG00000276566",236.301436066732,3.72800885510981,0.861083450420672,6.22385803026453e-07,1.39782344997409e-05,"ENSG00000276566","IGKV1D-13","Up","Significant"
"ENSG00000278857",10.5594830014165,3.82063314551888,0.565413191407583,8.65975281271577e-13,8.36252613836579e-11,"ENSG00000278857","IGKV1D-12","Up","Significant"
"ENSG00000211632",62.5797942681049,2.93670337112213,0.325845022584847,1.25322401322848e-20,3.23032949686715e-18,"ENSG00000211632","IGKV3D-11","Up","Significant"
"ENSG00000242580",46.4951645528011,3.04470871671538,0.774722923621736,3.77480043510078e-06,6.54031994724881e-05,"ENSG00000242580","IGKV1D-43","Up","Significant"
"ENSG00000239819",81.2615084379012,2.22283064403106,0.414007199913413,5.02442186577122e-09,2.07088994219099e-07,"ENSG00000239819","IGKV1D-8","Up","Significant"
"ENSG00000228325",1.75756624515472,2.07327382955089,1.3846970858842,0.00337131186396154,0.017070898622227,"ENSG00000228325","IGKV3D-7","Up","Significant"
"ENSG00000231331",0.840773100887978,2.09747634240491,1.47332982131151,0.00638249029513489,0.0279059064848219,"ENSG00000231331","ENSG00000231331","Up","Significant"
"ENSG00000115041",2.37377460555664,2.05351674090914,0.671980428082456,0.000139141112664759,0.00134056341123732,"ENSG00000115041","KCNIP3","Up","Significant"
"ENSG00000121152",113.881446901276,1.94224326463776,0.185808132575698,1.17706721694366e-26,5.88691721978583e-24,"ENSG00000121152","NCAPH","Up","Significant"
"ENSG00000168758",289.97558170339,-1.02591494154101,0.180083010235565,2.08453151923248e-09,9.55548107769648e-08,"ENSG00000168758","SEMA4C","Down","Significant"
"ENSG00000222000",0.713951640518038,1.75437723740958,1.51969541631413,0.0109426794856591,0.042084040730512,"ENSG00000222000","ENSG00000222000","Up","Significant"
"ENSG00000144191",1.20127044166987,3.85877191619036,1.05358536605945,3.94388689992209e-07,9.50076967142266e-06,"ENSG00000144191","CNGA3","Up","Significant"
"ENSG00000223947",0.973710184565181,1.76264700187007,0.830863457826581,0.00133021334036037,0.00818173987190449,"ENSG00000223947","ENSG00000223947","Up","Significant"
"ENSG00000232556",0.787950266652951,1.85720472088293,1.09305344432952,0.00341759144370538,0.0172340213223662,"ENSG00000232556","PRCPP1","Up","Significant"
"ENSG00000115590",156.948463453775,3.54512304044277,0.490775040271713,0.000125774594325342,0.0012366727937934,"ENSG00000115590","IL1R2","Up","Significant"
"ENSG00000115607",573.749238667662,-1.03395975952168,0.246330385273855,3.95171796934122e-06,6.80463090620015e-05,"ENSG00000115607","IL18RAP","Down","Significant"
"ENSG00000180251",0.853659849053897,1.37627868419456,1.27971331437563,0.0105693807218375,0.0409823395751044,"ENSG00000180251","SLC9A4","Up","Significant"
"ENSG00000235597",0.971275096565618,1.38520529632151,0.91942439243228,0.0067592810609633,0.0292047688666589,"ENSG00000235597","LINC01102","Up","Significant"
"ENSG00000233639",2.286520832965,2.0442718644658,0.799646695179232,0.000577639158825293,0.00422899510008231,"ENSG00000233639","LINC01114","Up","Significant"
"ENSG00000115641",64.7131233640228,1.83508309633771,0.344038354773868,7.16583428861508e-09,2.86881650151975e-07,"ENSG00000115641","FHL2","Up","Significant"
"ENSG00000144057",2.91328378464362,1.29786554234487,0.631112929760739,0.00307508020160861,0.0159041306491284,"ENSG00000144057","ST6GAL2","Up","Significant"
"ENSG00000286218",0.773687989239278,2.11781032217528,1.22747728316135,0.00342926436746075,0.0172876816141481,"ENSG00000286218","ENSG00000286218","Up","Significant"
"ENSG00000115665",0.867427384437636,1.56703662881517,1.60300499306475,0.0105475764902009,0.0409271158973812,"ENSG00000115665","SLC5A7","Up","Significant"
"ENSG00000198203",1.84163485234528,1.92538926387445,0.778629535768474,0.000783181085062925,0.00540993918354433,"ENSG00000198203","SULT1C2","Up","Significant"
"ENSG00000198075",7.64429485930621,2.25581052246153,0.532601889120722,1.35293326088259e-06,2.70497855840781e-05,"ENSG00000198075","SULT1C4","Up","Significant"
"ENSG00000169756",2075.47223011764,1.07067448847823,0.171051711112323,5.77701431456938e-11,3.94260636796141e-09,"ENSG00000169756","LIMS1","Up","Significant"
"ENSG00000135960",138.329412212686,-1.12569011705666,0.279978458579757,7.83260632061478e-06,0.000122760900466548,"ENSG00000135960","EDAR","Down","Significant"
"ENSG00000228551",0.65011926147182,1.52099890534785,1.01789106161981,0.00589663820024595,0.0262928076449823,"ENSG00000228551","ENSG00000228551","Up","Significant"
"ENSG00000169679",231.266852944961,3.00739192600668,0.244013245705698,4.05905559592429e-36,6.18249518017395e-33,"ENSG00000169679","BUB1","Up","Significant"
"ENSG00000235881",1.08646082276169,2.63197938111052,0.956141536246289,0.000146442004834665,0.00139764316149381,"ENSG00000235881","ENSG00000235881","Up","Significant"
"ENSG00000153093",16.7475913794988,3.78140899638738,0.429767775562236,7.40947682719853e-20,1.81229313140581e-17,"ENSG00000153093","ACOXL","Up","Significant"
"ENSG00000236330",0.976961322580208,2.55175540825801,1.32214998284779,0.00235609559137387,0.0129278544574008,"ENSG00000236330","RPL5P9","Up","Significant"
"ENSG00000204581",2.57169893235704,1.11980571228271,0.467694389966645,0.00194356544340571,0.0110948780993325,"ENSG00000204581","ACOXL-AS1","Up","Significant"
"ENSG00000240350",2.95536764667131,1.98339728369051,0.534553573572496,1.59713874195115e-05,0.000222510843508655,"ENSG00000240350","ENSG00000240350","Up","Significant"
"ENSG00000225496",1.26188562977654,1.19102592469191,0.890476320691074,0.0115512797937598,0.0437551455047057,"ENSG00000225496","ENSG00000225496","Up","Significant"
"ENSG00000169607",43.1459899726412,3.06373111729438,0.301155434431753,1.66585977561193e-25,7.54341827310544e-23,"ENSG00000169607","CKAP2L","Up","Significant"
"ENSG00000115008",29.7233179300605,-2.10712287984075,1.1474976303219,0.00197462044795916,0.0112148401001125,"ENSG00000115008","IL1A","Down","Significant"
"ENSG00000125538",3127.77498483862,-1.51699356716274,0.453270658010243,6.1668666299058e-05,0.00068087490577105,"ENSG00000125538","IL1B","Down","Significant"
"ENSG00000136697",0.564531250364008,2.85016292042237,1.68515119120095,0.009830244329883,0.03884230224377,"ENSG00000136697","IL1F10","Up","Significant"
"ENSG00000231292",2.08025678020431,2.8359875583239,0.499286268082477,0.00312167111245739,0.0160805653047402,"ENSG00000231292","ENSG00000231292","Up","Significant"
"ENSG00000272563",1.26419979195559,2.14893920173157,0.72802228498527,0.000141032919546618,0.0013547151995231,"ENSG00000272563","ENSG00000272563","Up","Significant"
"ENSG00000234199",2.67466926131764,1.01801176858871,0.498247473536062,0.00499914994655655,0.0230739002147608,"ENSG00000234199","LINC01191","Up","Significant"
"ENSG00000175497",2.16351014488038,1.70029441063222,0.729782776248174,0.0012054003682425,0.00759814916091762,"ENSG00000175497","DPP10","Up","Significant"
"ENSG00000259094",4.3156632187833,2.22312147891029,0.657155713492392,4.00910240039616e-05,0.000477063254030096,"ENSG00000259094","ENSG00000259094","Up","Significant"
"ENSG00000080293",0.726179534369038,2.33192387968378,1.03213580099644,0.000893151349189508,0.00598691909581741,"ENSG00000080293","SCTR","Up","Significant"
"ENSG00000163075",2.49699670192061,2.16433059197571,0.820625489528742,0.000427081534690432,0.00331121590604852,"ENSG00000163075","CFAP221","Up","Significant"
"ENSG00000163083",0.596172548902068,3.19270927414423,1.52452284087745,0.0032546280183191,0.0165945420368008,"ENSG00000163083","INHBB","Up","Significant"
"ENSG00000232140",0.796462083548164,2.38109203543557,1.10770142769633,0.00127225757768903,0.00790361126636664,"ENSG00000232140","ENSG00000232140","Up","Significant"
"ENSG00000074047",1.872612207578,1.34556972062357,0.851235265735644,0.00650262612379779,0.0283313611731037,"ENSG00000074047","GLI2","Up","Significant"
"ENSG00000232723",0.940205929799164,2.11711712745899,0.869474245801826,0.000506079538306926,0.00380229131146341,"ENSG00000232723","RPS17P7","Up","Significant"
"ENSG00000265451",1.51187897967114,1.64068369795521,0.592899579605191,0.000523612977464433,0.00391384056699882,"ENSG00000265451","ENSG00000265451","Up","Significant"
"ENSG00000224655",1.0992062750128,1.78369232286695,1.03373079907943,0.002929713077785,0.0153082419341178,"ENSG00000224655","LINC01823","Up","Significant"
"ENSG00000155052",1.28344891197954,2.93804413756237,0.959047001892359,4.63938287985662e-05,0.000541110619286862,"ENSG00000155052","CNTNAP5","Up","Significant"
"ENSG00000237524",0.537743307654046,3.04159621402859,1.44982346761675,0.00270808297502778,0.0144061516571395,"ENSG00000237524","TEX51","Up","Significant"
"ENSG00000260163",1.13372753852959,3.10361081148341,1.64580185055569,0.00312231300077866,0.0160813996838445,"ENSG00000260163","ENSG00000260163","Up","Significant"
"ENSG00000186684",1.3775875837481,2.93612518307104,1.08033107268891,0.000187700868103514,0.00170662563047507,"ENSG00000186684","CYP27C1","Up","Significant"
"ENSG00000238180",0.743887658377522,1.80198709057702,1.04459489716466,0.00361789201334046,0.0179949448530541,"ENSG00000238180","RPL21P34","Up","Significant"
"ENSG00000178171",1.27118277104621,2.9132526272144,0.978392543380095,6.94330581366108e-05,0.000751889988980654,"ENSG00000178171","AMER3","Up","Significant"
"ENSG00000287071",0.735543422086388,1.51536501204253,0.918498382621597,0.00444633693003277,0.0210828221577003,"ENSG00000287071","CDRT15P4","Up","Significant"
"ENSG00000163046",1.26252490427346,2.08155315182774,0.796208404614854,0.000416648114284145,0.00324760680659396,"ENSG00000163046","ANKRD30BL","Up","Significant"
"ENSG00000152128",16.2782938538278,1.14229700734007,0.230053767337832,9.97017986920149e-08,2.92548824200589e-06,"ENSG00000152128","TMEM163","Up","Significant"
"ENSG00000287463",1.59109741407845,1.00150208975701,0.66433623146431,0.0132730422284092,0.0485287912746059,"ENSG00000287463","ENSG00000287463","Up","Significant"
"ENSG00000076003",659.329393160288,1.00946989203039,0.140813806126191,1.38562938483891e-13,1.51241221682628e-11,"ENSG00000076003","MCM6","Up","Significant"
"ENSG00000121966",9360.32048723174,-1.0460435984293,0.297103358304331,6.21341917029511e-05,0.000685337271156744,"ENSG00000121966","CXCR4","Down","Significant"
"ENSG00000279024",1.90635815002072,-1.16406983881906,0.69950537143546,0.00803207352916408,0.0332855245966806,"ENSG00000279024","ENSG00000279024","Down","Significant"
"ENSG00000144229",2.11098799372033,2.42770354672192,0.737461105762145,6.51963421993578e-05,0.000712313084694581,"ENSG00000144229","THSD7B","Up","Significant"
"ENSG00000235232",1.37665373676222,2.063079281048,0.916412191346364,0.00091807467580455,0.00611848932210316,"ENSG00000235232","ENSG00000235232","Up","Significant"
"ENSG00000226674",8.59937977133504,1.01715518551993,0.335374748942161,0.000350763150790416,0.00282813340227046,"ENSG00000226674","TEX41","Up","Significant"
"ENSG00000234940",0.620596538091437,3.37223015951235,1.43805728544964,0.00107159277983163,0.0069360638322152,"ENSG00000234940","ENSG00000234940","Up","Significant"
"ENSG00000198526",1.36636437195632,2.77794672245776,0.865530348277789,3.14726976628415e-05,0.000392781611167283,"ENSG00000198526","ENSG00000198526","Up","Significant"
"ENSG00000123610",348.503820895955,-1.6114896657509,0.727413645522204,0.00139445798188185,0.0084957986390689,"ENSG00000123610","TNFAIP6","Down","Significant"
"ENSG00000242113",1.80254952237395,-1.20898222649817,1.09961247016937,0.0123890657944291,0.0461037472212723,"ENSG00000242113","RN7SL124P","Down","Significant"
"ENSG00000286207",4.50188531092852,1.18897714384296,0.366785836095753,0.000149527898233463,0.0014218304034918,"ENSG00000286207","ENSG00000286207","Up","Significant"
"ENSG00000224675",0.854315346695411,2.42720913932313,1.16495561523392,0.00150005500055857,0.00900974063698103,"ENSG00000224675","GALNT13-AS1","Up","Significant"
"ENSG00000286679",2.69518123504594,1.99755070883755,0.744444400134351,0.000403586847305814,0.00316198074967747,"ENSG00000286679","LOC107985953","Up","Significant"
"ENSG00000153234",8591.67285411654,-1.18936378829941,0.518295581678599,0.00193042811798448,0.0110443428044292,"ENSG00000153234","NR4A2","Down","Significant"
"ENSG00000136542",4.44296844094236,2.4162485876646,0.480773894154266,3.64903912546082e-08,1.21184987170532e-06,"ENSG00000136542","GALNT5","Up","Significant"
"ENSG00000153237",1.2963299109502,1.04700200336488,0.712047368181994,0.0128743152095885,0.0473863607598968,"ENSG00000153237","CCDC148","Up","Significant"
"ENSG00000204380",1.55979094291634,1.92239824817701,0.762149966173013,0.000820403288212477,0.00559898868388014,"ENSG00000204380","PKP4-AS1","Up","Significant"
"ENSG00000153246",2.7315793278207,1.72191751380489,0.726078785000252,0.0010385948373166,0.00676166201741637,"ENSG00000153246","PLA2R1","Up","Significant"
"ENSG00000115221",0.946700364065618,2.28074858054508,1.04439984174052,0.00103018209732546,0.00672185305878004,"ENSG00000115221","ITGB6","Up","Significant"
"ENSG00000232337",1.01338461489764,1.48455582342309,0.956761866486274,0.00612010223863143,0.0270358756825182,"ENSG00000232337","LOC100131736","Up","Significant"
"ENSG00000144290",61.0959137838555,-2.45903606361637,0.407086146091171,9.4799311488278e-11,6.12067462169693e-09,"ENSG00000144290","SLC4A10","Down","Significant"
"ENSG00000288091",0.629871559615236,2.21332293715076,1.45705217481827,0.00812809289811362,0.033592152884331,"ENSG00000288091","ENSG00000288091","Up","Significant"
"ENSG00000078098",1.22384512490981,1.52316087154046,0.918520377287061,0.00446707178229206,0.0211422469424894,"ENSG00000078098","FAP","Up","Significant"
"ENSG00000182263",2.26730217202835,2.18628167564001,0.570867509147211,1.0002219776944e-05,0.000150703409400007,"ENSG00000182263","FIGN","Up","Significant"
"ENSG00000115290",19.232397508637,2.65082726743658,0.426470660175117,3.09323696840668e-11,2.25328864292042e-09,"ENSG00000115290","GRB14","Up","Significant"
"ENSG00000136531",3.09389597524145,1.15379999083839,0.524555057621005,0.0027726049967978,0.0146790729269475,"ENSG00000136531","SCN2A","Up","Significant"
"ENSG00000178662",1.42003258461236,1.74760514295759,0.666697180367892,0.000710107842566321,0.00499678719051679,"ENSG00000178662","CSRNP3","Up","Significant"
"ENSG00000236107",2.87484592877932,1.53608871434117,0.542103461421375,0.00036322489744351,0.00289930993054659,"ENSG00000236107","SCN1A-AS1","Up","Significant"
"ENSG00000144285",2.22147775152703,1.50818198799193,0.762281270627465,0.00276757586831463,0.0146624192342072,"ENSG00000144285","SCN1A","Up","Significant"
"ENSG00000136546",1.31807644418507,2.36792331860005,0.844096160612949,0.000157059409481826,0.00147875913243229,"ENSG00000136546","SCN7A","Up","Significant"
"ENSG00000163092",14.860653883351,2.30337196470205,0.544370615766883,1.32480242108515e-06,2.65666094124132e-05,"ENSG00000163092","XIRP2","Up","Significant"
"ENSG00000235335",0.965329216987043,1.8670662668029,1.06057955983478,0.0027995541969684,0.0147965712281095,"ENSG00000235335","B3GALT1-AS1","Up","Significant"
"ENSG00000172318",0.893356248361874,2.05601192487512,1.14661421605347,0.00287634129543932,0.0151071035217674,"ENSG00000172318","B3GALT1","Up","Significant"
"ENSG00000163072",2.50839014328715,1.65689124348401,0.535081060605885,0.000161260515178826,0.00151194141105968,"ENSG00000163072","NOSTRIN","Up","Significant"
"ENSG00000152253",24.5861036655345,3.7366203781125,0.348381331175306,6.82141875543525e-28,3.74719542747344e-25,"ENSG00000152253","SPC25","Up","Significant"
"ENSG00000152254",0.810288053318219,2.74107917261596,1.44757142385606,0.00350263316104472,0.0175782139573832,"ENSG00000152254","G6PC2","Up","Significant"
"ENSG00000073734",2.30568953410475,1.7429869420395,0.598915222932961,0.000267956735783018,0.00229113607026108,"ENSG00000073734","ABCB11","Up","Significant"
"ENSG00000081479",5.09613156318472,2.4048365351722,0.532167425509022,3.84809520330453e-07,9.30345037283778e-06,"ENSG00000081479","LRP2","Up","Significant"
"ENSG00000227176",1.91405147131043,1.08896357547416,0.549444578055022,0.00508019860398759,0.0233707269386354,"ENSG00000227176","ENSG00000227176","Up","Significant"
"ENSG00000228016",1.19763211968773,1.24416523467708,0.933865876849282,0.010687375525866,0.0413012647325848,"ENSG00000228016","RAPGEF4-AS1","Up","Significant"
"ENSG00000144354",182.918885608494,1.39411095370552,0.250520209266546,2.929860540397e-09,1.29010114123736e-07,"ENSG00000144354","CDCA7","Up","Significant"
"ENSG00000224189",1.1522932064469,1.48837059440442,0.724293524467256,0.00315487992399278,0.0162148003766543,"ENSG00000224189","HAGLR","Up","Significant"
"ENSG00000144331",2.53477532061604,2.53148601714084,1.11268124270486,0.000838213166590609,0.00569498884819236,"ENSG00000144331","ZNF385B","Up","Significant"
"ENSG00000227227",1.70123037236806,1.01929994879623,0.533797688165314,0.00690014749707402,0.029645711266913,"ENSG00000227227","ENSG00000227227","Up","Significant"
"ENSG00000163012",1.22329797766774,1.07334410573324,0.678170956344946,0.0113071499506472,0.0430656157872514,"ENSG00000163012","ZSWIM2","Up","Significant"
"ENSG00000003436",50.528903658265,2.31690713284419,0.373192929340139,3.41121813684547e-11,2.45820448489365e-09,"ENSG00000003436","TFPI","Up","Significant"
"ENSG00000144366",1.57429064582681,1.52649902750981,0.88012907883141,0.00463547599330345,0.0217475377092764,"ENSG00000144366","GULP1","Up","Significant"
"ENSG00000168542",1.23716896604623,2.19970398746016,0.890458760956508,0.000466104170460571,0.00355616681419929,"ENSG00000168542","COL3A1","Up","Significant"
"ENSG00000187699",318.301600080809,1.62925405537267,0.306823647621105,9.46845787809933e-09,3.65107658270691e-07,"ENSG00000187699","AKAP19","Up","Significant"
"ENSG00000168497",2131.1309168612,1.52339594286319,0.298308718359495,3.32722300609759e-08,1.12846068533729e-06,"ENSG00000168497","CAVIN2","Up","Significant"
"ENSG00000144395",16.4512325777497,1.40467868708629,0.26175506813505,8.66949379512133e-09,3.38980242217877e-07,"ENSG00000144395","CCDC150","Up","Significant"
"ENSG00000187944",1.18408404068604,2.01533226475662,0.74929254948873,0.000336791480808959,0.00274854986128286,"ENSG00000187944","C2orf66","Up","Significant"
"ENSG00000238217",1.68709275446614,1.66663684002626,0.679439939506893,0.000989707706656456,0.00651554332855623,"ENSG00000238217","LINC01877","Up","Significant"
"ENSG00000196141",230.219417909164,1.40828344969986,0.239564941761099,4.70634513969735e-10,2.57687776611305e-08,"ENSG00000196141","SPATS2L","Up","Significant"
"ENSG00000287299",7.95742905248103,1.07163321381393,0.423401988627053,0.00139374213418907,0.00849298148291353,"ENSG00000287299","ENSG00000287299","Up","Significant"
"ENSG00000138356",1.93220474808165,1.02844899505716,0.716508059430204,0.0129967567347264,0.0477848149464611,"ENSG00000138356","AOX1","Up","Significant"
"ENSG00000244301",1.39643046963907,1.93438436750415,0.90712065685369,0.00171636342126019,0.0100390333187306,"ENSG00000244301","ENSG00000244301","Up","Significant"
"ENSG00000243478",2.07870242763568,1.88817804352843,0.584232630607637,9.43126851114673e-05,0.000973305748506362,"ENSG00000243478","AOX2P","Up","Significant"
"ENSG00000082146",669.198484144719,1.03081808996088,0.213477450736542,2.44068145793189e-07,6.3203087305904e-06,"ENSG00000082146","STRADB","Up","Significant"
"ENSG00000082126",0.767258695288829,1.93454772903982,1.02226404435646,0.00241870516699591,0.0131957654576467,"ENSG00000082126","MPP4","Up","Significant"
"ENSG00000138395",1.872136704762,1.15699860561757,0.618275960323412,0.00571554173293324,0.0256457000440359,"ENSG00000138395","CDK15","Up","Significant"
"ENSG00000222035",1.17219095576693,1.81967112731612,0.87860423327347,0.00165359596440512,0.00972964831804235,"ENSG00000222035","KIAA2012-AS1","Up","Significant"
"ENSG00000287041",0.654081111355934,3.18713570264392,1.64309884765209,0.00510217877285931,0.0234589611004038,"ENSG00000287041","ENSG00000287041","Up","Significant"
"ENSG00000227890",1.09725020200651,1.37140138471693,0.714679194627119,0.00450457701796276,0.0212836817956732,"ENSG00000227890","PSMA2P3","Up","Significant"
"ENSG00000183671",2.2463398761504,1.3802857380967,0.678714181232598,0.00307774235533325,0.0159101120346955,"ENSG00000183671","CMKLR2","Up","Significant"
"ENSG00000279220",1.10653805106132,1.15488417445293,0.860237230279008,0.012176517277942,0.0455902608969695,"ENSG00000279220","ENSG00000279220","Up","Significant"
"ENSG00000232125",9.41068821988589,1.61440061649808,0.423251460492759,1.04921048172746e-05,0.000156675552728188,"ENSG00000232125","DYTN","Up","Significant"
"ENSG00000138400",2.13974155176047,1.09248694846275,0.612039488321558,0.00712988246282649,0.0304273091501341,"ENSG00000138400","MDH1B","Up","Significant"
"ENSG00000163251",43.6349518420122,1.0603813197934,0.273233990427752,1.50058205622038e-05,0.000211450816324174,"ENSG00000163251","FZD5","Up","Significant"
"ENSG00000118231",0.819358081430206,1.9259983768567,1.0598907603396,0.00252599614408198,0.0136526835473707,"ENSG00000118231","CRYGD","Up","Significant"
"ENSG00000231908",3.80937449329611,1.21109920509274,0.365878511915079,0.000117794762471736,0.00117127142304611,"ENSG00000231908","IDH1-AS1","Up","Significant"
"ENSG00000144406",4.61332613053621,1.92606550498381,0.531924124424018,1.96906239563317e-05,0.000265521585799936,"ENSG00000144406","UNC80","Up","Significant"
"ENSG00000021826",5.19560093318239,1.53521494787414,0.415319032511464,1.98029654905556e-05,0.000266390032365727,"ENSG00000021826","CPS1","Up","Significant"
"ENSG00000178568",2.01497076038917,2.21780697067906,0.683758932552147,8.28358744692439e-05,0.000872327881077905,"ENSG00000178568","ERBB4","Up","Significant"
"ENSG00000115414",175.655958583222,2.6000699050919,0.52603098692072,4.29455399265834e-08,1.39309012332999e-06,"ENSG00000115414","FN1","Up","Significant"
"ENSG00000237525",5.0768020053901,1.36680914914646,0.346054591125438,8.69045664580784e-06,0.000133827441058996,"ENSG00000237525","ENSG00000237525","Up","Significant"
"ENSG00000224391",0.584320562494579,5.06828429009138,2.43401341242531,0.00126041493374178,0.00784404006168322,"ENSG00000224391","LINC01280","Up","Significant"
"ENSG00000115457",63.3992566067319,1.68931152027409,0.519634347934481,7.85954940388701e-05,0.000835285889549159,"ENSG00000115457","IGFBP2","Up","Significant"
"ENSG00000079308",285.116137558728,2.22368835375729,0.391912177425114,8.95101041885120e-10,4.54453648674674e-08,"ENSG00000079308","TNS1","Up","Significant"
"ENSG00000229754",845.459522525068,1.11065830443811,0.29243790894667,1.98779999521133e-05,0.000267184877816031,"ENSG00000229754","ENSG00000229754","Up","Significant"
"ENSG00000127831",74.5783188526217,1.41942305541835,0.361919378330091,8.17646388690945e-06,0.000127257375005318,"ENSG00000127831","VIL1","Up","Significant"
"ENSG00000236445",1.44527768974226,1.27751068492181,1.28878229252057,0.0120574754360822,0.045239496628337,"ENSG00000236445","ENSG00000236445","Up","Significant"
"ENSG00000181378",2.61501999645119,1.71952149265246,0.687061910359798,0.000743831363117434,0.00518731428651449,"ENSG00000181378","CFAP65","Up","Significant"
"ENSG00000054356",24.1624715868648,1.91386500400624,0.380040116438892,3.40440691019961e-08,1.14998257211571e-06,"ENSG00000054356","PTPRN","Up","Significant"
"ENSG00000072182",2.42651127808776,1.92667458999762,0.604277005513323,9.98615422203016e-05,0.00101987736265041,"ENSG00000072182","ASIC4","Up","Significant"
"ENSG00000123989",418.834886644978,1.43067449176178,0.188561104906848,3.57614680296107e-15,5.05624908103049e-13,"ENSG00000123989","CHPF","Up","Significant"
"ENSG00000188760",5.62051666965812,1.18431265519657,0.310640648911787,1.90445944798714e-05,0.000258067882180362,"ENSG00000188760","TMEM198","Up","Significant"
"ENSG00000236451",1.53824603032941,1.49588866672352,0.799839388631961,0.0037379887834365,0.0184119162346279,"ENSG00000236451","ENSG00000236451","Up","Significant"
"ENSG00000224819",1.40158596938787,3.5837892943841,0.931628494272397,3.71925129849282e-07,9.0507183559329e-06,"ENSG00000224819","ENSG00000224819","Up","Significant"
"ENSG00000226726",13.2836921841209,-1.10873306709174,0.305489761096535,3.95236388582905e-05,0.000471277165694006,"ENSG00000226726","TMEM256P2","Down","Significant"
"ENSG00000135903",0.927506834403438,1.22720133174344,1.12893349784482,0.0100868393968338,0.0396155533694916,"ENSG00000135903","PAX3","Up","Significant"
"ENSG00000237732",1.51187154855283,1.12516973030316,0.662140672431507,0.00807433908409076,0.0334276041967874,"ENSG00000237732","ENSG00000237732","Up","Significant"
"ENSG00000152049",0.678070490578012,3.45032532746241,1.51399759490545,0.00170591866081156,0.00998665765288863,"ENSG00000152049","KCNE4","Up","Significant"
"ENSG00000144460",2.15823489557451,1.30611159029764,0.819331363908228,0.00665677582534767,0.02885664956424,"ENSG00000144460","NYAP2","Up","Significant"
"ENSG00000284631",1.13791344759846,3.4178190932055,1.34189533105118,0.000416308998145349,0.00324597012080621,"ENSG00000284631","SCYGR4","Up","Significant"
"ENSG00000135917",1.97912769789668,1.79950842142472,0.724438407928332,0.000800031385381723,0.00549732245129909,"ENSG00000135917","SLC19A3","Up","Significant"
"ENSG00000115009",87.420045441297,-1.96746731384029,0.83158074504391,0.000764846683361336,0.00529529907288327,"ENSG00000115009","CCL20","Down","Significant"
"ENSG00000123977",1.09426832158747,2.1419391520334,1.03980483576504,0.00135164542969696,0.00827248230239394,"ENSG00000123977","DAW1","Up","Significant"
"ENSG00000153820",1.55790577453923,1.84489479038169,0.909831287935342,0.00211252602650453,0.0118316287183922,"ENSG00000153820","SPHKAP","Up","Significant"
"ENSG00000163053",24.7758427375377,2.423588450765,0.340531772340614,7.35705038623585e-14,8.43085662235043e-12,"ENSG00000163053","SLC16A14","Up","Significant"
"ENSG00000135916",1911.52304589635,1.67031734717149,0.201007855228352,1.20707576717589e-17,2.37928834601747e-15,"ENSG00000135916","ITM2C","Up","Significant"
"ENSG00000173699",2.05919863010032,1.49175024978377,0.611547361080057,0.00115178874038418,0.00734159079902545,"ENSG00000173699","SPATA3","Up","Significant"
"ENSG00000204128",0.648156377970816,2.4622971353998,1.2936947645003,0.00348575289844538,0.0175066087940657,"ENSG00000204128","C2orf72","Up","Significant"
"ENSG00000172799",4.17942582569033,1.37614303445633,0.438827471694413,0.000157562544887485,0.0014814150720075,"ENSG00000172799","ENSG00000172799","Up","Significant"
"ENSG00000135902",1.61889503146126,1.81145404169654,0.696690407741386,0.000679225215362503,0.00480983891411287,"ENSG00000135902","CHRND","Up","Significant"
"ENSG00000066248",1.53899918681248,1.67832404104392,0.848732799050582,0.00271955040967479,0.0144466415151859,"ENSG00000066248","NGEF","Up","Significant"
"ENSG00000130561",3.84293711881258,1.00857008643644,0.464922225540158,0.00385714473741803,0.0188795008773212,"ENSG00000130561","SAG","Up","Significant"
"ENSG00000185038",1.57611502485656,2.24384716867772,0.803747246769465,0.000294958894345542,0.00247341781547166,"ENSG00000185038","MROH2A","Up","Significant"
"ENSG00000123485",86.3504665147933,3.12529294223359,0.237887368449588,1.61481307802101e-40,4.91916103921871e-37,"ENSG00000123485","HJURP","Up","Significant"
"ENSG00000144481",2.44182688252052,1.08366816740614,0.574946451141073,0.00609122501578222,0.0269488855365522,"ENSG00000144481","TRPM8","Up","Significant"
"ENSG00000182177",2.05590924198217,2.84915982089752,0.671388804804811,1.41252189962468e-06,2.80903242341385e-05,"ENSG00000182177","ASB18","Up","Significant"
"ENSG00000222022",1.6352795609237,2.06401749540127,0.80316196773229,0.000601811304649985,0.00435894487824021,"ENSG00000222022","ENSG00000222022","Up","Significant"
"ENSG00000115648",3.11530070625206,4.54686543291926,0.789418237375747,3.95167153696918e-13,4.03197854560403e-11,"ENSG00000115648","MLPH","Up","Significant"
"ENSG00000168427",2.29079550719381,1.84127738704371,0.639522465256621,0.000284066607584104,0.0024042816097678,"ENSG00000168427","KLHL30","Up","Significant"
"ENSG00000225493",0.768487744426989,1.37451561262691,1.07362968417292,0.00878422598648617,0.0356356693197536,"ENSG00000225493","LINC01107","Up","Significant"
"ENSG00000227744",0.830358697984972,1.230165096571,1.34742734069666,0.0138022825672179,0.049946078460573,"ENSG00000227744","LINC01940","Up","Significant"
"ENSG00000288082",0.732908000536282,2.28571479397511,1.08543753994672,0.00150490520625028,0.00902916178267515,"ENSG00000288082","LOC124908011","Up","Significant"
"ENSG00000063660",30.5479853638857,1.05126534325138,0.254158686016634,5.45922557245393e-06,8.94101611472917e-05,"ENSG00000063660","GPC1","Up","Significant"
"ENSG00000172482",0.865750149292962,1.33760300031688,1.00234928698433,0.00832940272914284,0.0342172313412832,"ENSG00000172482","AGXT","Up","Significant"
"ENSG00000226321",49.8626945261864,-1.85529330082883,0.415413425088067,5.50229009267691e-07,1.2542601273164e-05,"ENSG00000226321","CROCC2","Down","Significant"
"ENSG00000233392",84.6137795535037,-1.56747291740928,0.493712171503829,0.000108294841091745,0.001090727932114,"ENSG00000233392","UICLM","Down","Significant"
"ENSG00000204099",19.5471136376211,1.33596697431164,0.506868300129801,0.000696587698355775,0.00491720185047475,"ENSG00000204099","NEU4","Up","Significant"
"ENSG00000235151",5.85596694222954,1.00783367104886,0.551210645608927,0.00735978515323007,0.0311680970804149,"ENSG00000235151","ENSG00000235151","Up","Significant"
"ENSG00000224957",1.69157083703079,1.48772530781926,0.701409576258655,0.00236112782245957,0.0129533451543546,"ENSG00000224957","LINC01266","Up","Significant"
"ENSG00000235158",1.03296737625397,2.43015488569874,1.03529028524457,0.000572484660790171,0.00419584175380967,"ENSG00000235158","ENSG00000235158","Up","Significant"
"ENSG00000134115",1.41892097821244,1.08986586588008,0.723236326421479,0.0113124349665574,0.0430808481980193,"ENSG00000134115","CNTN6","Up","Significant"
"ENSG00000144619",1.35279782465106,1.28627481219621,0.942698394775756,0.00967246992881856,0.0383895443609901,"ENSG00000144619","CNTN4","Up","Significant"
"ENSG00000196277",2.15846791644591,1.4732125100112,0.517983978359927,0.00041422647278209,0.00323173803875554,"ENSG00000196277","GRM7","Up","Significant"
"ENSG00000125046",1.83938453852493,1.21786402121916,0.601349843084031,0.00387793464426053,0.0189474340041203,"ENSG00000125046","SSUH2","Up","Significant"
"ENSG00000215160",1.4449510661882,3.14663799308367,0.951555944688727,1.61665525186738e-05,0.000224606507056458,"ENSG00000215160","OR7E122P","Up","Significant"
"ENSG00000180914",15.7657237075869,1.92345515103647,0.365743802458506,1.12256385404877e-08,4.25039459721134e-07,"ENSG00000180914","OXTR","Up","Significant"
"ENSG00000157087",3.30941411019057,1.45190984386294,0.527717307222696,0.000484353773940865,0.00367033256693452,"ENSG00000157087","ATP2B2","Up","Significant"
"ENSG00000132164",2.90738310352507,1.85241573954055,0.699464830040205,0.000470675595757051,0.00358388788977738,"ENSG00000132164","SLC6A11","Up","Significant"
"ENSG00000157103",2.83845760909105,2.14396068111036,0.549257782483294,6.78491166156947e-06,0.000108264573746444,"ENSG00000157103","SLC6A1","Up","Significant"
"ENSG00000230342",0.949136110020807,1.2010153965976,0.765822021187115,0.00841795196904035,0.0345090717556365,"ENSG00000230342","FANCD2P2","Up","Significant"
"ENSG00000157152",11.2131268882878,2.35099788514641,0.496324745396042,1.24870532151569e-07,3.53104359651218e-06,"ENSG00000157152","SYN2","Up","Significant"
"ENSG00000157150",2.19725659899081,4.58268722798798,1.18192108630648,8.9872075905978e-05,0.000933226957401121,"ENSG00000157150","TIMP4","Up","Significant"
"ENSG00000132170",43.1552145265675,2.99039082989256,0.423537255845588,9.22990056710652e-14,1.04136275455614e-11,"ENSG00000132170","PPARG","Up","Significant"
"ENSG00000088726",199.450526659495,1.99280264673558,0.348729834757485,7.77130752361571e-10,4.04361403429874e-08,"ENSG00000088726","TMEM40","Up","Significant"
"ENSG00000180438",1.43365680764352,1.37156723640946,0.675207800744771,0.00341340448684017,0.0172232752521498,"ENSG00000180438","ENSG00000180438","Up","Significant"
"ENSG00000260902",0.569148859308156,2.05683716885028,1.47469213060228,0.0112717544522136,0.0429698771261917,"ENSG00000260902","LINC02011","Up","Significant"
"ENSG00000154783",5.39422276500167,1.8090702954099,0.451586100805876,4.54783095941266e-06,7.63493324744282e-05,"ENSG00000154783","FGD5","Up","Significant"
"ENSG00000131386",1.97895022687654,1.24158584633889,0.612256521601214,0.00366612267813831,0.018146964977982,"ENSG00000131386","GALNT15","Up","Significant"
"ENSG00000129810",31.9843212639308,1.65750671263999,0.227485232643638,2.96868253876657e-14,3.60426026056265e-12,"ENSG00000129810","SGO1","Up","Significant"
"ENSG00000151789",17.2806626460457,2.11672630887927,0.422212753814666,3.43923078355893e-08,1.15824305855554e-06,"ENSG00000151789","ZNF385D","Up","Significant"
"ENSG00000225542",0.783337292880546,1.49584913860779,1.4224903639639,0.0109008073728753,0.0419711770949879,"ENSG00000225542","ZNF385D-AS1","Up","Significant"
"ENSG00000132967",123.345908941489,1.22703178050243,0.295776382610332,3.99991461094493e-06,6.86645177756934e-05,"ENSG00000132967","ENSG00000132967","Up","Significant"
"ENSG00000224074",0.803547889346867,3.86728363475618,1.43552247559754,0.00021960467288677,0.00194137062757102,"ENSG00000224074","LINC00691","Up","Significant"
"ENSG00000228791",1.50881233108522,1.46926415862448,0.824326226752103,0.00453774226069827,0.0214084814364603,"ENSG00000228791","ENSG00000228791","Up","Significant"
"ENSG00000179796",1.95907807267683,2.19170731966551,0.649039954609699,5.53398548762646e-05,0.00062669253026318,"ENSG00000179796","LRRC3B","Up","Significant"
"ENSG00000235904",1.24038120590486,1.29908097188109,0.930085299773998,0.00901754540458642,0.0363752171617054,"ENSG00000235904","RBMS3-AS3","Up","Significant"
"ENSG00000203506",0.851176605316241,2.40313681619056,1.16396830572153,0.00151228122683926,0.00906530082829281,"ENSG00000203506","RBMS3-AS2","Up","Significant"
"ENSG00000287774",1.20132924890142,2.77430393198576,1.03090513680467,0.000221056715041185,0.00195085316415988,"ENSG00000287774","ENSG00000287774","Up","Significant"
"ENSG00000230111",0.712433410394865,1.74896524411804,1.51980510060061,0.0109895251931801,0.0422109123909071,"ENSG00000230111","H3P11","Up","Significant"
"ENSG00000144668",29.2727800980819,1.57663540931138,0.373237742882409,1.96413270676105e-06,3.73530776792599e-05,"ENSG00000144668","ITGA9","Up","Significant"
"ENSG00000235257",12.8141719136716,1.38801072144406,0.301325211161296,4.08372016508184e-07,9.77924369022475e-06,"ENSG00000235257","ITGA9-AS1","Up","Significant"
"ENSG00000144677",205.010033849822,1.35019679190659,0.301753017998763,8.35426581333815e-07,1.8095868981199e-05,"ENSG00000144677","CTDSPL","Up","Significant"
"ENSG00000185313",1.97561744904532,2.44230575505682,0.810375765446842,0.000152184525195047,0.00144340539336565,"ENSG00000185313","SCN10A","Up","Significant"
"ENSG00000168334",2.20989287361858,1.04838672146334,0.549167833768409,0.00623705841077696,0.0274464635609038,"ENSG00000168334","XIRP1","Up","Significant"
"ENSG00000168314",2.81316848951958,2.09534518182198,0.718686362386753,0.000198919605628905,0.00178894177805126,"ENSG00000168314","MOBP","Up","Significant"
"ENSG00000010282",0.516600659478085,2.04181306674658,1.30146484963863,0.00830547922997052,0.0341458840661898,"ENSG00000010282","HHATL","Up","Significant"
"ENSG00000163808",83.5315836033645,2.30609510158723,0.233460857436015,3.77884486175159e-24,1.37636209209167e-21,"ENSG00000163808","KIF15","Up","Significant"
"ENSG00000249992",90.3368197964535,1.95372078779068,0.323198635001522,1.07134078444932e-10,6.79915877767277e-09,"ENSG00000249992","TMEM158","Up","Significant"
"ENSG00000279017",0.580050905715617,4.75894124720307,2.64202818154969,0.0117713456995983,0.0443891504581902,"ENSG00000279017","ENSG00000279017","Up","Significant"
"ENSG00000163817",3.03759510709593,1.24194806319541,0.480475300654649,0.00103027357754318,0.00672185305878004,"ENSG00000163817","SLC6A20","Up","Significant"
"ENSG00000183625",17.3652772712679,1.02032990724133,0.267702091099093,2.24047480429731e-05,0.000295110338904082,"ENSG00000183625","CCR3","Up","Significant"
"ENSG00000163823",2449.8784085292,1.0327743485356,0.227895713740439,1.05605955631291e-06,2.19389334609358e-05,"ENSG00000163823","CCR1","Up","Significant"
"ENSG00000121797",310.637288719516,-1.49130876720753,0.393412550140784,1.25934659580324e-05,0.000183316442566337,"ENSG00000121797","CCRL2","Down","Significant"
"ENSG00000012223",10.392047243692,4.1244993552153,0.782345668123422,6.97119106743504e-09,2.79757654465486e-07,"ENSG00000012223","LTF","Up","Significant"
"ENSG00000163827",7.03420170517976,1.04339714718052,0.34314711381866,0.000334602488641735,0.00273334831591806,"ENSG00000163827","LRRC2","Up","Significant"
"ENSG00000268324",0.569168079583668,3.05670358799452,1.61860132926854,0.00704859593147412,0.0301764917679528,"ENSG00000268324","LRRC2-AS1","Up","Significant"
"ENSG00000164045",32.3069678020343,2.96981521445676,0.285469241238557,1.81892095728677e-26,8.96326799378272e-24,"ENSG00000164045","CDC25A","Up","Significant"
"ENSG00000164047",12.4214780823257,1.13818582278846,0.29543111720033,1.5143824852863e-05,0.000213216145796045,"ENSG00000164047","CAMP","Up","Significant"
"ENSG00000173421",2.49468436345467,1.29574473662648,0.492836659952411,0.000852844259761525,0.00577449147309536,"ENSG00000173421","IHO1","Up","Significant"
"ENSG00000226913",1.05618239844827,2.8809597114469,1.14366345457882,0.000394589437340428,0.00310820344519051,"ENSG00000226913","BSN-DT","Up","Significant"
"ENSG00000239576",1.02717839515144,-1.16804367043605,0.845157535530275,0.0110394605495533,0.0423493169496256,"ENSG00000239576","COX6CP14","Down","Significant"
"ENSG00000187492",1.6046060477714,1.34371441939647,0.62298527373028,0.00266863223867741,0.0142575251412374,"ENSG00000187492","CDHR4","Up","Significant"
"ENSG00000164076",2.19003093934643,1.58487253749321,0.60533824230145,0.000649999224730615,0.0046401414617593,"ENSG00000164076","CAMKV","Up","Significant"
"ENSG00000234667",1.33503838175188,1.78525409033185,0.700585063965853,0.000831917528549817,0.00566369859085246,"ENSG00000234667","ACTL11P","Up","Significant"
"ENSG00000001617",4.7441766501031,1.67101855213476,0.675629941748045,0.00075997064188237,0.00526916123294772,"ENSG00000001617","SEMA3F","Up","Significant"
"ENSG00000188338",1.31814107575274,2.10545916300699,1.00599578676298,0.000983583668817113,0.00648414423733871,"ENSG00000188338","SLC38A3","Up","Significant"
"ENSG00000012171",4.88173789401164,1.09266042184293,0.375817863969637,0.000468411432371574,0.00357051835471771,"ENSG00000012171","SEMA3B","Up","Significant"
"ENSG00000179564",1.13987287430125,1.0669368972234,0.724443087194355,0.0133278200495441,0.0486388501459566,"ENSG00000179564","LSMEM2","Up","Significant"
"ENSG00000145050",441.96538986558,1.09558430220484,0.156099812343222,3.57934740569114e-13,3.69047237591705e-11,"ENSG00000145050","MANF","Up","Significant"
"ENSG00000173389",0.851958841674291,5.31153831917923,2.86175680116496,0.0101831603537942,0.0398583717200431,"ENSG00000173389","IQCF1","Up","Significant"
"ENSG00000164087",91.6397243311833,1.57066464577434,0.160736572334153,1.53086112455581e-23,5.34350264820216e-21,"ENSG00000164087","POC1A","Up","Significant"
"ENSG00000168268",167.163534545957,2.05961701709407,0.266297831003963,7.40434638552859e-16,1.17588740773781e-13,"ENSG00000168268","NT5DC2","Up","Significant"
"ENSG00000222345",1.59635955620606,-1.62671430957231,0.857413920052905,0.00346444627815603,0.0174178740187143,"ENSG00000222345","SNORD19C","Down","Significant"
"ENSG00000162267",4.38615198961353,1.42535160748415,0.444633040462797,0.000123875310891821,0.00122122323997471,"ENSG00000162267","ITIH3","Up","Significant"
"ENSG00000157445",109.725257343198,-1.87351846112729,0.271521385116435,4.09396201875274e-13,4.14454904188476e-11,"ENSG00000157445","CACNA2D3","Down","Significant"
"ENSG00000114251",1.20624699041643,1.64862110444895,0.84467709210829,0.00284039862415673,0.0149678815827857,"ENSG00000114251","WNT5A","Up","Significant"
"ENSG00000163666",11.8361528415499,1.36861446579127,0.479207006164402,0.000360447505933411,0.00288469918230778,"ENSG00000163666","HESX1","Up","Significant"
"ENSG00000270772",1.45935834916166,1.30397668253074,0.673165983133638,0.00449255822225231,0.0212418701099835,"ENSG00000270772","PDHA1P1","Up","Significant"
"ENSG00000168306",31.398906155661,1.70374388731749,0.391886448123389,1.04467931854403e-06,2.17699995554053e-05,"ENSG00000168306","ACOX2","Up","Significant"
"ENSG00000241472",2.72196898834028,1.65922350613574,0.576022177097866,0.000290250306828844,0.00244176202743506,"ENSG00000241472","PTPRG-AS1","Up","Significant"
"ENSG00000188817",0.685390463120867,1.53029824338181,1.16986573859605,0.00898626194962939,0.0362839681491904,"ENSG00000188817","SNTN","Up","Significant"
"ENSG00000163638",2.63872726741437,2.16050948334202,0.660029977317474,6.66055780389704e-05,0.000724168174726755,"ENSG00000163638","ADAMTS9","Up","Significant"
"ENSG00000241684",3.12556554523551,2.38990838369975,0.750748448835149,7.76829928513301e-05,0.000826112157237455,"ENSG00000241684","ADAMTS9-AS2","Up","Significant"
"ENSG00000151276",4.90287141806211,1.35919553423752,0.519923608923952,0.000742368802655937,0.00518034906459762,"ENSG00000151276","MAGI1","Up","Significant"
"ENSG00000240405",3.39927250176769,1.8071179607132,0.69861599162884,0.000559998288171913,0.00412870905134272,"ENSG00000240405","SAMMSON","Up","Significant"
"ENSG00000170837",209.000300048445,1.15950313216855,0.29107603977557,8.79112930013276e-06,0.000135111445382966,"ENSG00000170837","GPR27","Up","Significant"
"ENSG00000241163",1231.47636624727,-1.08059857124961,0.217493999751196,1.01939176442528e-07,2.97550510750234e-06,"ENSG00000241163","LINC00877","Down","Significant"
"ENSG00000242609",5.65409632863941,-1.33191003185212,0.37177200340022,3.82246708714612e-05,0.00045892887718803,"ENSG00000242609","CCDC137P1","Down","Significant"
"ENSG00000113805",0.794903450512511,2.26647320241997,1.87663206014609,0.0112988024308274,0.0430436073959295,"ENSG00000113805","CNTN3","Up","Significant"
"ENSG00000241622",0.839713331288597,1.60061907982173,1.03002175667303,0.00472025271677081,0.0220662595265448,"ENSG00000241622","ENSG00000241622","Up","Significant"
"ENSG00000236138",9.77339065169384,2.08037447258815,0.456694391978193,3.38184950547119e-07,8.33478143695303e-06,"ENSG00000236138","DUX4L26","Up","Significant"
"ENSG00000185008",2.09146772054339,2.80520586943035,0.762228137736007,1.36126797919881e-05,0.000195352157237572,"ENSG00000185008","ROBO2","Up","Significant"
"ENSG00000243694",0.700489046370585,3.20049263766595,1.73845403397569,0.00664489494770128,0.0288237909129479,"ENSG00000243694","ENSG00000243694","Up","Significant"
"ENSG00000239440",1.33964969341701,1.47738715583054,0.755451785590018,0.00350538186379381,0.0175867406608574,"ENSG00000239440","LINC02008","Up","Significant"
"ENSG00000287158",0.673575922431488,2.20156246247141,1.67903750849146,0.0123719071508001,0.0460684783549463,"ENSG00000287158","LOC105377188","Up","Significant"
"ENSG00000242641",1.72040596639097,2.27333937697299,0.897484878357296,0.000501080806257269,0.00377319477233142,"ENSG00000242641","LINC00971","Up","Significant"
"ENSG00000241776",0.654941661044495,1.7638701617624,1.31677999883252,0.00888435831757479,0.0359722043092815,"ENSG00000241776","TMEM183AP5","Up","Significant"
"ENSG00000175161",8.71717390943115,1.22368082154781,0.425946027189702,0.000420797348460791,0.00327461643046276,"ENSG00000175161","CADM2","Up","Significant"
"ENSG00000206538",2.48484225019034,2.33336543855499,0.763351309405823,0.000122340836102394,0.00120929766281862,"ENSG00000206538","VGLL3","Up","Significant"
"ENSG00000240255",0.628565462264738,2.48810703797734,1.24212914256159,0.00250275474465451,0.0135608480818876,"ENSG00000240255","PSMC1P6","Up","Significant"
"ENSG00000179097",5.44015253052338,1.90901728626832,0.528074461089147,1.97709231264537e-05,0.000266172705120264,"ENSG00000179097","HTR1F","Up","Significant"
"ENSG00000242705",1.03550852971767,1.58232079594608,0.839479558917471,0.00292581581459511,0.0153045835359456,"ENSG00000242705","ICE2P2","Up","Significant"
"ENSG00000184500",148.114259972198,2.04845839601271,0.396957523819914,1.65860867544206e-08,6.0147019624829e-07,"ENSG00000184500","PROS1","Up","Significant"
"ENSG00000080224",0.934509669840252,2.14329220783436,1.10592471134116,0.00178895762095079,0.0103802910684745,"ENSG00000080224","EPHA6","Up","Significant"
"ENSG00000236032",0.766700298069789,2.10066278948032,1.2941296368665,0.00486813666172754,0.0226030748784575,"ENSG00000236032","OR5H14","Up","Significant"
"ENSG00000239445",8.20323570515363,2.22329385254354,0.407472815615004,3.37995563037678e-09,1.46329371083069e-07,"ENSG00000239445","ENSG00000239445","Up","Significant"
"ENSG00000244464",1.1645659808022,1.9275112533123,1.04352166460832,0.00239076841582125,0.0130816882504498,"ENSG00000244464","ENSG00000244464","Up","Significant"
"ENSG00000144810",2.27163021372262,1.19203606165398,0.779507377347348,0.00844593647854761,0.0345649034036739,"ENSG00000144810","COL8A1","Up","Significant"
"ENSG00000168386",38.0699624286993,-1.442286459301,0.381601513287384,1.38964398428972e-05,0.000198743407040393,"ENSG00000168386","FILIP1L","Down","Significant"
"ENSG00000181458",8.9241565074408,2.01585942757465,0.430288585381266,1.89183040301616e-07,5.06336621203424e-06,"ENSG00000181458","TMEM45A","Up","Significant"
"ENSG00000242759",3.55794662818898,2.40785933925848,0.628771759351699,7.79598800404721e-06,0.000122358670738931,"ENSG00000242759","ENSG00000242759","Up","Significant"
"ENSG00000144821",4.65789101340499,1.44162678954724,0.417337224522898,5.06265316881453e-05,0.00058077523120098,"ENSG00000144821","MYH15","Up","Significant"
"ENSG00000214381",0.969170128502226,1.79622429730749,1.11506477427854,0.00376781727074721,0.0185343201593465,"ENSG00000214381","LINC00488","Up","Significant"
"ENSG00000091986",13.1132183040449,1.06333389539918,0.280212266428401,2.1559303215598e-05,0.0002856056283676,"ENSG00000091986","CCDC80","Up","Significant"
"ENSG00000163606",219.536999647166,-1.15382666663024,0.209120274186625,4.84128167802414e-09,2.00048791494763e-07,"ENSG00000163606","CD200R1","Down","Significant"
"ENSG00000241213",1.00767830901105,2.34896685490777,1.05505590297176,0.000837798786381674,0.00569332783063547,"ENSG00000241213","LINC02024","Up","Significant"
"ENSG00000163430",108.182954863259,2.02256047641687,0.379659676462794,6.8128323703032e-09,2.7407240112777e-07,"ENSG00000163430","FSTL1","Up","Significant"
"ENSG00000145087",1.15882020238253,1.69238547820609,1.15953930319216,0.00418055338007745,0.0200979026970201,"ENSG00000145087","STXBP5L","Up","Significant"
"ENSG00000287022",0.550918294481853,2.16889610934582,1.28089529447199,0.0058880229164859,0.0262753708760855,"ENSG00000287022","ENSG00000287022","Up","Significant"
"ENSG00000051341",74.6253919751669,2.07877591795167,0.206546568399584,6.3250006723694e-25,2.61659811765958e-22,"ENSG00000051341","POLQ","Up","Significant"
"ENSG00000186103",1.00962879673791,2.54160427498459,0.902041816571671,0.000105318819976203,0.00106716913776311,"ENSG00000186103","ARGFX","Up","Significant"
"ENSG00000065485",220.087598198256,1.14363360642429,0.171407441927711,3.74201236513567e-12,3.23344584394568e-10,"ENSG00000065485","PDIA5","Up","Significant"
"ENSG00000065534",517.743928276284,1.96845341914031,0.34837621914618,1.17239598770063e-09,5.73515578859275e-08,"ENSG00000065534","MYLK","Up","Significant"
"ENSG00000082781",606.837775548632,1.98047061482043,0.342227055919359,5.36069527315853e-10,2.89261735762108e-08,"ENSG00000082781","ITGB5","Up","Significant"
"ENSG00000243986",0.723613276702719,2.6138548269181,1.36310352318475,0.0032647079217338,0.0166383418630232,"ENSG00000243986","ENO1P3","Up","Significant"
"ENSG00000221955",14.755624628038,1.84086303639336,0.309958878921187,2.26190286352425e-10,1.33675666761612e-08,"ENSG00000221955","SLC12A8","Up","Significant"
"ENSG00000144908",3.28760749480771,2.10042484461974,0.545764516488713,8.93763406190387e-06,0.00013694155454062,"ENSG00000144908","ALDH1L1","Up","Significant"
"ENSG00000250934",0.600634911554973,1.80307323075609,1.12470668083235,0.00535803343177513,0.0244043872702268,"ENSG00000250934","LOC105374088","Up","Significant"
"ENSG00000163884",0.948765060451493,2.3140335490456,1.00657045506765,0.0007077652654763,0.00498455365297296,"ENSG00000163884","KLF15","Up","Significant"
"ENSG00000159650",1.91874975615813,1.43939651707577,0.763944273737531,0.00381352972874375,0.0187070074191882,"ENSG00000159650","UROC1","Up","Significant"
"ENSG00000073111",468.460765248081,1.66749015618169,0.183981692698514,1.1522220463691e-20,2.99300841486684e-18,"ENSG00000073111","MCM2","Up","Significant"
"ENSG00000285600",1.21771235066105,1.81007483413685,1.01275833602559,0.00337344675901919,0.0170782334866255,"ENSG00000285600","ENSG00000285600","Up","Significant"
"ENSG00000074416",502.219245918708,1.17984010666739,0.271733627311053,1.80244981229309e-06,3.46917235842211e-05,"ENSG00000074416","MGLL","Up","Significant"
"ENSG00000187715",5.09944634731688,2.08466948674512,0.490425638376275,1.44951840334951e-06,2.87237801169951e-05,"ENSG00000187715","KBTBD12","Up","Significant"
"ENSG00000179348",85.1721413056905,1.20211858729455,0.265211379673092,7.32317203646727e-07,1.61576886392737e-05,"ENSG00000179348","GATA2","Up","Significant"
"ENSG00000244300",3.20643735333215,2.25686280165844,0.502293800686813,5.89744854672153e-07,1.33255295584688e-05,"ENSG00000244300","ENSG00000244300","Up","Significant"
"ENSG00000198685",1.20113125908868,1.82148384336172,1.12527919809712,0.00306765173195266,0.0158730608224215,"ENSG00000198685","LINC01565","Up","Significant"
"ENSG00000169704",529.23035120728,2.00407666322323,0.325437845109187,5.30577378828576e-11,3.64326175966532e-09,"ENSG00000169704","GP9","Up","Significant"
"ENSG00000248243",1.800697131502,1.97120832300525,0.723040474143072,0.000424746978062554,0.00329779330517867,"ENSG00000248243","LINC02014","Up","Significant"
"ENSG00000172752",1.57216687422008,2.95442810257364,0.898256873292002,2.011735302609e-05,0.000269860841693855,"ENSG00000172752","COL6A5","Up","Significant"
"ENSG00000206384",2.58659361292536,1.40658373040402,0.609587716665267,0.00158947146699856,0.0094225865203717,"ENSG00000206384","COL6A6","Up","Significant"
"ENSG00000196353",3.6263788172597,1.5394969122914,0.544219028401028,0.000350597120021544,0.00282747506493427,"ENSG00000196353","CPNE4","Up","Significant"
"ENSG00000170819",13.271278986607,1.51648966939321,0.302178963454128,4.93143139544873e-08,1.5737841393342e-06,"ENSG00000170819","BFSP2","Up","Significant"
"ENSG00000091513",7.42557864535093,1.44563354935418,0.341049737920891,2.20222921880214e-06,4.11111414444797e-05,"ENSG00000091513","TF","Up","Significant"
"ENSG00000174640",4.21061531651262,2.13413440348725,0.581783738517179,1.45009492287383e-05,0.000205459749558475,"ENSG00000174640","SLCO2A1","Up","Significant"
"ENSG00000249691",1.88941121211762,-1.1000893048311,0.623903918978678,0.00784822833701566,0.0327382401774005,"ENSG00000249691","DPPA4P2","Down","Significant"
"ENSG00000174611",3.25103366692935,1.87914097905633,0.617348462175395,0.000148586803698858,0.0014160964747284,"ENSG00000174611","KY","Up","Significant"
"ENSG00000286915",1.09198233133444,1.74011068769975,1.06034721222541,0.0035276249261251,0.0176501823406025,"ENSG00000286915","ENSG00000286915","Up","Significant"
"ENSG00000242968",0.63323071377381,2.47524763860167,1.2968294912804,0.00363411031194373,0.0180461473685421,"ENSG00000242968","SULT1D1P2","Up","Significant"
"ENSG00000261146",0.547814126959485,2.19631392137335,1.26175056346555,0.00534462840957394,0.0243597869119169,"ENSG00000261146","ENSG00000261146","Up","Significant"
"ENSG00000066405",0.966056722392486,1.30910876326141,0.952292115152229,0.0083129513901006,0.0341580242956322,"ENSG00000066405","CLDN18","Up","Significant"
"ENSG00000158220",3.82604895225182,1.14310493270515,0.423695834506991,0.000820407485685979,0.00559898868388014,"ENSG00000158220","ESYT3","Up","Significant"
"ENSG00000244578",0.786154752364435,2.43283769088642,1.0725530728775,0.000891893680099867,0.00598088159424984,"ENSG00000244578","LINC01391","Up","Significant"
"ENSG00000206260",0.631829480404027,3.17501522581399,1.63078433315958,0.00547675806134323,0.024820217186577,"ENSG00000206260","PRR23A","Up","Significant"
"ENSG00000272656",5.42269718201384,1.09718944977094,0.341142943623625,0.000176356678597642,0.00162617940097094,"ENSG00000272656","ENSG00000272656","Up","Significant"
"ENSG00000158258",2.98935206119889,2.03126999028645,0.564782553299877,2.2098945784608e-05,0.000291540777282059,"ENSG00000158258","CLSTN2","Up","Significant"
"ENSG00000175093",3.34860676452565,3.04659820177465,0.750297605788018,2.83869857398568e-06,5.12510509243998e-05,"ENSG00000175093","SPSB4","Up","Significant"
"ENSG00000288585",1.21049624882952,1.18961505787416,0.816107947437205,0.0104479694153945,0.0406668610919332,"ENSG00000288585","ENSG00000288585","Up","Significant"
"ENSG00000163710",4.22593985901028,4.32972534321205,0.954567581600948,1.32438952205323e-07,3.71683153220114e-06,"ENSG00000163710","PCOLCE2","Up","Significant"
"ENSG00000243818",1.46360021338404,1.42021391085082,0.832643299310758,0.00547298288999249,0.0248064633654482,"ENSG00000243818","HLMR1","Up","Significant"
"ENSG00000188582",1.55958479946684,1.9363942650602,0.639544845277875,0.000205240664054128,0.00183740566705578,"ENSG00000188582","PAQR9","Up","Significant"
"ENSG00000241570",2.16383648026635,1.57951377219367,0.738714641708937,0.00202586682903207,0.0114418964392442,"ENSG00000241570","PAQR9-AS1","Up","Significant"
"ENSG00000152952",30.75654682343,2.47267148453612,0.364514085744933,7.38230947078422e-13,7.19109907141013e-11,"ENSG00000152952","PLOD2","Up","Significant"
"ENSG00000243620",0.754464581936363,1.47318999824717,1.36114692301469,0.0110260754838359,0.0423173477709149,"ENSG00000243620","LOC112268449","Up","Significant"
"ENSG00000152977",1.14806227231792,2.01163429630653,0.935989375751926,0.00118062834575046,0.00747999153672758,"ENSG00000152977","ZIC1","Up","Significant"
"ENSG00000239922",1.21674972923536,2.20688519141181,0.829898096114954,0.000250928869586063,0.00217214556728478,"ENSG00000239922","LOC124909496","Up","Significant"
"ENSG00000153002",0.827277385498987,1.27996606340917,0.954569881073792,0.00865846276781369,0.0352107316610035,"ENSG00000153002","CPB1","Up","Significant"
"ENSG00000163751",9.05950155934322,1.06871114441256,0.455842550196849,0.00219097155702997,0.0121975852973114,"ENSG00000163751","CPA3","Up","Significant"
"ENSG00000163762",0.584785432139572,2.17655349835621,1.40083917474042,0.00836944824308,0.0343564671294093,"ENSG00000163762","TM4SF18","Up","Significant"
"ENSG00000169908",2.69884062154457,1.0423862084868,0.752390701479163,0.0127725069880234,0.047078862244162,"ENSG00000169908","TM4SF1","Up","Significant"
"ENSG00000144893",57.9197753722979,1.11698300558183,0.266072953557285,3.72416789041397e-06,6.46596589843947e-05,"ENSG00000144893","MED12L","Up","Significant"
"ENSG00000198829",29.8597826783067,1.54610699729225,0.397624075794303,8.23701804812999e-06,0.000128021446092202,"ENSG00000198829","SUCNR1","Up","Significant"
"ENSG00000243069",1.92420422334267,2.06124211685753,0.715398082272812,0.000249952054778999,0.00216480832349172,"ENSG00000243069","ARHGEF26-AS1","Up","Significant"
"ENSG00000114805",12.3025558609615,1.14059035906379,0.416943641761599,0.000697895295531682,0.0049222844575818,"ENSG00000114805","PLCH1","Up","Significant"
"ENSG00000174930",0.819501148623745,2.32108558621528,1.24248777178776,0.00295322143197042,0.0153950679782042,"ENSG00000174930","ENSG00000174930","Up","Significant"
"ENSG00000197980",47.7046320720301,-1.06730917780581,0.238483369928234,1.19186581236104e-06,2.43081141244103e-05,"ENSG00000197980","LEKR1","Down","Significant"
"ENSG00000197415",39.5119113447109,1.63009159450702,0.354063879086385,3.43804382899799e-07,8.4399568253402e-06,"ENSG00000197415","VEPH1","Up","Significant"
"ENSG00000244040",3.59953625752655,1.01169083518632,0.413813086570473,0.00200197947717581,0.0113413390270631,"ENSG00000244040","IL12A-AS1","Up","Significant"
"ENSG00000180044",4.27430199880858,1.45272645673592,0.62914218249078,0.00141937731248038,0.00862565956453519,"ENSG00000180044","C3orf80","Up","Significant"
"ENSG00000090402",0.615965339874298,1.67361893568456,1.23928153456217,0.00850860971387095,0.0347323222106221,"ENSG00000090402","SI","Up","Significant"
"ENSG00000244128",3.3146133938721,2.75438206471028,0.606308169196902,4.01493054448908e-07,9.63241015528039e-06,"ENSG00000244128","LINC01322","Up","Significant"
"ENSG00000169064",0.789266965251518,2.23777238382862,1.25582173050826,0.00365217028860986,0.0181143537893765,"ENSG00000169064","ZBBX","Up","Significant"
"ENSG00000244227",0.777500639676941,1.87019829607348,1.03024294594428,0.00264236466387826,0.0141510304494001,"ENSG00000244227","ENSG00000244227","Up","Significant"
"ENSG00000206120",6.02476133809118,2.01773630790965,0.47876903956106,1.61920844217747e-06,3.16373502559329e-05,"ENSG00000206120","ENSG00000206120","Up","Significant"
"ENSG00000201342",1.25266505027527,2.42886821734422,0.774075846264403,5.60309762118745e-05,0.000632808217689149,"ENSG00000201342","RNU4-38P","Up","Significant"
"ENSG00000013297",1.16563505658538,2.29776630573501,0.999529657616869,0.000685655786689372,0.00484726574850311,"ENSG00000013297","CLDN11","Up","Significant"
"ENSG00000013293",1.37826043663104,2.09935467008303,0.923251682142851,0.000959744331514599,0.00635197961776076,"ENSG00000013293","SLC7A14","Up","Significant"
"ENSG00000287899",0.993570996740859,1.72519498151068,0.991980134169049,0.00361408533535958,0.0179786795579816,"ENSG00000287899","ENSG00000287899","Up","Significant"
"ENSG00000169760",4.37504938862384,2.27555776978724,0.449273367374185,3.19495958560392e-08,1.09133436038738e-06,"ENSG00000169760","NLGN1","Up","Significant"
"ENSG00000213169",1.98288304167807,1.25157734663112,0.664954128469984,0.00482912475779128,0.0224468222373184,"ENSG00000213169","RPL8P4","Up","Significant"
"ENSG00000223715",1.15990470834732,3.04312041849686,1.19778529237273,0.000450519699000227,0.00346011106894307,"ENSG00000223715","ENSG00000223715","Up","Significant"
"ENSG00000203645",1.63206078546666,1.98788854971687,0.735647116077392,0.000483335029918799,0.00366509923456642,"ENSG00000203645","LINC00501","Up","Significant"
"ENSG00000228221",2.2160108129177,1.90760249459309,0.629965029279323,0.000179638882520469,0.00165099268084981,"ENSG00000228221","LINC00578","Up","Significant"
"ENSG00000231574",0.77021949824032,2.37114311923888,1.06856579950801,0.000995687221939069,0.00654847558782262,"ENSG00000231574","LINC02015","Up","Significant"
"ENSG00000223930",2.07453397775218,1.87257160647671,0.628930659980146,0.000210154769751835,0.00187289260096123,"ENSG00000223930","LOC105374235","Up","Significant"
"ENSG00000241696",0.985976592964679,2.01222151750872,0.965759951564707,0.00130909136175475,0.0080788795751205,"ENSG00000241696","LINC02053","Up","Significant"
"ENSG00000241473",0.835434065408415,2.09329904189896,0.984408634636703,0.00117559303410601,0.00745372695929203,"ENSG00000241473","ENSG00000241473","Up","Significant"
"ENSG00000242512",4.39508503904739,1.33746570445206,0.607580885092252,0.0020390123648591,0.0114928957668736,"ENSG00000242512","LINC01206","Up","Significant"
"ENSG00000243584",0.641005393371969,1.77809206629054,1.30590408250827,0.00914581208994806,0.0367554590215962,"ENSG00000243584","ENSG00000243584","Up","Significant"
"ENSG00000234371",0.599803656501985,2.11948166923428,1.52618488655849,0.0117020742743944,0.0441880557652335,"ENSG00000234371","RPSAP31","Up","Significant"
"ENSG00000186038",0.599893639823426,1.61831675480097,1.33748621017797,0.0117009218599307,0.0441880557652335,"ENSG00000186038","HTR3E","Up","Significant"
"ENSG00000205955",2.52926605905672,1.79019915031828,0.574879749119161,0.000131449434709679,0.00128007530011236,"ENSG00000205955","ENSG00000205955","Up","Significant"
"ENSG00000090534",0.763779436134581,1.52485896812126,1.32265007774957,0.00978704550002002,0.0387127999544469,"ENSG00000090534","THPO","Up","Significant"
"ENSG00000090539",2.13043591249131,1.94606384662106,0.606375871545261,9.99544890328687e-05,0.00102021778038453,"ENSG00000090539","CHRD","Up","Significant"
"ENSG00000187068",2.36491633987799,1.64087055502666,0.522759076157622,0.00014497758549429,0.00138603535301802,"ENSG00000187068","C3orf70","Up","Significant"
"ENSG00000163898",23.5980055445211,2.56249247263286,0.47785892137701,4.84167148832412e-09,2.00048791494763e-07,"ENSG00000163898","LIPH","Up","Significant"
"ENSG00000197099",4.93363996563437,1.12870184167613,0.349429052786019,0.000163183826007023,0.00152782028923456,"ENSG00000197099","ENSG00000197099","Up","Significant"
"ENSG00000113889",1.61483541959036,1.7469583263707,0.798888041977007,0.0016219719686051,0.00958227410013898,"ENSG00000113889","KNG1","Up","Significant"
"ENSG00000198491",0.672774654105728,5.30057159835679,2.49941591895968,0.00125017381292409,0.00780113115405462,"ENSG00000198491","LOC101929106","Up","Significant"
"ENSG00000127241",2.92554756043293,1.91527772848783,0.726702231689744,0.000460020089785341,0.00351695486849578,"ENSG00000127241","MASP1","Up","Significant"
"ENSG00000207651",1.0276143549816,1.32852156021781,0.882722862779007,0.00844155718879024,0.0345649034036739,"ENSG00000207651","MIR28","Up","Significant"
"ENSG00000234076",23.2522482564948,1.00134237675851,0.375579142846771,0.00109604609868622,0.00706024773565485,"ENSG00000234076","ENSG00000234076","Up","Significant"
"ENSG00000223812",0.938743767144627,1.47485880768409,1.01453557135824,0.00582618590781226,0.0260614917890087,"ENSG00000223812","ENSG00000223812","Up","Significant"
"ENSG00000114279",1.06640137590489,2.11056538561363,1.02008409539337,0.00126502217799816,0.00786764539997582,"ENSG00000114279","FGF12","Up","Significant"
"ENSG00000127252",15.149403686938,1.82157118827029,0.396163742715701,3.20484947596706e-07,7.94902302666027e-06,"ENSG00000127252","PLAAT1","Up","Significant"
"ENSG00000187527",1.62175878124259,1.44027838578893,0.675627803800285,0.00247872944725509,0.0134549383221298,"ENSG00000187527","ATP13A5","Up","Significant"
"ENSG00000230102",2.25001675292067,2.41301675493756,0.668748974777698,2.12955813492146e-05,0.000282947516031258,"ENSG00000230102","LINC02028","Up","Significant"
"ENSG00000114315",51.6380388928739,-1.25334058239911,0.509635981230596,0.00121758841439256,0.00764907577388082,"ENSG00000114315","HES1","Down","Significant"
"ENSG00000238097",0.591706958731033,1.61186706475655,1.35373336055414,0.0126739487177734,0.0468185809264543,"ENSG00000238097","LINC02037","Up","Significant"
"ENSG00000214145",3.14189026630235,2.75775641871532,0.524551190887114,1.51285219555705e-08,5.54640746399575e-07,"ENSG00000214145","LINC00887","Up","Significant"
"ENSG00000172061",1.13306705416755,3.1048098101635,1.01275427454397,3.30361704696073e-05,0.000409396832938636,"ENSG00000172061","LRRC15","Up","Significant"
"ENSG00000237222",2.52996212171756,1.79908319282339,0.735674963498665,0.000848525511529093,0.00575106014680995,"ENSG00000237222","LINC01968","Up","Significant"
"ENSG00000229178",1.98214870915965,1.08743646611403,0.499049217133755,0.00353881803002739,0.0176882836169731,"ENSG00000229178","ENSG00000229178","Up","Significant"
"ENSG00000145113",4.35108659293547,1.63300174847743,0.441964565255698,1.78566493226312e-05,0.000244727387383251,"ENSG00000145113","MUC4","Up","Significant"
"ENSG00000223783",0.603014026331865,1.66082923660683,1.30364620787072,0.0110322184195856,0.0423312271867508,"ENSG00000223783","LOC107984010","Up","Significant"
"ENSG00000233487",0.985556862953929,1.25569666298287,1.2475992004507,0.0105157396939822,0.040849979295809,"ENSG00000233487","ENSG00000233487","Up","Significant"
"ENSG00000130997",2.99679982088238,1.02874282991249,0.390646426285936,0.00122086607847294,0.00766535533512266,"ENSG00000130997","POLN","Up","Significant"
"ENSG00000109758",1.27919229018385,1.82872312593941,0.827695825241477,0.00160218235443066,0.00948198588163542,"ENSG00000109758","HGFAC","Up","Significant"
"ENSG00000216560",0.670316732383647,1.65269871082708,1.42764970947385,0.0109937224181578,0.0422221942131862,"ENSG00000216560","ENSG00000216560","Up","Significant"
"ENSG00000250986",1.40947500702126,1.38000578304502,0.941205651120079,0.00772916634115382,0.032394826132048,"ENSG00000250986","ENSG00000250986","Up","Significant"
"ENSG00000248516",11.7273770855564,2.479407672044,0.516562697096425,8.9623569641815e-08,2.65300017237419e-06,"ENSG00000248516","ENSG00000248516","Up","Significant"
"ENSG00000273396",0.598888285059377,1.60705557936155,1.35971092442334,0.0124489691038536,0.0462423795256655,"ENSG00000273396","LINC01396","Up","Significant"
"ENSG00000245468",3.02682653221106,1.12575125830924,0.45555526860639,0.00157311016065657,0.00935463147709691,"ENSG00000245468","ENSG00000245468","Up","Significant"
"ENSG00000178597",0.978021778075145,1.4816540276163,0.807468204245965,0.00331629836448948,0.0168449055473212,"ENSG00000178597","PSAPL1","Up","Significant"
"ENSG00000155269",1.97834107554167,3.72876783436778,0.912283344325477,3.02359486594067e-07,7.54974965445649e-06,"ENSG00000155269","GPR78","Up","Significant"
"ENSG00000251210",0.613369350088763,3.153404718767,1.57725841248188,0.00440684696136313,0.020940021955235,"ENSG00000251210","LINC02270","Up","Significant"
"ENSG00000287360",0.627751499646615,1.29946789294233,1.07473259101281,0.0109410117497706,0.0420824566945666,"ENSG00000287360","ENSG00000287360","Up","Significant"
"ENSG00000249930",1.33364300438059,2.26720516914966,0.694557843524234,4.79900202582258e-05,0.00055643515184529,"ENSG00000249930","ENSG00000249930","Up","Significant"
"ENSG00000004468",937.967767195706,1.56713756651393,0.222272885156451,1.76473268447555e-13,1.90142853775213e-11,"ENSG00000004468","CD38","Up","Significant"
"ENSG00000007062",18.5936443903007,1.89319639188795,0.448295115117429,1.65429292951097e-06,3.22664154685582e-05,"ENSG00000007062","PROM1","Up","Significant"
"ENSG00000109805",89.2544493825456,3.10186819740035,0.278353069969934,4.86452890326514e-30,3.54359780477199e-27,"ENSG00000109805","NCAPG","Up","Significant"
"ENSG00000145147",3.501209327942,1.5542395484189,0.474171126845754,8.85669871288965e-05,0.000923394888519662,"ENSG00000145147","SLIT2","Up","Significant"
"ENSG00000280650",0.672808995764556,1.32501808582821,1.24530248937273,0.0128039354001215,0.0471687633380245,"ENSG00000280650","KCNIP4-IT1","Up","Significant"
"ENSG00000250039",0.989445259235941,2.44274839313563,0.954216517387981,0.000290327880182058,0.00244176202743506,"ENSG00000250039","ENSG00000250039","Up","Significant"
"ENSG00000248837",1.37797555394724,2.46432819561351,0.843564419385461,0.000108344645841471,0.00109090166391281,"ENSG00000248837","LOC105374524","Up","Significant"
"ENSG00000207697",3.72933875742839,1.43369575656657,0.412695729980079,5.09612114431203e-05,0.000583216951587267,"ENSG00000207697","MIR573","Up","Significant"
"ENSG00000261121",1.05282216145038,1.78412121128566,0.97739989232343,0.00257107948338935,0.0138489475018315,"ENSG00000261121","LINC02473","Up","Significant"
"ENSG00000248608",1.08432774986084,1.27733742120787,1.00542279423652,0.0112592977556238,0.0429370443260723,"ENSG00000248608","ISYNA1P1","Up","Significant"
"ENSG00000157765",1.33329412455521,1.61764636013772,0.854232123923844,0.00349782968060456,0.0175593670063488,"ENSG00000157765","SLC34A2","Up","Significant"
"ENSG00000205830",1.04920470347748,1.58967772349764,1.14091242750328,0.00569633364584162,0.0255800648805289,"ENSG00000205830","ENSG00000205830","Up","Significant"
"ENSG00000169851",1.34138051340023,1.71639618002017,0.960337189515385,0.00340297175931758,0.0171897156774423,"ENSG00000169851","PCDH7","Up","Significant"
"ENSG00000251129",1.81184379663,-1.9134462337514,0.956568599465179,0.001953643786257,0.0111372319893987,"ENSG00000251129","LINC02506","Down","Significant"
"ENSG00000250723",0.930610280475426,2.29859123319908,1.01669045431551,0.000846251414840376,0.00573912945960052,"ENSG00000250723","ENSG00000250723","Up","Significant"
"ENSG00000261761",0.784968327483573,1.48428887117741,1.44033704485633,0.0111516370785561,0.0426624280015228,"ENSG00000261761","LINC02616","Up","Significant"
"ENSG00000247810",0.883476894521965,1.31046652490438,1.01826365377063,0.00841271512664433,0.0345044885163678,"ENSG00000247810","ENSG00000247810","Up","Significant"
"ENSG00000174145",1.010727000952,2.33364860386914,1.1057736994762,0.00123375509013077,0.00773613385389073,"ENSG00000174145","NWD2","Up","Significant"
"ENSG00000154277",30.0126944173048,5.03960720935298,0.519310592162632,2.16939580531432e-23,7.34285697376539e-21,"ENSG00000154277","UCHL1","Up","Significant"
"ENSG00000250781",0.775450409810066,1.29759513640955,1.20585848524768,0.0124268228225903,0.0461857149470027,"ENSG00000250781","LOC105374428","Up","Significant"
"ENSG00000178343",1.99884494843894,2.71763029942163,0.796574956620228,3.73099165649431e-05,0.000450204535172733,"ENSG00000178343","SHISA3","Up","Significant"
"ENSG00000177752",0.679669400573782,1.8488010129068,1.31554584417646,0.00777654499130153,0.032528304345715,"ENSG00000177752","YIPF7","Up","Significant"
"ENSG00000151834",1.10030607314998,1.91022924958318,0.952032802671665,0.00165031515180294,0.00971716928866009,"ENSG00000151834","GABRA2","Up","Significant"
"ENSG00000109182",0.809169036687088,1.65170315978939,1.26653820169513,0.00672344218502649,0.029085440766596,"ENSG00000109182","CWH43","Up","Significant"
"ENSG00000250302",0.771313114576076,1.40462157935036,1.06225775919694,0.00787170793540016,0.0327968284639283,"ENSG00000250302","LOC107986281","Up","Significant"
"ENSG00000109265",5.00074632951677,1.73516699931614,0.474662290680962,1.88872264725469e-05,0.000256335387553088,"ENSG00000109265","CRACD","Up","Significant"
"ENSG00000286093",1.14517756128525,2.72911078650549,0.952085265248527,9.55903365237959e-05,0.000984368957153005,"ENSG00000286093","ENSG00000286093","Up","Significant"
"ENSG00000248590",0.785364923238858,2.02165146040066,1.00542410501728,0.00179932577432461,0.0104278117211767,"ENSG00000248590","ENSG00000248590","Up","Significant"
"ENSG00000280285",1.94198912699258,1.45518956782234,0.795247824290612,0.00414220463928939,0.0199541597553117,"ENSG00000280285","ENSG00000280285","Up","Significant"
"ENSG00000150471",1.91721205715122,1.74716243810544,0.620077385170927,0.000374201858951879,0.00297488258401388,"ENSG00000150471","ADGRL3","Up","Significant"
"ENSG00000250768",0.794994696521537,2.26241474827839,1.20060715674938,0.00259599758573929,0.0139562462859839,"ENSG00000250768","ENSG00000250768","Up","Significant"
"ENSG00000250125",0.911216249925619,1.90144672575528,0.897938061871717,0.0011474930110207,0.00732267059727534,"ENSG00000250125","LINC02232","Up","Significant"
"ENSG00000145242",1.34344790124051,1.65496294511523,0.823380146678761,0.00271359995909061,0.0144264669251416,"ENSG00000145242","EPHA5","Up","Significant"
"ENSG00000198092",0.76175046156814,2.82624420983341,1.2874244477741,0.00159131147883891,0.00942773273416071,"ENSG00000198092","TMPRSS11F","Up","Significant"
"ENSG00000250026",0.806790429269746,1.23429072785896,1.21081412893382,0.0114055147702204,0.0433761655243805,"ENSG00000250026","TMPRSS11BNL","Up","Significant"
"ENSG00000185873",0.87477687315192,5.95810406164751,2.43693357731236,6.84784727532033e-06,0.000108905797033084,"ENSG00000185873","TMPRSS11B","Up","Significant"
"ENSG00000187533",1.25259685854621,2.30688502741775,0.829882361255875,0.000178665179119718,0.00164294497451225,"ENSG00000187533","PRR27","Up","Significant"
"ENSG00000286848",7.12043294366337,2.55852915728396,0.434576557344889,3.0281260548367e-10,1.73452095677817e-08,"ENSG00000286848","LOC101927297","Up","Significant"
"ENSG00000132465",7569.94447248867,3.43528752699534,0.33173010116224,2.42275672979873e-26,1.17658196027283e-23,"ENSG00000132465","JCHAIN","Up","Significant"
"ENSG00000124875",0.987242257030078,1.58964067761667,1.01678900563622,0.00461997202966155,0.0217095278000181,"ENSG00000124875","CXCL6","Up","Significant"
"ENSG00000109272",247.87563254706,2.7576858296735,0.458967485609582,1.08032319114011e-10,6.84320412323516e-09,"ENSG00000109272","PF4V1","Up","Significant"
"ENSG00000163737",1174.81360486299,1.93869877045173,0.314293851905825,5.08006416431798e-11,3.50263107164879e-09,"ENSG00000163737","PF4","Up","Significant"
"ENSG00000163736",4892.29213138309,2.12817915087292,0.34355624006976,4.38379575400181e-11,3.07315087700516e-09,"ENSG00000163736","PPBP","Up","Significant"
"ENSG00000163735",99.7619221151076,1.88903627166044,0.417271335438058,4.16074650366237e-07,9.90920075275212e-06,"ENSG00000163735","CXCL5","Up","Significant"
"ENSG00000287037",6.68015394723513,2.08933457822674,0.512736857903667,3.10658112819477e-06,5.53420664671338e-05,"ENSG00000287037","ENSG00000287037","Up","Significant"
"ENSG00000288019",1.22141998516548,1.33145921943586,0.687991110346937,0.00439456484809999,0.0208994427327537,"ENSG00000288019","ENSG00000288019","Up","Significant"
"ENSG00000287401",0.814464591212416,1.48708975612024,0.894930405901867,0.00521203967532781,0.0238593220601857,"ENSG00000287401","ENSG00000287401","Up","Significant"
"ENSG00000163749",1.2493151849764,1.4628829932532,0.818917984511857,0.00451208396068813,0.0213131408850717,"ENSG00000163749","CCDC158","Up","Significant"
"ENSG00000138771",3.17970227618454,1.21323393499486,0.599669761969257,0.00366745381722209,0.0181498611669317,"ENSG00000138771","SHROOM3","Up","Significant"
"ENSG00000156234",1.73670581475799,3.59028372167857,0.863330216360719,1.64591897439414e-07,4.48399178154254e-06,"ENSG00000156234","CXCL13","Up","Significant"
"ENSG00000138759",5.8799147841041,1.66040701184693,0.674891297461298,0.000805780787909488,0.0055220834356963,"ENSG00000138759","FRAS1","Up","Significant"
"ENSG00000138772",34.2000238201741,3.69812494033898,0.59552331795945,2.71674662098525e-11,2.00077939610098e-09,"ENSG00000138772","ANXA3","Up","Significant"
"ENSG00000287632",3.55344091538767,3.20679946748487,0.71070896664914,4.31676642342742e-07,1.0198804191983e-05,"ENSG00000287632","ENSG00000287632","Up","Significant"
"ENSG00000250546",0.870346882177463,1.12802551376849,1.40697689871579,0.0132862061200641,0.0485557291828147,"ENSG00000250546","LINC02994","Up","Significant"
"ENSG00000109339",16.9480603474203,1.50560590513951,0.303344241808952,6.40157705354518e-08,1.97341716179619e-06,"ENSG00000109339","MAPK10","Up","Significant"
"ENSG00000145283",0.574962828833486,3.03107049282793,1.63422708120324,0.00741625183179958,0.0313499662711962,"ENSG00000145283","SLC10A6","Up","Significant"
"ENSG00000118785",7.08129425394282,2.59941036956098,0.917349629309395,0.000179810771066104,0.00165167977959087,"ENSG00000118785","SPP1","Up","Significant"
"ENSG00000246375",3.49896155030704,1.2535459247281,0.477124480253106,0.000865475669512291,0.00584113277133683,"ENSG00000246375","PPM1K-DT","Up","Significant"
"ENSG00000251095",1.20525503914398,2.40264425110419,0.978457970087816,0.000442740138415279,0.00340818435421778,"ENSG00000251095","LOC105377329","Up","Significant"
"ENSG00000145335",627.666455231352,2.3600562518663,0.356626137504526,2.33443158386521e-12,2.08043797722711e-10,"ENSG00000145335","SNCA","Up","Significant"
"ENSG00000138722",248.966969566742,2.09209081270041,0.356601663852454,3.11066956338146e-10,1.77573128448636e-08,"ENSG00000138722","MMRN1","Up","Significant"
"ENSG00000152208",1.71907782101781,1.92550107348254,0.66201581631914,0.000269930743042878,0.00230454959384562,"ENSG00000152208","GRID2","Up","Significant"
"ENSG00000242318",0.936839231204423,1.33156101916246,0.907273863563841,0.00775353570580084,0.0324685363616196,"ENSG00000242318","RPL21P48","Up","Significant"
"ENSG00000287512",0.889077432282115,1.33967721241491,1.05798954953408,0.00894469779095221,0.0361567880055793,"ENSG00000287512","ENSG00000287512","Up","Significant"
"ENSG00000196616",1.02480387997328,2.35533244207598,1.11073717615537,0.001244221233466,0.00777664652177961,"ENSG00000196616","ADH1B","Up","Significant"
"ENSG00000248713",1.33893114361753,3.03206858970954,0.955763816882341,3.08957897150436e-05,0.000387023184135101,"ENSG00000248713","C4orf54","Up","Significant"
"ENSG00000279913",0.866517642598695,-1.14960513829635,0.831239833147092,0.0114851727192801,0.0435999379914303,"ENSG00000279913","ENSG00000279913","Down","Significant"
"ENSG00000164035",1.48306789110256,1.38926038649439,1.04360669341883,0.00863993360348319,0.0351439105509976,"ENSG00000164035","EMCN","Up","Significant"
"ENSG00000248161",3.40497332265717,1.08335272857881,0.470764065107662,0.00244694810921749,0.013321654620921,"ENSG00000248161","ENSG00000248161","Up","Significant"
"ENSG00000138778",81.4934719359346,1.63506971538513,0.200252437632235,3.07327845995368e-17,5.7532116153401e-15,"ENSG00000138778","CENPE","Up","Significant"
"ENSG00000248740",0.651520996735244,3.44952825904067,1.4673458287165,0.00112916357637385,0.00722387701211478,"ENSG00000248740","ENSG00000248740","Up","Significant"
"ENSG00000248373",4.17022980531067,1.23875772382786,0.441531042676455,0.00052057583298396,0.00389321615014531,"ENSG00000248373","ENSG00000248373","Up","Significant"
"ENSG00000168743",0.903882938923605,1.31671492496475,1.04986640989543,0.00838908018276115,0.0344117624977529,"ENSG00000168743","NPNT","Up","Significant"
"ENSG00000164089",0.688882707956252,5.35437766506428,2.49111090939669,0.000914483126844744,0.00610183494572691,"ENSG00000164089","ETNPPL","Up","Significant"
"ENSG00000138798",110.975280517279,2.67093399984566,0.357213282033015,4.6012389978689e-15,6.34497603208184e-13,"ENSG00000138798","EGF","Up","Significant"
"ENSG00000251046",1.04137011562355,3.25729818909277,1.41067898719695,0.00116660288224062,0.00741496509503054,"ENSG00000251046","ZNF969P","Up","Significant"
"ENSG00000250966",2.37626346377495,1.32866433310825,0.571507545463577,0.00175788731811788,0.0102283462654648,"ENSG00000250966","ENSG00000250966","Up","Significant"
"ENSG00000145362",12.0175836107233,1.17216129745578,0.465835338489169,0.0012082567061494,0.00760756744952281,"ENSG00000145362","ANK2","Up","Significant"
"ENSG00000248152",1.12805623770124,1.63495821791187,0.928739417910504,0.00329361625345506,0.0167500056210389,"ENSG00000248152","ANK2-AS1","Up","Significant"
"ENSG00000250363",1.48218809921344,1.41229732846993,1.06497357876114,0.00854680569464108,0.0348569359215305,"ENSG00000250363","KRT18P21","Up","Significant"
"ENSG00000249259",0.745723535452888,1.99206607804225,1.36437564455519,0.00676849401547209,0.0292237425543686,"ENSG00000249259","ENSG00000249259","Up","Significant"
"ENSG00000228358",1.33302275716222,2.34008293484682,0.919160042766479,0.000390908151131881,0.00308500735663641,"ENSG00000228358","ENSG00000228358","Up","Significant"
"ENSG00000213492",7.02296166357054,1.04345728017825,0.339086086632194,0.000297888992668912,0.00249050954474615,"ENSG00000213492","ENSG00000213492","Up","Significant"
"ENSG00000164100",1.14836379189194,1.2947571892214,0.809516757941322,0.00767414756405488,0.0322085434273441,"ENSG00000164100","NDST3","Up","Significant"
"ENSG00000230671",0.711060096620347,2.04083448527586,1.22636817596844,0.00463584893184999,0.0217475377092764,"ENSG00000230671","ENSG00000230671","Up","Significant"
"ENSG00000138735",206.273905238236,1.07605663635495,0.255753503588406,4.01251107302944e-06,6.87565425823308e-05,"ENSG00000138735","PDE5A","Up","Significant"
"ENSG00000164109",184.163829518462,1.34590230043458,0.190424442073457,1.8687254607537e-13,1.99423953708266e-11,"ENSG00000164109","MAD2L1","Up","Significant"
"ENSG00000164112",8.75283319562065,1.23122228384906,0.436235574338357,0.000483311466719402,0.00366509923456642,"ENSG00000164112","SMIM43","Up","Significant"
"ENSG00000145386",179.448580660045,3.63534977358279,0.265851038396546,9.18988770634603e-44,5.48342670423087e-40,"ENSG00000145386","CCNA2","Up","Significant"
"ENSG00000261501",1.01855355142097,1.7307435528622,0.912197055801832,0.00208671657058403,0.0117125268950922,"ENSG00000261501","BBS7-DT","Up","Significant"
"ENSG00000227145",5.83781675123024,2.25047456351926,0.494424894525118,3.38276366177926e-07,8.33478143695303e-06,"ENSG00000227145","IL21-AS1","Up","Significant"
"ENSG00000287692",1.84313958947919,2.13178248246927,0.61657848514426,4.70631759598184e-05,0.000547013514823987,"ENSG00000287692","ENSG00000287692","Up","Significant"
"ENSG00000249125",1.70547877712461,3.16469634059141,0.814845818735746,1.13320063058174e-06,2.32959631473396e-05,"ENSG00000249125","ENSG00000249125","Up","Significant"
"ENSG00000249464",2.652328464148,2.45257529384125,0.666949913895743,1.59055175636912e-05,0.000221796915539628,"ENSG00000249464","LINC01091","Up","Significant"
"ENSG00000164066",7.13568555681757,1.04715971641709,0.371156967965785,0.000646407098574804,0.0046213901143894,"ENSG00000164066","INTU","Up","Significant"
"ENSG00000164070",4.71090739445635,1.27567762171039,0.462033019798633,0.000563310498996616,0.00414984974540812,"ENSG00000164070","HSPA4L","Up","Significant"
"ENSG00000142731",96.2650932316888,1.35956136197941,0.173668004162885,5.94457921053249e-16,9.57677426758333e-14,"ENSG00000142731","PLK4","Up","Significant"
"ENSG00000248958",2.40855284338405,1.94063684419097,0.793311058077144,0.000743716347972829,0.00518731428651449,"ENSG00000248958","ENSG00000248958","Up","Significant"
"ENSG00000249618",1.4272343000745,1.95145998316523,0.897219514427653,0.00150654244964623,0.00903377435961108,"ENSG00000249618","LINC02465","Up","Significant"
"ENSG00000287924",0.946870120211399,1.14250381466706,0.840947821681655,0.0124728053433816,0.0463079720737652,"ENSG00000287924","ENSG00000287924","Up","Significant"
"ENSG00000250241",1.04880058176772,1.70177612286089,0.766660510507995,0.00132931000003133,0.00817768474225259,"ENSG00000250241","PCDH10-DT","Up","Significant"
"ENSG00000138650",1.3330717679913,4.73338622511796,1.47131630042715,1.58164808784488e-05,0.000220739049461034,"ENSG00000138650","PCDH10","Up","Significant"
"ENSG00000251199",0.805290478028991,2.93408553601791,1.25341603286928,0.000893851161016869,0.00598921386812922,"ENSG00000251199","ENSG00000251199","Up","Significant"
"ENSG00000248869",1.05514509047979,1.14874574915349,1.20842096178324,0.0131283227476725,0.0481586448120525,"ENSG00000248869","LINC02511","Up","Significant"
"ENSG00000248307",1.35788366051507,1.85138123402985,0.871251535033159,0.00168997713785605,0.00991283652272433,"ENSG00000248307","LINC00616","Up","Significant"
"ENSG00000250033",1.56359494257164,1.32365134691247,0.802791274845296,0.00629883354932321,0.0276266509691455,"ENSG00000250033","SLC7A11-AS1","Up","Significant"
"ENSG00000151012",13.2888183575808,1.25225247748139,0.347540834532244,3.46758598710515e-05,0.000425156746585827,"ENSG00000151012","SLC7A11","Up","Significant"
"ENSG00000251372",2.34892461626369,2.72876119348409,0.756833583677432,1.70751366973357e-05,0.000235461216292601,"ENSG00000251372","LINC00499","Up","Significant"
"ENSG00000250361",28.8424736816916,6.4499092951044,1.10582299589922,1.71206688330094e-10,1.03555323452222e-08,"ENSG00000250361","GYPB","Up","Significant"
"ENSG00000170180",4.43844154316554,5.76697546855708,1.31755897510365,5.45036499365906e-08,1.71973898844182e-06,"ENSG00000170180","GYPA","Up","Significant"
"ENSG00000164161",1.64633252690765,1.4172951352458,0.631754897185352,0.0020688467659178,0.0116277498506267,"ENSG00000164161","HHIP","Up","Significant"
"ENSG00000250582",1.89873627217734,1.7096136959523,0.650400508471801,0.000637585576133737,0.00457197840159756,"ENSG00000250582","SMAD1-AS2","Up","Significant"
"ENSG00000286371",0.722948506916879,3.40767218210533,1.63128379648004,0.0034802571262061,0.0174816273485295,"ENSG00000286371","ENSG00000286371","Up","Significant"
"ENSG00000280219",0.732121072185204,2.42040637405429,1.00876004035662,0.000569686773998756,0.00418656279407247,"ENSG00000280219","ENSG00000280219","Up","Significant"
"ENSG00000251688",0.866910158401671,1.65212940144527,1.40046646719201,0.00775647979512125,0.0324766697926424,"ENSG00000251688","LINC02507","Up","Significant"
"ENSG00000189099",0.501062289402006,4.53324188691274,2.54203750398719,0.0115819157090488,0.0438331165003972,"ENSG00000189099","PRSS48","Up","Significant"
"ENSG00000251249",1.41447023286669,2.04784186717023,0.785134803165977,0.000527265067034263,0.00393411826569831,"ENSG00000251249","LINC03074","Up","Significant"
"ENSG00000286720",0.705634039867348,2.81777285797187,1.16813470184673,0.000626993244241256,0.00451025724003148,"ENSG00000286720","ENSG00000286720","Up","Significant"
"ENSG00000287642",1.6275055551294,4.15538018963125,1.33343951018808,6.01250708746237e-05,0.000668457531498927,"ENSG00000287642","ENSG00000287642","Up","Significant"
"ENSG00000121211",8.94261699416528,3.01504897969513,0.388824108142371,8.19179302845161e-16,1.28872672577645e-13,"ENSG00000121211","MND1","Up","Significant"
"ENSG00000145423",0.904654078110884,2.53062216278697,1.18816445057774,0.0013527033792384,0.00827601561710784,"ENSG00000145423","SFRP2","Up","Significant"
"ENSG00000171560",0.719508139506815,2.7490653648359,1.27399728001045,0.00182320096071219,0.0105461144471784,"ENSG00000171560","FGA","Up","Significant"
"ENSG00000121207",2.03950168750591,1.15352272642755,0.74414111409752,0.00897657693439908,0.0362579696835558,"ENSG00000121207","LRAT","Up","Significant"
"ENSG00000250910",1.78606344721718,1.22984973664279,0.647431076033358,0.00480659724751542,0.0223524489463756,"ENSG00000250910","ENSG00000250910","Up","Significant"
"ENSG00000185149",0.734187199007711,2.38057509931141,1.70058843051313,0.010752838991184,0.0414824869624206,"ENSG00000185149","NPY2R","Up","Significant"
"ENSG00000061918",241.672386959452,1.14074451610111,0.283808420758997,7.94357954707351e-06,0.000124325738927084,"ENSG00000061918","GUCY1B1","Up","Significant"
"ENSG00000120251",1.4385968760663,3.55037031800305,1.08850064721754,2.54292097249721e-05,0.000328491668725556,"ENSG00000120251","GRIA2","Up","Significant"
"ENSG00000248988",1.39635180271159,1.38405524713357,0.605636740270305,0.0020576576059544,0.0115824419101921,"ENSG00000248988","PSME2P3","Up","Significant"
"ENSG00000251123",1.22161320850173,3.16988178131477,1.09519291392026,8.93043739707189e-05,0.0009292679654245,"ENSG00000251123","ENSG00000251123","Up","Significant"
"ENSG00000250374",0.901842113859923,1.9937249083867,1.77853927781844,0.00953780557689975,0.0379845884331274,"ENSG00000250374","TRIM75","Up","Significant"
"ENSG00000109472",11.1470326772119,3.25571796603962,0.713856839841779,2.47420662636965e-07,6.38246265150274e-06,"ENSG00000109472","CPE","Up","Significant"
"ENSG00000287424",1.59037888170529,1.08053589926409,0.796974639579187,0.0131657168409643,0.0482599016042231,"ENSG00000287424","ENSG00000287424","Up","Significant"
"ENSG00000038295",1.29420899766061,2.27581096960425,0.939240572286231,0.000569719369153674,0.00418656279407247,"ENSG00000038295","TLL1","Up","Significant"
"ENSG00000251445",1.92546140460163,1.57171872212721,0.87075715399252,0.0037055436366349,0.0182816639752649,"ENSG00000251445","ENSG00000251445","Up","Significant"
"ENSG00000286302",4.28467537728356,-1.55190633419305,0.43877667638459,3.81350001472359e-05,0.000458016387073021,"ENSG00000286302","ENSG00000286302","Down","Significant"
"ENSG00000164105",461.055205841473,1.23845978305922,0.286557443964687,1.85949662955703e-06,3.56872122335776e-05,"ENSG00000164105","SAP30","Up","Significant"
"ENSG00000164107",0.762794311867361,2.77998884438257,1.29700618693699,0.00172085200627508,0.0100593795860205,"ENSG00000164107","HAND2","Up","Significant"
"ENSG00000237125",2.46731981146653,2.38558553159436,0.60362792277201,6.23646320191129e-06,0.000100277181109811,"ENSG00000237125","HAND2-AS1","Up","Significant"
"ENSG00000213370",0.687821975376479,1.31519834090037,1.2827451186892,0.0121116338850475,0.0453867971207848,"ENSG00000213370","ENSG00000213370","Up","Significant"
"ENSG00000248174",0.648598757693105,1.36296470286126,1.15619352360634,0.0110014143255596,0.0422372127217205,"ENSG00000248174","LINC02268","Up","Significant"
"ENSG00000164122",0.877441810075716,1.97264627862561,1.15117500427219,0.00312552657918182,0.0160954772002157,"ENSG00000164122","ASB5","Up","Significant"
"ENSG00000150630",7.17335660474945,1.71639065549729,0.588199334189194,0.00021991738966608,0.00194335754491579,"ENSG00000150630","VEGFC","Up","Significant"
"ENSG00000249008",0.680451157512727,2.44900257150216,1.44074349453057,0.00608586352292301,0.0269393924424871,"ENSG00000249008","ENSG00000249008","Up","Significant"
"ENSG00000109674",19.4102922751876,2.11047784863162,0.267678066943487,2.64658228419168e-16,4.43421628804894e-14,"ENSG00000109674","NEIL3","Up","Significant"
"ENSG00000177822",1.77476667085801,1.36865111130974,0.921669033633423,0.00730714954812547,0.0310021871623368,"ENSG00000177822","ENSG00000177822","Up","Significant"
"ENSG00000218336",2.82074846681205,2.23395653445853,0.707234611417078,9.04324258254794e-05,0.000938173423215476,"ENSG00000218336","TENM3","Up","Significant"
"ENSG00000230219",0.727050691847444,1.27705799653002,1.03323865982423,0.00997702656368627,0.0392809520764379,"ENSG00000230219","ENSG00000230219","Up","Significant"
"ENSG00000173320",3.36200555205917,2.16203510300167,0.540907300279783,4.29777272211939e-06,7.291851450405e-05,"ENSG00000173320","STOX2","Up","Significant"
"ENSG00000164303",3.30831921254011,1.83965378011326,0.548618756221849,5.83688323854878e-05,0.00065304881616204,"ENSG00000164303","ENPP6","Up","Significant"
"ENSG00000287433",1.19235350569975,2.00248452557907,0.733713400435248,0.000302030215051237,0.00251884780392033,"ENSG00000287433","ENSG00000287433","Up","Significant"
"ENSG00000249096",20.5876140121097,1.76386613925757,0.280635912383929,2.99694299971912e-11,2.19267604754559e-09,"ENSG00000249096","ENSG00000249096","Up","Significant"
"ENSG00000151725",102.916165431119,1.83155225818144,0.237763750838318,1.06058266572085e-15,1.65297974630884e-13,"ENSG00000151725","CENPU","Up","Significant"
"ENSG00000249138",22.5611363899446,1.45718913573732,0.381084039569383,1.15683859930206e-05,0.000169945219745781,"ENSG00000249138","ENSG00000249138","Up","Significant"
"ENSG00000250754",0.938818399654058,2.29807073711465,0.99236600141605,0.000643161164194271,0.00460211134977276,"ENSG00000250754","LINC02436","Up","Significant"
"ENSG00000083857",3.48766236318623,2.01703704772629,0.638708709600729,9.71462106857326e-05,0.000997326094935115,"ENSG00000083857","FAT1","Up","Significant"
"ENSG00000249642",0.821930899050913,1.15639610676468,1.26041657229267,0.0125083371925181,0.0463755112839221,"ENSG00000249642","LOC105377603","Up","Significant"
"ENSG00000179046",1.27810472725782,2.28692058740382,0.864917503487669,0.000265487784163706,0.00227466892343177,"ENSG00000179046","TRIML2","Up","Significant"
"ENSG00000249378",1.50531870622668,1.54788213257718,0.77379112937456,0.00296640265069192,0.0154517622294475,"ENSG00000249378","ENSG00000249378","Up","Significant"
"ENSG00000185028",0.908071509332297,2.29851881923866,1.00880919032004,0.00086210158471205,0.00582417634855461,"ENSG00000185028","LRRC14B","Up","Significant"
"ENSG00000071539",89.0112881612666,2.94128547451869,0.275442641192252,8.19967842279817e-28,4.43166168176683e-25,"ENSG00000071539","TRIP13","Up","Significant"
"ENSG00000287600",1.72595252072183,1.84178180554,0.602302258996593,0.000188056973425709,0.00170821391231284,"ENSG00000287600","ENSG00000287600","Up","Significant"
"ENSG00000174358",2.13587185862389,4.70561614696525,0.70187442634523,0.000207860487584068,0.00185788132260724,"ENSG00000174358","SLC6A19","Up","Significant"
"ENSG00000164362",8.68409932060101,1.9469203350993,0.334088979292983,5.05315190993185e-10,2.74434468962571e-08,"ENSG00000164362","TERT","Up","Significant"
"ENSG00000113430",0.848321960240333,2.06426316918099,1.06090306717572,0.00208917379626975,0.0117223919523113,"ENSG00000113430","IRX4","Up","Significant"
"ENSG00000248994",2.89547524273723,2.22411022340562,0.570394744722148,7.29419611052959e-06,0.000115401896821405,"ENSG00000248994","LOC124901165","Up","Significant"
"ENSG00000248736",0.913908998302504,2.70205151906968,1.07825467771321,0.000412368941454441,0.00321949460838697,"ENSG00000248736","LOC107984098","Up","Significant"
"ENSG00000248118",0.97905334562227,1.39044321330197,1.10791369037061,0.00726125294670461,0.0308621670460585,"ENSG00000248118","LINC01019","Up","Significant"
"ENSG00000250579",1.29485161921418,1.34375855962931,0.828684830507224,0.00687521092855945,0.0295664069565065,"ENSG00000250579","ADAMTS16-DT","Up","Significant"
"ENSG00000215218",1.98122271626294,1.17162011854163,0.674933125763915,0.00675367655023574,0.0291898552201534,"ENSG00000215218","UBE2QL1","Up","Significant"
"ENSG00000250056",1.29134939284768,1.30537794057083,0.861289967989795,0.00825734792592941,0.0339906411836928,"ENSG00000250056","LINC01018","Up","Significant"
"ENSG00000250974",0.794144309046845,1.9055655436341,1.01093853503169,0.00213042294648126,0.0119199102544065,"ENSG00000250974","LOC105374642","Up","Significant"
"ENSG00000287790",0.580474906694474,2.90537897498486,1.74628820317468,0.011480413243062,0.0435868079947615,"ENSG00000287790","ENSG00000287790","Up","Significant"
"ENSG00000078295",4.5199524618998,1.89747362844659,0.436687819247054,1.07910469893128e-06,2.2376063958223e-05,"ENSG00000078295","ADCY2","Up","Significant"
"ENSG00000249781",0.674437013005887,1.8553657069981,1.3332771830745,0.00816624507992318,0.0337164497761392,"ENSG00000249781","LINC02112","Up","Significant"
"ENSG00000249160",0.970285048848754,2.18585471550077,1.16476422552628,0.00226370662418889,0.0125255193642578,"ENSG00000249160","LINC02213","Up","Significant"
"ENSG00000039139",4.02538720964085,1.64807085783295,0.604414111838312,0.000424759793045186,0.00329779330517867,"ENSG00000039139","DNAH5","Up","Significant"
"ENSG00000183580",1.0010503698999,3.39003979262283,1.22806442715451,0.000192893851720905,0.00174458301681938,"ENSG00000183580","FBXL7","Up","Significant"
"ENSG00000250250",0.840077604191919,5.4511132543832,2.73151138520972,0.00500374234787097,0.0230860352501561,"ENSG00000250250","ENSG00000250250","Up","Significant"
"ENSG00000248150",0.996167558052237,1.64893322516407,0.986280230821467,0.00366083050904249,0.018138099591211,"ENSG00000248150","LINC02150","Up","Significant"
"ENSG00000145526",1.46437569199453,2.77134457161501,0.99459301022446,0.000164101477518142,0.00153342900450513,"ENSG00000145526","CDH18","Up","Significant"
"ENSG00000251629",1.39381831626184,1.55836316182851,0.95246653936491,0.00510756967925067,0.0234805257761024,"ENSG00000251629","LINC02241","Up","Significant"
"ENSG00000154162",2.0730368853634,3.20826495220833,0.811834473451694,1.4907823448682e-06,2.94196852733738e-05,"ENSG00000154162","CDH12","Up","Significant"
"ENSG00000286961",1.28101324385806,1.69714478847149,1.20578744856209,0.0058937281266313,0.0262833292248188,"ENSG00000286961","ENSG00000286961","Up","Significant"
"ENSG00000164256",0.833048015165368,3.02046708962921,1.28605968307821,0.00101367069600373,0.00663549352459247,"ENSG00000164256","PRDM9","Up","Significant"
"ENSG00000245662",1.59964584327018,2.32751936065975,0.96310340969596,0.000593247406488372,0.00430657004853095,"ENSG00000245662","ENSG00000245662","Up","Significant"
"ENSG00000286625",1.37142655893195,2.7377358902519,0.922998545450672,8.8039919659946e-05,0.00091857675480185,"ENSG00000286625","ENSG00000286625","Up","Significant"
"ENSG00000248391",0.727370458743267,1.48173375854407,1.28489576733163,0.0102734287659051,0.0401253106014428,"ENSG00000248391","LINC02064","Up","Significant"
"ENSG00000113361",3.73881183640946,1.42544089977153,0.655594489234005,0.00196453839990795,0.0111670427892308,"ENSG00000113361","CDH6","Up","Significant"
"ENSG00000113389",15.0402226028188,1.67988931224358,0.455128889974335,1.58157140945854e-05,0.000220739049461034,"ENSG00000113389","NPR3","Up","Significant"
"ENSG00000151388",2.31568070926107,2.01046847306872,0.678492092100043,0.000190320966697847,0.00172597165712535,"ENSG00000151388","ADAMTS12","Up","Significant"
"ENSG00000182631",0.89920609385379,2.85914761794588,1.47723493636376,0.00297082904126036,0.015467605709073,"ENSG00000182631","RXFP3","Up","Significant"
"ENSG00000164175",0.969696292799538,1.25532865987225,1.25285003599615,0.0112219521470378,0.0428441065501369,"ENSG00000164175","SLC45A2","Up","Significant"
"ENSG00000286543",0.598379495586504,3.07705403407213,1.6090491181016,0.00559251155358406,0.0252287923598611,"ENSG00000286543","LOC124900957","Up","Significant"
"ENSG00000168671",1.44104616499284,1.41789039433758,0.813609393582023,0.00526689577658346,0.0240723852896816,"ENSG00000168671","UGT3A2","Up","Significant"
"ENSG00000079215",56.3351365937011,1.79717477776491,0.405899062574339,6.84259432069079e-07,1.52148966882566e-05,"ENSG00000079215","SLC1A3","Up","Significant"
"ENSG00000248587",1.45111621297639,1.95716534403505,0.91131668840445,0.00156880868264133,0.00933402168796666,"ENSG00000248587","LINC02119","Up","Significant"
"ENSG00000168621",1.01881565998991,1.58523282121151,0.836961091294392,0.00302603776429378,0.0157013780495076,"ENSG00000168621","GDNF","Up","Significant"
"ENSG00000164318",1.86876233896715,1.45314677056567,1.06105062446284,0.00726569334322343,0.0308652046852438,"ENSG00000164318","EGFLAM","Up","Significant"
"ENSG00000249740",1.27856508931963,2.22033609802592,0.94054944162685,0.000649257515786113,0.00463583424173809,"ENSG00000249740","LINC01265","Up","Significant"
"ENSG00000171522",4896.87653303205,-1.00315200998867,0.284631434644307,6.48374964949433e-05,0.000709086054193556,"ENSG00000171522","PTGER4","Down","Significant"
"ENSG00000112936",1.75996297003296,1.45458317033947,0.98574860642852,0.00669254265359996,0.0289779573303374,"ENSG00000112936","C7","Up","Significant"
"ENSG00000171495",2.32002092698432,1.49219006789691,0.606698555998545,0.00104906458735547,0.00682054816796554,"ENSG00000171495","MROH2B","Up","Significant"
"ENSG00000039537",1.19430289885553,2.26680508224557,1.09199410473939,0.00129147964150407,0.00799825879322914,"ENSG00000039537","C6","Up","Significant"
"ENSG00000112964",1.20332465162148,2.03158856792022,0.746796840869685,0.000313456104953004,0.00259284142702301,"ENSG00000112964","GHR","Up","Significant"
"ENSG00000248873",0.719978043501291,1.26614982175296,1.00760373118064,0.00943727534675761,0.0376782627897654,"ENSG00000248873","ENSG00000248873","Up","Significant"
"ENSG00000250722",4.51224551605464,1.39810093916129,0.411392321853481,6.51600316196016e-05,0.000712148564755783,"ENSG00000250722","SELENOP","Up","Significant"
"ENSG00000164588",0.981650593447004,2.28399446279529,1.11426380469858,0.00152157699444178,0.00910636247664755,"ENSG00000164588","HCN1","Up","Significant"
"ENSG00000250827",0.915456583025966,2.22745318422365,1.00064181958853,0.000829694385115529,0.0056543073318764,"ENSG00000250827","SLC60A2P1","Up","Significant"
"ENSG00000248898",1.09324662187918,1.34040737374293,0.916828846591925,0.00806100110792684,0.0333806334806625,"ENSG00000248898","PELO-AS1","Up","Significant"
"ENSG00000213949",139.762121787273,1.95928291254859,0.321066427651644,7.71920676439528e-11,5.09178935960869e-09,"ENSG00000213949","ITGA1","Up","Significant"
"ENSG00000164171",16.3419114260205,1.26210795920265,0.317337439878929,8.05944016101549e-06,0.000125845191218764,"ENSG00000164171","ITGA2","Up","Significant"
"ENSG00000134363",11.5482932598582,2.89002005421597,0.762309611862003,6.87468894935548e-06,0.000109228995734449,"ENSG00000134363","FST","Up","Significant"
"ENSG00000232517",1.49869782930689,1.09570448538941,0.816124040617628,0.0130661603325993,0.0479818045572678,"ENSG00000232517","CSPG4BP","Up","Significant"
"ENSG00000152669",0.923635245217252,1.3709253559142,0.804113624437894,0.00460495316192127,0.0216541363321386,"ENSG00000152669","CCNO","Up","Significant"
"ENSG00000250961",1.20770105213398,1.60381920589981,0.850080157060151,0.00316045483674643,0.0162354255901481,"ENSG00000250961","ENSG00000250961","Up","Significant"
"ENSG00000145632",539.245067587416,-1.21573325228981,0.375212543895058,0.000128533709375601,0.00125838078820009,"ENSG00000145632","PLK2","Down","Significant"
"ENSG00000248935",0.713818919706073,2.63629704661196,1.33675949217374,0.00298377561728209,0.0155157258161865,"ENSG00000248935","ENSG00000248935","Up","Significant"
"ENSG00000035499",49.0168392118619,2.72083372772076,0.292114301321464,8.65138449668194e-22,2.47777130854115e-19,"ENSG00000035499","DEPDC1B","Up","Significant"
"ENSG00000251303",0.682113229791475,2.51398913810782,1.37810047506207,0.00438202243249235,0.0208457111996573,"ENSG00000251303","CAB39P1","Up","Significant"
"ENSG00000164181",166.8118228847,2.07643581782719,0.339919192930223,6.88636510545371e-11,4.57847635552874e-09,"ENSG00000164181","ELOVL7","Up","Significant"
"ENSG00000249364",2.76940887782752,1.5141640429236,0.685742482936416,0.0016986590989795,0.00995807693276838,"ENSG00000249364","LINC02997","Up","Significant"
"ENSG00000134057",177.7474647909,2.17227497148594,0.220881972347379,5.95876807602337e-24,2.14701461784373e-21,"ENSG00000134057","CCNB1","Up","Significant"
"ENSG00000197822",2.46706941530528,1.48023458001583,0.616537546418598,0.00125590769776471,0.00782816425677042,"ENSG00000197822","OCLN","Up","Significant"
"ENSG00000251634",11.7417158959693,2.62413002115887,0.57770895308633,2.95146485393891e-07,7.38766248499451e-06,"ENSG00000251634","ENSG00000251634","Up","Significant"
"ENSG00000131711",44.3072095173914,1.49708790869611,0.239741486832888,4.24441847703544e-11,2.98794577199539e-09,"ENSG00000131711","MAP1B","Up","Significant"
"ENSG00000249343",0.763158291091726,3.73941641120938,1.41917899384459,0.000241884988603056,0.00210309394994806,"ENSG00000249343","LINC01333","Up","Significant"
"ENSG00000249856",2.10426235576035,-2.12041877893989,0.720843204534912,0.000242966551121706,0.0021116212095159,"ENSG00000249856","ENSG00000249856","Down","Significant"
"ENSG00000251419",0.530348408036776,2.79375289507616,1.67556475659849,0.0114982789850003,0.0436200419459273,"ENSG00000251419","LOC391798","Up","Significant"
"ENSG00000250348",5.91127048499822,1.57014587801436,0.425562990310523,1.84899061352244e-05,0.000251452217810567,"ENSG00000250348","ENSG00000250348","Up","Significant"
"ENSG00000251235",0.603973285426894,2.1906520172317,1.45402252423379,0.00903083092230542,0.036402515743478,"ENSG00000251235","ENSG00000251235","Up","Significant"
"ENSG00000145708",15.2762098231899,1.23399544871316,0.460236650914234,0.000702241315478152,0.00494877060785644,"ENSG00000145708","CRHBP","Up","Significant"
"ENSG00000171540",0.751792214562295,2.82907785038725,1.2249549758693,0.000913916174056516,0.00610048148933462,"ENSG00000171540","OTP","Up","Significant"
"ENSG00000132840",2.17535054240346,2.05415279527077,0.978050936304086,0.00156719523027239,0.00932773445314341,"ENSG00000132840","BHMT2","Up","Significant"
"ENSG00000240003",2.48545783637946,1.36817937523436,0.48395646374119,0.000452360659316704,0.00347027319895683,"ENSG00000240003","RPL7P24","Up","Significant"
"ENSG00000189127",14.8366924765875,1.54396025799842,0.580269181884132,0.00052709580033143,0.00393373121899908,"ENSG00000189127","ANKRD34B","Up","Significant"
"ENSG00000228716",55.2882916247006,1.65238256340842,0.200207907121987,1.46893201719619e-17,2.81896939012488e-15,"ENSG00000228716","DHFR","Up","Significant"
"ENSG00000145681",0.927720162240045,1.42432673651712,1.06859388997994,0.00737730584942719,0.0312207807158949,"ENSG00000145681","HAPLN1","Up","Significant"
"ENSG00000245526",3.08598053391737,1.8035629106703,0.588301612712333,0.00014679126062686,0.0014005775490733,"ENSG00000245526","MIR9-2HG","Up","Significant"
"ENSG00000214942",0.858844172792145,2.2485747766148,0.899364034026624,0.000338674797208856,0.00275653480196054,"ENSG00000214942","LOC102724637","Up","Significant"
"ENSG00000176055",62.6220340325631,-1.02745078725144,0.141242244804785,6.35667313810315e-14,7.34502621326547e-12,"ENSG00000176055","MBLAC2","Down","Significant"
"ENSG00000234292",5.08531486006598,1.15286095885792,0.477104530594738,0.00165124720786774,0.00972094917224879,"ENSG00000234292","ENSG00000234292","Up","Significant"
"ENSG00000250049",0.961569366147093,2.94626935373649,0.933449786162537,1.73614304278232e-05,0.000239015682911227,"ENSG00000250049","ENSG00000250049","Up","Significant"
"ENSG00000237187",4.96511121880791,1.9021368349306,0.609960620251218,0.000107270781372657,0.00108173121376427,"ENSG00000237187","NR2F1-AS1","Up","Significant"
"ENSG00000249175",2.21181499111203,1.2197858353624,0.575899877485157,0.0031311765880925,0.0161146669160484,"ENSG00000249175","ENSG00000249175","Up","Significant"
"ENSG00000153347",6.01381103470736,1.26722783467569,0.367358276332546,6.25894518923347e-05,0.000689904586664554,"ENSG00000153347","FAM81B","Up","Significant"
"ENSG00000118985",616.689471744097,1.27336794616446,0.237527432802199,1.02065992979402e-08,3.92216669581053e-07,"ENSG00000118985","ELL2","Up","Significant"
"ENSG00000238000",42.8306568395194,1.16721203126401,0.242476185025128,2.01477226918813e-07,5.33278072418839e-06,"ENSG00000238000","PSME2P1","Up","Significant"
"ENSG00000176183",0.86375351944878,2.54025609232682,1.13942753111523,0.00110585465077502,0.00710431048558669,"ENSG00000176183","ENSG00000176183","Up","Significant"
"ENSG00000283462",0.920763246297607,1.22472659860932,1.2092658953482,0.0121887955801645,0.0456249275129279,"ENSG00000283462","LOC101930276","Up","Significant"
"ENSG00000251014",1.44811004186789,1.55467005163692,0.838489403017289,0.00376605459403471,0.0185283693130978,"ENSG00000251014","TMEM183AP6","Up","Significant"
"ENSG00000232633",0.883293400106703,2.29349402307548,1.39687665714881,0.00459533716017268,0.0216180195002424,"ENSG00000232633","ENSG00000232633","Up","Significant"
"ENSG00000080709",0.788884086514104,1.19829303414499,1.22299958806621,0.0132700407729032,0.0485231117698836,"ENSG00000080709","KCNN2","Up","Significant"
"ENSG00000249026",1.33309029242159,1.57514173005643,0.807120584616316,0.00304636937717616,0.0157897589264959,"ENSG00000249026","ENSG00000249026","Up","Significant"
"ENSG00000250891",1.28049464307349,1.49327216273473,1.10867023425671,0.00773393002035509,0.0324066851384368,"ENSG00000250891","ENSG00000250891","Up","Significant"
"ENSG00000061455",1.57371855601729,1.64347869637377,0.632449607819496,0.000770854933192914,0.00533138863908387,"ENSG00000061455","PRDM6","Up","Significant"
"ENSG00000253807",1.24587293482568,2.77325117946144,1.0493163148735,0.000233934398735824,0.00204564398936292,"ENSG00000253807","LOC107986448","Up","Significant"
"ENSG00000248752",1.33668381868033,1.875370021331,1.03307771548807,0.00247145850477547,0.0134273460071528,"ENSG00000248752","ENSG00000248752","Up","Significant"
"ENSG00000279446",0.708944060539361,1.64977163736751,1.51729034337099,0.010908972504057,0.0419881414700721,"ENSG00000279446","ENSG00000279446","Up","Significant"
"ENSG00000145794",2.24929581191282,1.04384870212571,0.638479872499894,0.00964600407130382,0.0383062278294998,"ENSG00000145794","MEGF10","Up","Significant"
"ENSG00000145808",1.04708670589459,2.57227073647831,0.922043767436946,0.000115493561723898,0.00115131185699768,"ENSG00000145808","ADAMTS19","Up","Significant"
"ENSG00000251680",1.00693743028766,2.27186503542277,1.14756105766079,0.00173356197804888,0.0101201965718536,"ENSG00000251680","ENSG00000251680","Up","Significant"
"ENSG00000248610",0.468742844972823,2.69246778871067,1.57906675825724,0.0105478102267983,0.0409271158973812,"ENSG00000248610","HSPA8P4","Up","Significant"
"ENSG00000250405",1.09226823635461,1.47326724589312,0.979206995508159,0.00520702247603146,0.0238460278893974,"ENSG00000250405","LOC402229","Up","Significant"
"ENSG00000286676",1.1669486484425,1.29868362846745,0.787978231926389,0.00663458807153283,0.0287902631039878,"ENSG00000286676","ENSG00000286676","Up","Significant"
"ENSG00000224431",0.842224520726477,1.88075814378357,1.1065632981917,0.00305704795030851,0.0158346389685262,"ENSG00000224431","ENSG00000224431","Up","Significant"
"ENSG00000249478",0.940263186207273,1.17022577387876,0.926541899270453,0.0100215620408599,0.0394153574000559,"ENSG00000249478","ENSG00000249478","Up","Significant"
"ENSG00000248923",1.29569750691496,2.38837130291262,0.81864929133724,0.000119590336167689,0.00118736372582018,"ENSG00000248923","MTND5P11","Up","Significant"
"ENSG00000069011",1.84920270978731,2.34804675105373,0.763322632291149,0.000127746629567186,0.00125202158823247,"ENSG00000069011","PITX1","Up","Significant"
"ENSG00000145824",2.0778967091434,1.48435969753616,0.949362181307532,0.00563247503383064,0.0253578672455503,"ENSG00000145824","CXCL14","Up","Significant"
"ENSG00000145832",1.22985194212732,1.25504547171184,0.763449106227758,0.00747100483984871,0.0315416279675558,"ENSG00000145832","SLC25A48","Up","Significant"
"ENSG00000069018",0.882488913389624,1.53159561194274,1.15473387671112,0.00647626051016357,0.0282348443189008,"ENSG00000069018","TRPC7","Up","Significant"
"ENSG00000112984",64.3854332303698,3.37440652542885,0.286368296595361,3.29954659097869e-33,3.94873238275374e-30,"ENSG00000112984","KIF20A","Up","Significant"
"ENSG00000146013",0.648539885231281,2.2962647030336,1.47287484005505,0.00788879246331072,0.0328501984159412,"ENSG00000146013","GFRA3","Up","Significant"
"ENSG00000158402",13.7798480717378,3.84676786775522,0.395930522225635,1.64906561936757e-23,5.69675668447297e-21,"ENSG00000158402","CDC25C","Up","Significant"
"ENSG00000170476",1855.02286408852,3.53856509498442,0.282194985139627,2.59835083044004e-37,4.35340689886076e-34,"ENSG00000170476","MZB1","Up","Significant"
"ENSG00000202515",3.01808890275173,1.15919486841233,0.478450504279007,0.00173121142733359,0.0101107495474322,"ENSG00000202515","VTRNA1-3","Up","Significant"
"ENSG00000204967",1.98205174373673,1.49199237161605,0.783919414601544,0.00346180477286463,0.017407205302209,"ENSG00000204967","PCDHA4","Up","Significant"
"ENSG00000204961",1.04996343032678,2.53510420423923,0.989214320288082,0.000306409675399342,0.00254649846551502,"ENSG00000204961","PCDHA9","Up","Significant"
"ENSG00000250120",2.16122860605704,1.58444807895316,0.743098222088228,0.00203703265208383,0.0114874052729372,"ENSG00000250120","PCDHA10","Up","Significant"
"ENSG00000248383",1.0710960126329,1.61366350350736,0.875949090370987,0.00293955663050545,0.015340323575891,"ENSG00000248383","PCDHAC1","Up","Significant"
"ENSG00000171815",1.64448183880414,2.55354779105736,0.801552303606223,5.65189675447923e-05,0.000636603053263344,"ENSG00000171815","PCDHB1","Up","Significant"
"ENSG00000279130",1.29975763397087,1.41799341668366,0.617131119056433,0.00202062070427801,0.0114199661291368,"ENSG00000279130","ENSG00000279130","Up","Significant"
"ENSG00000169302",1.66048266086529,3.4805257816618,0.844014180722014,1.4554068907541e-07,4.02718658152595e-06,"ENSG00000169302","STK32A","Up","Significant"
"ENSG00000113657",4.05301482763221,1.50289067118652,0.454829216252839,8.29156818573135e-05,0.000872892496547861,"ENSG00000113657","DPYSL3","Up","Significant"
"ENSG00000133710",1.40250337987418,1.27583338576609,0.987626442800563,0.0102132136563017,0.0399386832079604,"ENSG00000133710","SPINK5","Up","Significant"
"ENSG00000164270",2.95340428404055,1.84520702694178,0.658087569824785,0.000313760257043086,0.00259471679497946,"ENSG00000164270","HTR4","Up","Significant"
"ENSG00000169247",75.0505712091628,2.08049962565111,0.304920377734738,6.27689415595037e-13,6.16810692879005e-11,"ENSG00000169247","SH3TC2","Up","Significant"
"ENSG00000250072",2.12894175672322,1.31082547878648,0.613450972136287,0.00268951390201457,0.0143439314567255,"ENSG00000250072","SH3TC2-DT","Up","Significant"
"ENSG00000173210",237.967145307762,2.65603384765354,0.363125254317617,1.5727877340777e-14,2.01154748783242e-12,"ENSG00000173210","ABLIM3","Up","Significant"
"ENSG00000253406",0.764116255030353,5.44751803905336,2.5877512317043,0.00195334231110546,0.0111372319893987,"ENSG00000253406","ENSG00000253406","Up","Significant"
"ENSG00000249669",3.83848274761808,2.32368988803679,0.579913279121163,3.97567067847101e-06,6.83884747253004e-05,"ENSG00000249669","ENSG00000249669","Up","Significant"
"ENSG00000200334",0.851771479789147,1.39516073846504,0.911216459424522,0.00571075214482678,0.0256345068480912,"ENSG00000200334","ENSG00000200334","Up","Significant"
"ENSG00000070808",1.30030083028612,2.40547345930225,0.76226698557939,4.28495035944418e-05,0.000505578878854278,"ENSG00000070808","CAMK2A","Up","Significant"
"ENSG00000286657",0.907373652478654,1.68931842477681,1.1192008130176,0.00497544987030704,0.0229961861660853,"ENSG00000286657","LOC124901107","Up","Significant"
"ENSG00000186334",2.68537537234582,1.21452754267809,0.527479469790158,0.00203497332294057,0.0114816506154066,"ENSG00000186334","SLC36A3","Up","Significant"
"ENSG00000186335",2.08270328379639,1.82250560031385,0.697365235335298,0.000583335792647186,0.00425869796404383,"ENSG00000186335","SLC36A2","Up","Significant"
"ENSG00000113140",3533.2873666212,2.47505361313692,0.343053100930812,3.27870416185705e-14,3.93785296629634e-12,"ENSG00000113140","SPARC","Up","Significant"
"ENSG00000132911",1.30469241331919,1.537991935683,1.29747372944026,0.00674166644220437,0.0291492259112034,"ENSG00000132911","NMUR2","Up","Significant"
"ENSG00000155511",1.82840690503963,1.93868259474086,0.782244528556488,0.000787947748020346,0.00543278623218391,"ENSG00000155511","GRIA1","Up","Significant"
"ENSG00000170271",490.107246429642,1.88899871005065,0.333403109624307,1.07920111722049e-09,5.34164700693372e-08,"ENSG00000170271","FAXDC2","Up","Significant"
"ENSG00000226650",1.29867459132718,2.99220963139788,0.940593662888339,2.78154975630881e-05,0.000354264351137028,"ENSG00000226650","KIF4B","Up","Significant"
"ENSG00000287963",1.07257776347522,1.49154495689024,0.958107120803167,0.00490847028683887,0.0227462219391072,"ENSG00000287963","ENSG00000287963","Up","Significant"
"ENSG00000254135",0.50912686699146,2.03397509431462,1.29900933002765,0.0084877957751255,0.0346871954612692,"ENSG00000254135","LOC124901122","Up","Significant"
"ENSG00000249738",8.80328856631846,1.16437678649129,0.329757401996898,5.12460582338648e-05,0.000586276601351511,"ENSG00000249738","IL12B-AS1","Up","Significant"
"ENSG00000253311",1.71146620758651,1.81341729962595,1.14791053009899,0.00433982166356827,0.0206831295867599,"ENSG00000253311","LINC01847","Up","Significant"
"ENSG00000164611",203.535170646878,1.46420938189583,0.20731251114275,1.71127102981324e-13,1.85575990090653e-11,"ENSG00000164611","PTTG1","Up","Significant"
"ENSG00000118322",2.8778579509218,1.68636381813335,0.733268481323409,0.0012268569801029,0.00769864242439478,"ENSG00000118322","ATP10B","Up","Significant"
"ENSG00000145863",0.87867923117955,1.32506411302324,1.03466625183229,0.00858806196338188,0.0349891780970649,"ENSG00000145863","GABRA6","Up","Significant"
"ENSG00000113327",2.41208641325223,2.22006907662665,0.711719276375824,0.000111029545676776,0.0011122538254359,"ENSG00000113327","GABRG2","Up","Significant"
"ENSG00000254186",3.2920435350555,1.28211149956404,0.526509707353872,0.00132812988369901,0.00817192513273411,"ENSG00000254186","ENSG00000254186","Up","Significant"
"ENSG00000072571",45.5206841808459,2.81021951301304,0.257332446989638,6.75440160436876e-29,4.43790673256457e-26,"ENSG00000072571","HMMR","Up","Significant"
"ENSG00000145934",3.37397286769536,1.44936244352524,0.572167000066785,0.000862600190658276,0.00582417634855461,"ENSG00000145934","TENM2","Up","Significant"
"ENSG00000254042",1.0545721955791,1.7355127365804,1.0319393434027,0.00351145548449693,0.0176038625554891,"ENSG00000254042","ENSG00000254042","Up","Significant"
"ENSG00000182132",1.04915069329055,1.86231978666659,0.890896495709104,0.00140771729661943,0.00856723554166734,"ENSG00000182132","KCNIP1","Up","Significant"
"ENSG00000094755",1.03367541909184,2.22059869053461,0.864906817926126,0.000302886090974284,0.00252347340190385,"ENSG00000094755","GABRP","Up","Significant"
"ENSG00000156427",1.51412375339424,1.07187952338265,0.643629646552084,0.00958621690965502,0.0381411235366457,"ENSG00000156427","FGF18","Up","Significant"
"ENSG00000185662",1.07937579698923,2.09412756257085,0.783786523795791,0.000275964789198008,0.00234941669746851,"ENSG00000185662","SMIM23","Up","Significant"
"ENSG00000214357",2.62087846589683,1.51403093915389,0.538892392334334,0.000402306746006042,0.00315490211839843,"ENSG00000214357","NEURL1B","Up","Significant"
"ENSG00000183072",1.3236597080724,1.80654870973003,0.909085913098506,0.00252434394340356,0.0136476671828832,"ENSG00000183072","NKX2-5","Up","Significant"
"ENSG00000113739",1.02126587516573,2.91259872806664,1.05302757705993,0.000138650015186065,0.00133660050600398,"ENSG00000113739","STC2","Up","Significant"
"ENSG00000253686",4.41514032309471,1.94123713065431,0.628923463848377,0.000109503199389828,0.00109893462364593,"ENSG00000253686","LINC01484","Up","Significant"
"ENSG00000254211",5.36712824008103,1.34331772303117,0.446955537114833,0.000243054791402394,0.0021116212095159,"ENSG00000254211","LINC01485","Up","Significant"
"ENSG00000249306",0.851036518995162,2.28502354530304,1.32283919070586,0.00365422506890003,0.0181165006411853,"ENSG00000249306","LINC01411","Up","Significant"
"ENSG00000213376",1.9267558887151,1.76562267289176,0.582783649737328,0.000199784903814875,0.00179347910743235,"ENSG00000213376","ENSG00000213376","Up","Significant"
"ENSG00000145920",2.94651468427099,1.83973233349082,0.487243879279294,1.36119220192302e-05,0.000195352157237572,"ENSG00000145920","CPLX2","Up","Significant"
"ENSG00000050767",18.055746998201,1.67601737992658,0.323427248674562,1.7592316130502e-08,6.31951931648443e-07,"ENSG00000050767","COL23A1","Up","Significant"
"ENSG00000113262",1.90840925842014,1.45433852338943,0.62027807458658,0.00152386557881192,0.00911538820354175,"ENSG00000113262","GRM6","Up","Significant"
"ENSG00000087116",262.991331129485,6.0928719273253,0.803327841980249,1.47633006579347e-15,2.2486520079397e-13,"ENSG00000087116","ADAMTS2","Up","Significant"
"ENSG00000204661",0.784886975750504,2.87777783081626,1.26612515045466,0.00116815727972049,0.00741818494140525,"ENSG00000204661","SPATA31J1","Up","Significant"
"ENSG00000182613",0.821185400798219,1.57867532073362,1.01618448362144,0.00476671643336209,0.0222338392212598,"ENSG00000182613","OR2V2","Up","Significant"
"ENSG00000146054",121.028426001708,1.46489012349626,0.245970293132743,2.50508638143959e-10,1.46242054975016e-08,"ENSG00000146054","TRIM7","Up","Significant"
"ENSG00000054598",1.79855873250684,1.46009581001869,0.67150471097334,0.00209562947921467,0.0117527109989966,"ENSG00000054598","FOXC1","Up","Significant"
"ENSG00000286512",0.884144760554576,1.12489149180477,0.928238379477147,0.012560694207382,0.0465181589517202,"ENSG00000286512","ENSG00000286512","Up","Significant"
"ENSG00000270504",3.69087822791073,1.3880341979351,0.487241201830155,0.000385235961520838,0.00304670092862916,"ENSG00000270504","ENSG00000270504","Up","Significant"
"ENSG00000260604",0.830883208530984,1.20710545142575,1.34803586200759,0.0134535573535281,0.0489750411036799,"ENSG00000260604","TGILR","Up","Significant"
"ENSG00000285424",2.14966481928693,1.86477104270722,0.566615765711048,7.99136242138579e-05,0.00084741317524752,"ENSG00000285424","ENSG00000285424","Up","Significant"
"ENSG00000284823",0.765561016007658,2.22640743388146,1.1626433442363,0.00240623620313216,0.0131405751190931,"ENSG00000284823","ENSG00000284823","Up","Significant"
"ENSG00000215057",1.16871583766942,2.44228567277922,0.880676657235758,0.000149491808990833,0.0014218304034918,"ENSG00000215057","ENSG00000215057","Up","Significant"
"ENSG00000124785",6.75907539580415,1.52544783560209,0.492612627275487,0.000153595201999695,0.00145308346239632,"ENSG00000124785","NRN1","Up","Significant"
"ENSG00000124491",9282.76798573448,1.37336102878101,0.286253935786789,2.05117008718151e-07,5.39926617842616e-06,"ENSG00000124491","F13A1","Up","Significant"
"ENSG00000153162",186.641475792784,1.73348806748364,0.270440635068927,1.17441647429449e-11,9.34762984254968e-10,"ENSG00000153162","BMP6","Up","Significant"
"ENSG00000239264",244.32649605266,2.47735921168382,0.245231917497089,3.69125745327372e-25,1.60636812989284e-22,"ENSG00000239264","TXNDC5","Up","Significant"
"ENSG00000232234",1.75661615302864,1.05891335094766,0.74075389560857,0.0124760729876183,0.0463107381941296,"ENSG00000232234","LOC105374910","Up","Significant"
"ENSG00000181355",1.41950588126095,1.38319201955204,1.81194231942979,0.00986752624287068,0.0389549678123251,"ENSG00000181355","ENSG00000181355","Up","Significant"
"ENSG00000137203",0.8562968723249,1.09806583148944,0.906767558336316,0.0137453957799985,0.0497832325110214,"ENSG00000137203","TFAP2A","Up","Significant"
"ENSG00000285278",0.687096506803857,1.34268265306993,1.22492217213985,0.0115212101207105,0.0436773650791817,"ENSG00000285278","TFAP2A-AS2","Up","Significant"
"ENSG00000233656",1.51198508341806,1.36981236961207,0.813562581018286,0.00603479715164492,0.0267879264016588,"ENSG00000233656","LOC105374928","Up","Significant"
"ENSG00000180537",4.44031654053218,3.76518754080618,1.03697716765238,0.000571466610612741,0.00419204786668615,"ENSG00000180537","RNF182","Up","Significant"
"ENSG00000112149",4995.49569057841,-1.32072373006071,0.488287814876593,0.000559288577906734,0.0041246317896829,"ENSG00000112149","CD83","Down","Significant"
"ENSG00000286281",9.3735434110993,1.50876385434939,0.284940313525929,1.14528380976146e-08,4.32664207229951e-07,"ENSG00000286281","ENSG00000286281","Up","Significant"
"ENSG00000201519",3.42022276965501,1.04280275138261,0.448772191162159,0.00247486782784941,0.0134387207978295,"ENSG00000201519","RNU6-645P","Up","Significant"
"ENSG00000137198",467.72615286397,2.58460277472688,0.327941855731218,2.10898005732902e-16,3.6056026908693e-14,"ENSG00000137198","GMPR","Up","Significant"
"ENSG00000282024",1.05688300019354,2.97073444635711,1.756351497201,0.00557659464490252,0.025177325512805,"ENSG00000282024","ENSG00000282024","Up","Significant"
"ENSG00000228412",2.65681565122438,2.77178877827046,0.645844853465318,1.4432853548907e-06,2.86341320053477e-05,"ENSG00000228412","LNC-LBCS","Up","Significant"
"ENSG00000220771",0.785416248421629,2.24820598780336,1.20843836308798,0.00275905794713466,0.0146258172596378,"ENSG00000220771","BOLA2P3","Up","Significant"
"ENSG00000112312",155.21880452829,1.05077936449468,0.202777292614377,3.58214636873785e-08,1.1955591899406e-06,"ENSG00000112312","GMNN","Up","Significant"
"ENSG00000286933",1.05969479355813,1.37451770696315,1.04947684506388,0.0078628948776987,0.0327708637384087,"ENSG00000286933","ENSG00000286933","Up","Significant"
"ENSG00000146039",1.06113587049057,2.22016366851622,0.943566065702713,0.000653064118610296,0.00465904312337926,"ENSG00000146039","SLC17A4","Up","Significant"
"ENSG00000278705",8.21376547874011,1.33128794798454,0.390287965685744,6.4988499910336e-05,0.000710505593310097,"ENSG00000278705","H4C2","Up","Significant"
"ENSG00000286522",9.247265116065,2.68238963693359,0.42854019655443,2.24844074865275e-11,1.70074494461862e-09,"ENSG00000286522","H3C2","Up","Significant"
"ENSG00000278463",3.55188161845005,1.23356395180865,0.365553684161336,9.42500678972767e-05,0.000972959188283995,"ENSG00000278463","H2AC4","Up","Significant"
"ENSG00000287080",5.15679278232509,3.37605042695535,0.473684102975822,1.22079123127345e-13,1.33684618852098e-11,"ENSG00000287080","H3C3","Up","Significant"
"ENSG00000187837",417.124235275201,1.77279614822271,0.152488017251802,2.72312952949858e-32,2.94352733561187e-29,"ENSG00000187837","H1-2","Up","Significant"
"ENSG00000187475",2.48276034582075,2.4853964265712,0.958416917825864,0.000425408909488104,0.00330130318388997,"ENSG00000187475","H1-6","Up","Significant"
"ENSG00000180596",132.93627961271,1.94088531175995,0.221155961343786,1.33126009165612e-19,3.16377265328403e-17,"ENSG00000180596","H2BC4","Up","Significant"
"ENSG00000180573",2308.41479132028,1.83611726492662,0.288513172053226,1.71016036160627e-11,1.31737387487504e-09,"ENSG00000180573","H2AC6","Up","Significant"
"ENSG00000168298",679.90764947634,1.38410281998628,0.16970802002473,3.78951126396141e-17,6.86393151049097e-15,"ENSG00000168298","H1-4","Up","Significant"
"ENSG00000158373",75.9142195070524,1.92437273622244,0.326308722678646,2.70904639291777e-10,1.57326578128737e-08,"ENSG00000158373","H2BC5","Up","Significant"
"ENSG00000277157",3.60827796128378,1.58726089244095,0.457338253516559,4.58637828518177e-05,0.000536381872805803,"ENSG00000277157","H4C4","Up","Significant"
"ENSG00000282988",8.73967716070164,1.002417594446,0.303144093302056,0.000146157313601057,0.00139532348189681,"ENSG00000282988","ENSG00000282988","Up","Significant"
"ENSG00000277224",23.3988710990882,2.24254109977528,0.27243984195475,1.16912837868241e-17,2.31812561190941e-15,"ENSG00000277224","H2BC7","Up","Significant"
"ENSG00000217275",2.55512520806199,1.19907618906847,0.475729374512012,0.00128230806111013,0.00795130659136554,"ENSG00000217275","RPS10P1","Up","Significant"
"ENSG00000273802",50.5839079302149,1.88025586171158,0.274663913055051,5.86749309996349e-13,5.79981788456273e-11,"ENSG00000273802","H2BC8","Up","Significant"
"ENSG00000277075",35.5655084719326,1.93853277426596,0.312159955951211,3.90169233191297e-11,2.78767181983095e-09,"ENSG00000277075","H2AC8","Up","Significant"
"ENSG00000124575",444.893913869297,1.36976844090069,0.153457128785693,5.24084057996459e-20,1.29128916907377e-17,"ENSG00000124575","H1-3","Up","Significant"
"ENSG00000274618",5.74726423143014,1.04501262814174,0.330179152338975,0.000230978245828347,0.00202190439902353,"ENSG00000274618","H4C6","Up","Significant"
"ENSG00000277775",3.38162039828472,2.00387174934581,0.482163423849117,2.58513440866712e-06,4.70533780011008e-05,"ENSG00000277775","H3C7","Up","Significant"
"ENSG00000275713",82.5174311053426,2.25310941961283,0.381666516126333,2.27403131269258e-10,1.34155836720098e-08,"ENSG00000275713","H2BC9","Up","Significant"
"ENSG00000273983",6.96240996260273,3.21697984927717,0.467490105506057,4.99062505371138e-13,4.99196581865118e-11,"ENSG00000273983","H3C8","Up","Significant"
"ENSG00000218690",3.09178310979802,1.43176105556991,0.4366367632876,0.000105565370519639,0.00106911249235701,"ENSG00000218690","H2AC10P","Up","Significant"
"ENSG00000158406",109.261626912218,2.3470117394371,0.356095896729993,2.79862792298176e-12,2.46787429134725e-10,"ENSG00000158406","H4C8","Up","Significant"
"ENSG00000124557",10.2551859247549,1.624944942027,0.419696186276687,8.49755081028162e-06,0.00013126558209933,"ENSG00000124557","BTN1A1","Up","Significant"
"ENSG00000284607",1.12015889805251,1.5482088393128,0.767244302882258,0.00270168874787961,0.0143836810061484,"ENSG00000284607","LOC105374988","Up","Significant"
"ENSG00000272468",1.92444996962984,1.83814001729601,0.697924664701096,0.000578367630302008,0.00423340343464176,"ENSG00000272468","ENSG00000272468","Up","Significant"
"ENSG00000124635",68.0961733480153,2.39981971356787,0.332879884773028,3.61321774270173e-14,4.30873001210649e-12,"ENSG00000124635","H2BC11","Up","Significant"
"ENSG00000196787",152.186132575842,1.54625465244476,0.245102357070636,2.6936921352336e-11,1.9925591558398e-09,"ENSG00000196787","H2AC11","Up","Significant"
"ENSG00000276180",69.4060346797448,1.1131131145387,0.178278665157565,6.43401819651516e-11,4.29477123002045e-09,"ENSG00000276180","H4C9","Up","Significant"
"ENSG00000197903",177.833125470889,1.22104913649332,0.16525699174932,1.9585418336317e-14,2.43913823863925e-12,"ENSG00000197903","H2BC12","Up","Significant"
"ENSG00000274997",21.3312048142079,2.50158941276987,0.300355715933824,5.52478138182781e-18,1.12884084953456e-15,"ENSG00000274997","H2AC12","Up","Significant"
"ENSG00000285849",6.1117132797786,-1.01056726372153,0.396521170692326,0.00149633876185386,0.00899649930396247,"ENSG00000285849","ENSG00000285849","Down","Significant"
"ENSG00000217862",1.84679757723873,1.20531706992774,0.634152093773927,0.00496174673872914,0.0229486779113975,"ENSG00000217862","ENSG00000217862","Up","Significant"
"ENSG00000185130",5.30071597908388,1.8162726060075,0.444374973079378,3.40773810136812e-06,5.9847953898713e-05,"ENSG00000185130","H2BC13","Up","Significant"
"ENSG00000196747",18.5218451778223,2.34850319071651,0.309796401835071,2.44212554387155e-15,3.54256211470094e-13,"ENSG00000196747","H2AC13","Up","Significant"
"ENSG00000278828",633.036294994438,2.20703044071686,0.345386895283721,1.14982623369645e-11,9.17369696784149e-10,"ENSG00000278828","H3C10","Up","Significant"
"ENSG00000276368",15.2321892668533,3.17961010449949,0.365583992177717,2.32095384840646e-19,5.32690702097616e-17,"ENSG00000276368","H2AC14","Up","Significant"
"ENSG00000273703",2.18440455716808,4.00103482841119,0.808588781108586,4.90596681224125e-10,2.66873444661351e-08,"ENSG00000273703","H2BC14","Up","Significant"
"ENSG00000197238",8.92030928531498,1.1947046747883,0.267193739995041,1.04243783181655e-06,2.1736807284593e-05,"ENSG00000197238","H4C11","Up","Significant"
"ENSG00000273542",8.39603602770605,1.18558430706964,0.250596664384615,3.19516022034787e-07,7.94262788009176e-06,"ENSG00000273542","H4C12","Up","Significant"
"ENSG00000276903",12.7463657005094,1.2892922811806,0.286588722937958,7.80042834389858e-07,1.70616549200847e-05,"ENSG00000276903","H2AC16","Up","Significant"
"ENSG00000184357",66.9878899219368,3.15243170625448,0.258792151795607,2.6438043737531e-35,3.6913016983372e-32,"ENSG00000184357","H1-5","Up","Significant"
"ENSG00000197153",4.54378626041811,2.79748205576904,0.4889563846826,9.24711277571938e-10,4.68068734141361e-08,"ENSG00000197153","H3C12","Up","Significant"
"ENSG00000278677",3.64404249776663,1.71863482744341,0.43283504805634,6.04194616980859e-06,9.75708791345138e-05,"ENSG00000278677","H2AC17","Up","Significant"
"ENSG00000274641",22.0648266730967,3.46867079828392,0.603203310263813,4.42778580084887e-10,2.43630007226018e-08,"ENSG00000274641","H2BC17","Up","Significant"
"ENSG00000124657",10.3612492274624,3.43714286579385,0.662189351233626,1.10328188496343e-08,4.18684854849826e-07,"ENSG00000124657","OR2B6","Up","Significant"
"ENSG00000197279",65.7509777077075,-1.19166482969673,0.591192460895446,0.00359868992809071,0.0179153915912036,"ENSG00000197279","ZNF165","Down","Significant"
"ENSG00000204695",0.809918850549558,1.2663435301776,1.2914964477825,0.0132817343229899,0.0485446810022979,"ENSG00000204695","OR14J1","Up","Significant"
"ENSG00000204688",0.732411760729516,1.83348333816125,1.47965938936957,0.00963444873754155,0.0382830241605929,"ENSG00000204688","OR2H1","Up","Significant"
"ENSG00000224582",0.988280569253205,3.42986638042725,1.17603244089333,8.17818577914774e-05,0.000862855249601579,"ENSG00000224582","LINC01015","Up","Significant"
"ENSG00000231130",3.32480440614129,1.04531945135203,0.408948782100015,0.00142132587215165,0.00863280925320455,"ENSG00000231130","ENSG00000231130","Up","Significant"
"ENSG00000204613",13.6668561867016,1.65740853451141,0.562964126250522,0.000213355150406433,0.00189486290351688,"ENSG00000204613","TRIM10","Up","Significant"
"ENSG00000237923",0.897996505098516,1.72438128014036,1.10351538789167,0.0048316685924339,0.0224555316038651,"ENSG00000237923","LINC02570","Up","Significant"
"ENSG00000168631",1.01210626106639,1.87487074071244,0.862344444035857,0.00124903595161309,0.00779548252981987,"ENSG00000168631","MUCL3","Up","Significant"
"ENSG00000204544",0.976129976075527,2.47706275030084,1.37617338521396,0.00307967331791556,0.0159131492999279,"ENSG00000204544","MUC21","Up","Significant"
"ENSG00000261272",3.13286309873009,3.04069078934476,0.802140962284687,8.25192869923335e-06,0.000128193731470844,"ENSG00000261272","MUC22","Up","Significant"
"ENSG00000285647",1.07705887493645,1.13538332380833,1.29137549040003,0.0136397201213022,0.0494860742252832,"ENSG00000285647","ENSG00000285647","Up","Significant"
"ENSG00000232810",825.532536923934,-1.00998176253439,0.426652385427238,0.00225428308160358,0.0124874534777102,"ENSG00000232810","TNF","Down","Significant"
"ENSG00000204424",17.0427317169824,1.81861690967276,0.36350845529276,4.29907459132886e-08,1.39320783830599e-06,"ENSG00000204424","LY6G6F","Up","Significant"
"ENSG00000255552",22.7226518704945,2.02732557699446,0.413191289830391,6.75960307208941e-08,2.07424486577513e-06,"ENSG00000255552","ENSG00000255552","Up","Significant"
"ENSG00000204420",1277.6563652361,2.31586614452959,0.345185339510127,1.34790703220703e-12,1.25463935395071e-10,"ENSG00000204420","MPIG6B","Up","Significant"
"ENSG00000204421",1.05117710679529,1.27924463003904,0.9168135671397,0.00968777488636089,0.0384311173987294,"ENSG00000204421","LY6G6C","Up","Significant"
"ENSG00000204314",8.75756763516155,-1.01730431048213,0.359987090583615,0.000706301857240911,0.00497633913672954,"ENSG00000204314","PRRT1","Down","Significant"
"ENSG00000237541",292.862827712004,-1.16685555444171,0.80048926172842,0.00887811875117647,0.0359512847411689,"ENSG00000237541","HLA-DQA1","Down","Significant"
"ENSG00000231461",2.58055655231626,1.64726954551432,0.700467001461691,0.00118061647633496,0.00747999153672758,"ENSG00000231461","ENSG00000231461","Up","Significant"
"ENSG00000237649",75.2929410376431,2.58680628462404,0.239280917061194,2.04762970146236e-28,1.24752770302368e-25,"ENSG00000237649","KIFC1","Up","Significant"
"ENSG00000161896",0.620145182849918,2.18237850015415,1.43140641038483,0.00763429193564466,0.0320785224728617,"ENSG00000161896","IP6K3","Up","Significant"
"ENSG00000233183",3.33116211624448,1.12890917320328,0.411810392160601,0.00075848114480867,0.0052610111118596,"ENSG00000233183","ENSG00000233183","Up","Significant"
"ENSG00000124493",4.87831989898406,1.18137047856859,0.504844387388842,0.00186623345327614,0.0107394155565568,"ENSG00000124493","GRM4","Up","Significant"
"ENSG00000124664",1.81599998518622,2.7665986680488,0.773975061410664,1.41687299969339e-05,0.000201605084274844,"ENSG00000124664","SPDEF","Up","Significant"
"ENSG00000112041",1.21705045812949,1.31740801070458,0.920829494063715,0.00884808164762729,0.0358513141390983,"ENSG00000112041","TULP1","Up","Significant"
"ENSG00000287458",13.7057538648553,1.04596162224558,0.413249375160199,0.00142872777183066,0.00866465074347218,"ENSG00000287458","ENSG00000287458","Up","Significant"
"ENSG00000112053",21.8893545797914,1.56514485616394,0.394729112686351,5.99456515283312e-06,9.69927009687518e-05,"ENSG00000112053","SLC26A8","Up","Significant"
"ENSG00000010030",119.827835564277,1.21247921639728,0.452896594961803,0.0007519443136221,0.00522432137780696,"ENSG00000010030","ETV7","Up","Significant"
"ENSG00000124772",616.130769978289,1.00972949692896,0.215111750217916,4.6452931614096e-07,1.08548904146216e-05,"ENSG00000124772","CPNE5","Up","Significant"
"ENSG00000285888",5.8328695403396,-1.18312204324116,0.420200936800031,0.00054283907928496,0.00403415274068745,"ENSG00000285888","ENSG00000285888","Down","Significant"
"ENSG00000124721",15.4738027073913,1.72700500950217,0.225525550255087,1.74216152530235e-15,2.62219282172704e-13,"ENSG00000124721","DNAH8","Up","Significant"
"ENSG00000231150",0.67980025128696,1.36511067417488,1.25073043864829,0.0124807683978473,0.0463107381941296,"ENSG00000231150","ENSG00000231150","Up","Significant"
"ENSG00000112164",3.86962392980089,1.32363659013867,0.630473548648813,0.00265565903487885,0.0142040668156034,"ENSG00000112164","GLP1R","Up","Significant"
"ENSG00000164627",2.88453214359614,1.24873063668545,0.635579081106795,0.00387365089501366,0.018935400122686,"ENSG00000164627","KIF6","Up","Significant"
"ENSG00000146122",2.30831121031377,5.05410550027148,0.59186959424419,4.46469459811157e-05,0.000524202702481152,"ENSG00000146122","DAAM2","Up","Significant"
"ENSG00000235033",1.41956210903944,1.87859097720408,1.16368945993813,0.00352643110950494,0.0176498893301151,"ENSG00000235033","DAAM2-AS1","Up","Significant"
"ENSG00000204091",0.89818714559737,2.28397267250347,0.911439746290644,0.0003267499114973,0.00267984315121454,"ENSG00000204091","TDRG1","Up","Significant"
"ENSG00000204092",0.868574590359169,1.39918862430153,0.980733017770476,0.00701109541561515,0.0300389715230595,"ENSG00000204092","ENSG00000204092","Up","Significant"
"ENSG00000112212",2.78311433417856,2.78704141937026,0.932099266306813,0.000139343248053857,0.00134135389228287,"ENSG00000112212","TSPO2","Up","Significant"
"ENSG00000161911",952.089718104631,2.80157964849091,0.363249571958153,8.01809290972091e-16,1.26735035524452e-13,"ENSG00000161911","TREML1","Up","Significant"
"ENSG00000184106",24.6118801679901,1.22896897604976,0.337219306872204,2.95883112686307e-05,0.000373545174716593,"ENSG00000184106","ENSG00000184106","Up","Significant"
"ENSG00000188112",2.68841193284768,1.02799530395109,0.490847618889582,0.00443023356588058,0.0210201881213587,"ENSG00000188112","C6orf132","Up","Significant"
"ENSG00000171611",155.176739226747,1.57126869005855,0.300467816560877,1.52361349180992e-08,5.57975568273864e-07,"ENSG00000171611","PTCRA","Up","Significant"
"ENSG00000137225",9.19667050567282,1.20656143659124,0.50172949241239,0.00151541047865508,0.00908081003742011,"ENSG00000137225","CAPN11","Up","Significant"
"ENSG00000229349",0.960939156031576,1.74187171872859,0.852162623722586,0.00169691537650479,0.00994959533706017,"ENSG00000229349","ENSG00000229349","Up","Significant"
"ENSG00000236466",1.24761117600387,1.52122784636592,0.813343690067694,0.00402038826171519,0.019483203315467,"ENSG00000236466","RCAN2-DT","Up","Significant"
"ENSG00000069122",1.77680399082315,1.57785652617676,0.787905382379883,0.00279734266498417,0.0147872149173299,"ENSG00000069122","ADGRF5","Up","Significant"
"ENSG00000153292",2.4597198589511,1.88683793761892,0.700149389502426,0.000432434904954918,0.00334343821645924,"ENSG00000153292","ADGRF1","Up","Significant"
"ENSG00000164393",1.05321246399767,1.87524597714347,1.2246263312642,0.00430433120346394,0.0205607746681216,"ENSG00000164393","ENSG00000164393","Up","Significant"
"ENSG00000153294",0.848079102876941,2.18058595071542,2.22034074398878,0.01351864612238,0.0491492820307157,"ENSG00000153294","ADGRF4","Up","Significant"
"ENSG00000124818",0.648274223319017,2.98449753073633,1.78998663171455,0.00990357937245281,0.0390606216091715,"ENSG00000124818","OPN5","Up","Significant"
"ENSG00000244694",1.16586289426942,2.40125305792913,0.941402507031107,0.000347792829797613,0.0028150217231131,"ENSG00000244694","PTCHD4","Up","Significant"
"ENSG00000112077",14.4134043032681,5.62687267166431,0.900280268312076,2.22087075965221e-11,1.68750925816748e-09,"ENSG00000112077","RHAG","Up","Significant"
"ENSG00000096006",0.912102067348711,3.96793180162163,1.50024463644991,0.000320937083035403,0.00263908729213087,"ENSG00000096006","CRISP3","Up","Significant"
"ENSG00000170927",4.48693412639746,2.24007405081814,0.537239568020847,1.96125575902718e-06,3.73195452749811e-05,"ENSG00000170927","PKHD1","Up","Significant"
"ENSG00000146147",1.58525906362625,1.62778669104619,1.16102243247295,0.00629844168929837,0.0276266509691455,"ENSG00000146147","MLIP","Up","Significant"
"ENSG00000235050",0.744992752928028,2.1243422064269,1.20327758323833,0.00341528476422675,0.017230168197,"ENSG00000235050","ENSG00000235050","Up","Significant"
"ENSG00000225096",1.32422340971576,1.40515089460026,0.794405813299473,0.00512967074222431,0.0235570536293891,"ENSG00000225096","LOC101927293","Up","Significant"
"ENSG00000217067",0.694063141254817,1.39413365070293,1.18919315190659,0.00998083729297699,0.0392867234641567,"ENSG00000217067","ENSG00000217067","Up","Significant"
"ENSG00000227706",1.84488260482152,1.72064943840317,1.02212123825835,0.00405025477436549,0.0196098811203891,"ENSG00000227706","ENSG00000227706","Up","Significant"
"ENSG00000112280",1.30955261472592,1.7377908501593,0.735556136771348,0.00130967788499188,0.00807915983950529,"ENSG00000112280","COL9A1","Up","Significant"
"ENSG00000233237",3.34194749989458,1.75077615760974,0.610891624216562,0.000267858574347425,0.002290881308782,"ENSG00000233237","LINC00472","Up","Significant"
"ENSG00000079841",2.49858784249879,1.3220336098323,0.837125622074304,0.00646213266347929,0.0281805834748214,"ENSG00000079841","RIMS1","Up","Significant"
"ENSG00000231652",3.86041378811053,1.29896076069173,0.457024069210353,0.000427883233604018,0.00331610513511834,"ENSG00000231652","CD109-AS1","Up","Significant"
"ENSG00000156535",50.1087597559638,1.35763667776122,0.270544587042794,5.65608659459837e-08,1.77231130489173e-06,"ENSG00000156535","CD109","Up","Significant"
"ENSG00000279790",1.23408903447953,3.7830460905677,1.17834434609017,1.81755381207688e-05,0.00024818423263604,"ENSG00000279790","ENSG00000279790","Up","Significant"
"ENSG00000112706",0.988140600306741,1.70023483968404,0.920844317604139,0.00251073143471607,0.0135938115440137,"ENSG00000112706","IMPG1","Up","Significant"
"ENSG00000286042",1.49000129580297,2.27642863530682,0.868120360510766,0.000334996780408191,0.00273590229458886,"ENSG00000286042","LCAL1","Up","Significant"
"ENSG00000198478",577.598440355158,1.62421503129375,0.322386477716806,3.98528034989328e-08,1.31052756864155e-06,"ENSG00000198478","SH3BGRL2","Up","Significant"
"ENSG00000118402",21.5929331323466,-1.39256878485678,0.313915792302628,9.6660195738586e-07,2.04094927473489e-05,"ENSG00000118402","ELOVL4","Down","Significant"
"ENSG00000112742",43.2531257943061,2.38709158150367,0.263231379982841,8.67166020429867e-21,2.28802095894365e-18,"ENSG00000112742","TTK","Up","Significant"
"ENSG00000219951",0.610779548622986,1.31370177110303,1.11972776656968,0.0123146098868855,0.0459675016931767,"ENSG00000219951","ENSG00000219951","Up","Significant"
"ENSG00000146250",4.31563650087286,-2.28893736248398,0.665347330118807,3.48224290781144e-05,0.000426329841424383,"ENSG00000146250","PRSS35","Down","Significant"
"ENSG00000135324",2.66958764152691,1.93078933162665,0.921146941422036,0.00162742356413011,0.00960601307212186,"ENSG00000135324","MRAP2","Up","Significant"
"ENSG00000112837",0.86585342970479,1.99774385882472,1.17318517502377,0.0035063475731281,0.0175889522197529,"ENSG00000112837","TBX18","Up","Significant"
"ENSG00000228290",0.633957172673686,2.39426294825009,1.34359779860056,0.00501800635641132,0.0231322568437181,"ENSG00000228290","TBX18-AS1","Up","Significant"
"ENSG00000234426",2.27729806175665,1.2817166492089,0.687999368959118,0.00487178188717909,0.0226168660650435,"ENSG00000234426","ENSG00000234426","Up","Significant"
"ENSG00000154548",10.8795440569247,-1.00155883739044,0.392616865001102,0.00149526704069194,0.00899387960268285,"ENSG00000154548","SRSF12","Down","Significant"
"ENSG00000146276",1.06061561858892,2.27520552823676,1.21845205551298,0.00209988740175247,0.0117721787986413,"ENSG00000146276","GABRR1","Up","Significant"
"ENSG00000287789",33.0106464118488,-1.16490543884141,0.306545026296109,1.82746423592141e-05,0.000249334279647763,"ENSG00000287789","ENSG00000287789","Down","Significant"
"ENSG00000224944",0.590625784159546,1.52857643909483,1.30077039136558,0.0121781737828277,0.0455902608969695,"ENSG00000224944","ENSG00000224944","Up","Significant"
"ENSG00000287683",1.33876218512114,2.55412665992383,1.01384897104984,0.000357744054289875,0.00286785777875584,"ENSG00000287683","ENSG00000287683","Up","Significant"
"ENSG00000287578",0.71042171163883,2.69763560769814,1.22635863583231,0.00130923517948419,0.0080788795751205,"ENSG00000287578","LOC107986626","Up","Significant"
"ENSG00000172461",1.0160490729196,2.10555925138424,0.944394837859818,0.000860450908318827,0.00581659259367673,"ENSG00000172461","FUT9","Up","Significant"
"ENSG00000271860",2.99424127222292,1.49337684797913,0.593460450540827,0.000876662518977661,0.00590236776138687,"ENSG00000271860","LOC101927314","Up","Significant"
"ENSG00000146267",1.79805279101896,3.61211034816955,0.853309387172851,8.66414289093503e-08,2.57381883096048e-06,"ENSG00000146267","FAXC","Up","Significant"
"ENSG00000152034",1.45450098857248,1.47630569937552,0.798409857580569,0.0042162400136216,0.0202206936620075,"ENSG00000152034","MCHR2","Up","Significant"
"ENSG00000164418",2.70882206113609,1.72345076734834,0.715816469982888,0.000965434605921133,0.0063840583631084,"ENSG00000164418","GRIK2","Up","Significant"
"ENSG00000112276",2.96621495609012,2.24452939114297,0.714880433263871,9.90335246785108e-05,0.00101359632817722,"ENSG00000112276","POPDC1","Up","Significant"
"ENSG00000203808",1.02011158880441,3.19798892384489,1.36738218611361,0.000869237453629357,0.00586179871878972,"ENSG00000203808","POPDC1-AS1","Up","Significant"
"ENSG00000235142",2.92143131141467,1.60122034061079,0.592547254829184,0.000490187454708529,0.00370281591970877,"ENSG00000235142","LINC02532","Up","Significant"
"ENSG00000279498",0.863709461666502,2.51855266496429,1.11403978285855,0.000879718094436238,0.00592056108183649,"ENSG00000279498","ENSG00000279498","Up","Significant"
"ENSG00000286511",3.7948843254865,1.06181490574014,0.509710361237348,0.00423509993304502,0.0202968056079814,"ENSG00000286511","ENSG00000286511","Up","Significant"
"ENSG00000112290",112.144686074607,1.36074711640406,0.254415307594553,9.29597369796736e-09,3.59698363331626e-07,"ENSG00000112290","WASF1","Up","Significant"
"ENSG00000004809",112.584154752611,1.14542181384335,0.456134957377321,0.00129563644413979,0.00801359670867538,"ENSG00000004809","SLC22A16","Up","Significant"
"ENSG00000260188",6.20544906434838,1.80422086290561,0.478683391383423,1.10451976273571e-05,0.000163451292451303,"ENSG00000260188","ENSG00000260188","Up","Significant"
"ENSG00000112769",2.27112014884402,2.13150326310816,0.634653770436924,5.22034556005636e-05,0.000596211858800029,"ENSG00000112769","LAMA4","Up","Significant"
"ENSG00000287097",15.595451461934,1.0375963790918,0.478603943604187,0.00353149560662673,0.0176622218332023,"ENSG00000287097","LOC107986639","Up","Significant"
"ENSG00000123500",18.1131163683131,2.286929164631,0.456454408948626,3.3771987068085e-08,1.14309647945905e-06,"ENSG00000123500","COL10A1","Up","Significant"
"ENSG00000218153",0.956352255786765,1.50942769633153,0.982885776515502,0.0047029622565064,0.0219915660414838,"ENSG00000218153","KRT18P22","Up","Significant"
"ENSG00000173626",12.1145857798096,1.36206211878302,0.386882438318419,4.09629462434015e-05,0.000485713859048174,"ENSG00000173626","TRAPPC3L","Up","Significant"
"ENSG00000178033",15.4886872884277,1.73738705116556,0.432318461952082,4.31978344788725e-06,7.32548702202701e-05,"ENSG00000178033","CALHM5","Up","Significant"
"ENSG00000185002",0.842888684624973,1.97205265682061,1.10229382248703,0.00273011738089899,0.0144958807346766,"ENSG00000185002","RFX6","Up","Significant"
"ENSG00000047936",1.3391845019378,2.17529268308828,0.807777553709886,0.000319198744834495,0.00263060273995551,"ENSG00000047936","ROS1","Up","Significant"
"ENSG00000196376",1.00708586476469,1.75936009542119,0.947244977186791,0.00269454279031074,0.0143593973335437,"ENSG00000196376","SLC35F1","Up","Significant"
"ENSG00000285652",1.52922566455133,2.56258912571251,0.968802042597918,0.000289402601369065,0.00243780587462947,"ENSG00000285652","ENSG00000285652","Up","Significant"
"ENSG00000146352",0.854968434516076,3.91298772134855,1.4632090436437,0.000260869809605331,0.00224113592401342,"ENSG00000146352","CLVS2","Up","Significant"
"ENSG00000186439",1.07776870100044,4.32380125315969,1.50687117067507,0.000133193658973138,0.00129367719377707,"ENSG00000186439","TRDN","Up","Significant"
"ENSG00000235535",1.68597383493871,1.86810760869755,1.00804894103494,0.00272138850698515,0.014454114357357,"ENSG00000235535","TRDN-AS1","Up","Significant"
"ENSG00000188580",2.27903375240928,2.85830925381905,0.86870325908288,4.6304278421654e-05,0.000540442377440336,"ENSG00000188580","NKAIN2","Up","Significant"
"ENSG00000226409",1.87245512943749,2.87738543323699,0.687306267436509,9.45434821188838e-07,2.00256481815529e-05,"ENSG00000226409","LOC102723341","Up","Significant"
"ENSG00000286215",7.59178985121571,2.29679112706793,0.48592052778022,1.44856683900536e-07,4.01157241390335e-06,"ENSG00000286215","VIM2P","Up","Significant"
"ENSG00000203760",98.2043730142516,1.36970638689261,0.177095540461961,1.21943219234193e-15,1.88303932410994e-13,"ENSG00000203760","CENPW","Up","Significant"
"ENSG00000118520",13.3963877152778,1.11519539388346,0.344889684600599,0.000158233387449189,0.00148688799215784,"ENSG00000118520","ARG1","Up","Significant"
"ENSG00000079931",27.5631250090796,1.64318749620991,0.248926233481159,3.74400008192104e-12,3.23344584394568e-10,"ENSG00000079931","MOXD1","Up","Significant"
"ENSG00000286663",0.644711938964878,2.68478622990388,1.17075238897731,0.000999191463129696,0.00656372834338589,"ENSG00000286663","ENSG00000286663","Up","Significant"
"ENSG00000112319",1.75478550145142,2.75025711074091,0.699273729819283,2.88657836588876e-06,5.2003416377724e-05,"ENSG00000112319","EYA4","Up","Significant"
"ENSG00000227954",1.49786419342928,2.27887956187933,0.925822079904905,0.000592575532301406,0.00430355732810746,"ENSG00000227954","TARID","Up","Significant"
"ENSG00000287413",1.06225887753911,2.09695567270048,1.03652521278824,0.00154095686047008,0.00919606828806622,"ENSG00000287413","ENSG00000287413","Up","Significant"
"ENSG00000236700",6.00996970835935,1.40723776336827,0.491513210918804,0.00034037423012006,0.00276767776682677,"ENSG00000236700","LINC01010","Up","Significant"
"ENSG00000231971",6.53017153185849,1.1888495517328,0.37487534717611,0.000173417944366426,0.00160260945884571,"ENSG00000231971","CT69","Up","Significant"
"ENSG00000232310",2.67245577144879,1.11903306650614,0.730151631077282,0.00945100425474131,0.0377232757033982,"ENSG00000232310","LINC03002","Up","Significant"
"ENSG00000146410",26.414833058257,1.72841890839751,0.235058450471562,1.8440642891763e-14,2.32303572428603e-12,"ENSG00000146410","MTFR2","Up","Significant"
"ENSG00000213109",0.818530989978148,2.41094718817751,1.16715195724849,0.00179327725988419,0.010399952873219,"ENSG00000213109","RPL7AP37","Up","Significant"
"ENSG00000182747",16.8570749218422,2.89834091214925,0.515753850396818,1.02698182644948e-09,5.13628866007398e-08,"ENSG00000182747","SLC35D3","Up","Significant"
"ENSG00000225391",0.581142266087862,2.9509519067274,1.67159707857227,0.00879765364883369,0.0356783887329427,"ENSG00000225391","NHEG1","Up","Significant"
"ENSG00000220412",40.0836781651014,-1.51964303097242,0.4223670266823,2.60334693934788e-05,0.000335184247923263,"ENSG00000220412","ENSG00000220412","Down","Significant"
"ENSG00000112379",4.74378245928747,2.71849294190898,0.563384372150999,9.15843572691899e-08,2.70626122375069e-06,"ENSG00000112379","ARFGEF3","Up","Significant"
"ENSG00000217027",2.32404860343563,1.12155816017673,0.480707006981589,0.00238015901518456,0.0130406717527501,"ENSG00000217027","ENSG00000217027","Up","Significant"
"ENSG00000118496",161.315302982913,-1.13171626395578,0.1677363179681,2.22036813842672e-12,1.98406175868109e-10,"ENSG00000118496","FBXO30","Down","Significant"
"ENSG00000152822",2.6907760711573,1.39112958658796,0.675250359291064,0.0026912533595152,0.0143509243831946,"ENSG00000152822","GRM1","Up","Significant"
"ENSG00000118492",2.26909386597258,1.13139284955682,0.595478827495514,0.00541589902958049,0.0246109791947671,"ENSG00000118492","ADGB","Up","Significant"
"ENSG00000272397",1.60899967937531,1.81316454320324,1.22173270414625,0.00431417759281856,0.0205843338968755,"ENSG00000272397","ENSG00000272397","Up","Significant"
"ENSG00000203727",1.33869208438065,2.47997187188292,0.793395829930538,5.5198384014381e-05,0.000625301774826873,"ENSG00000203727","SAMD5","Up","Significant"
"ENSG00000273132",0.781986422017385,1.16770199625964,0.96994771654809,0.011864450952148,0.0446602883571699,"ENSG00000273132","LRP11-AS1","Up","Significant"
"ENSG00000203722",0.647020888102495,1.88137740240729,1.21641407858861,0.00608741313365128,0.0269426927348462,"ENSG00000203722","RAET1G","Up","Significant"
"ENSG00000009765",2.11471277771551,2.59523465633886,0.714948844202513,1.74913360088173e-05,0.000240606395040829,"ENSG00000009765","IYD","Up","Significant"
"ENSG00000287914",0.641420458666787,1.37464952760675,1.11523562628311,0.0105081659022603,0.0408388624899218,"ENSG00000287914","ENSG00000287914","Up","Significant"
"ENSG00000120279",14.7348961981808,1.1790596172658,0.407920478369822,0.000418216170973576,0.00325831333949164,"ENSG00000120279","MYCT1","Up","Significant"
"ENSG00000224893",1.41016521780044,2.5397349778723,0.838367361531396,8.11007922063279e-05,0.000857559623238195,"ENSG00000224893","LINC02840","Up","Significant"
"ENSG00000217372",0.863674714076181,1.34332167619766,1.81673291594634,0.0126344168917114,0.0467234756897185,"ENSG00000217372","ENSG00000217372","Up","Significant"
"ENSG00000112029",133.880592570081,1.04560258293234,0.153975746294433,1.95031741883767e-12,1.78074077351039e-10,"ENSG00000112029","FBXO5","Up","Significant"
"ENSG00000112038",4.49872620274441,1.32505496695149,0.484434101541751,0.000563007883746005,0.00414907217427862,"ENSG00000112038","OPRM1","Up","Significant"
"ENSG00000153721",8.22504654926509,2.28603018922138,0.470758068753896,7.43644068809729e-08,2.25713488240446e-06,"ENSG00000153721","CNKSR3","Up","Significant"
"ENSG00000287260",0.915965832468164,2.19127253152361,1.44201162108294,0.00459854077680595,0.0216272702625964,"ENSG00000287260","LOC101928868","Up","Significant"
"ENSG00000236324",3.92211798794825,1.4341453827353,0.475405259844508,0.000216630915364723,0.00192043183730498,"ENSG00000236324","SNX9-AS1","Up","Significant"
"ENSG00000164691",5194.4120853239,-1.50906426471886,0.313422556545772,1.20512774985418e-07,3.41935865959896e-06,"ENSG00000164691","TAGAP","Down","Significant"
"ENSG00000164694",1.74378057425944,2.01121021826533,0.608911643290123,8.17565015792696e-05,0.000862855249601579,"ENSG00000164694","FNDC1","Up","Significant"
"ENSG00000130368",1.98052095358534,1.92372619876214,0.630932886807371,0.000169492866609034,0.00157153748400722,"ENSG00000130368","MAS1","Up","Significant"
"ENSG00000112499",0.887979361938251,1.74436790623832,0.982719936576177,0.00274974268715906,0.0145862161950313,"ENSG00000112499","SLC22A2","Up","Significant"
"ENSG00000146477",3.24052489226348,1.03193808515407,0.570942233581528,0.0075613110662132,0.0318226541720344,"ENSG00000146477","SLC22A3","Up","Significant"
"ENSG00000198670",1.52846088507426,2.88171265405296,0.908343420122923,3.21327149228541e-05,0.000399827383717014,"ENSG00000198670","LPA","Up","Significant"
"ENSG00000122194",0.966238376716786,2.29563487126907,1.08794553277289,0.00132585192004837,0.00816190680606922,"ENSG00000122194","PLG","Up","Significant"
"ENSG00000285564",1.48536717736594,2.08150460473083,0.82968197382738,0.000634707568686742,0.00455426465077602,"ENSG00000285564","DKFZp451B082","Up","Significant"
"ENSG00000235538",3.93897197980763,1.28790719345466,0.661090893633802,0.00371298253528974,0.0183156678603009,"ENSG00000235538","LOC124901499","Up","Significant"
"ENSG00000287550",0.710479757866942,1.66920211403391,1.0575989355451,0.00494032354719708,0.0228685318059161,"ENSG00000287550","ENSG00000287550","Up","Significant"
"ENSG00000112541",4.31012895866482,2.42928813795304,0.613140189210712,4.50238812342491e-06,7.57382146726131e-05,"ENSG00000112541","PDE10A","Up","Significant"
"ENSG00000216624",2.02231736260905,1.27344661984147,0.575249276285431,0.00246629006208696,0.0134055443866089,"ENSG00000216624","ENSG00000216624","Up","Significant"
"ENSG00000287824",0.499789917275968,2.7540984520206,1.59040350381085,0.00956224905332016,0.0380638398108464,"ENSG00000287824","ENSG00000287824","Up","Significant"
"ENSG00000235272",10.1234020189535,1.62631619970485,0.38207439894936,1.76818743251821e-06,3.41302953204221e-05,"ENSG00000235272","RAMACL","Up","Significant"
"ENSG00000112494",0.739280137101711,5.51261086193283,2.48440143017856,0.000425385384874838,0.00330130318388997,"ENSG00000112494","UNC93A","Up","Significant"
"ENSG00000272549",1.10530528046361,2.09097743384848,1.12575701736807,0.0022359961417912,0.0124070201548735,"ENSG00000272549","LINC02538","Up","Significant"
"ENSG00000125337",1.0603156607842,1.77174447754184,0.967896221286891,0.00236403760438151,0.0129650631890704,"ENSG00000125337","KIF25","Up","Significant"
"ENSG00000153303",2.2572351790193,1.43253123125652,0.670922416561785,0.00224348717007545,0.0124444581975305,"ENSG00000153303","FRMD1","Up","Significant"
"ENSG00000234647",1.50841960917572,1.63976211110174,0.84772457491457,0.0030443194557284,0.0157815749755574,"ENSG00000234647","ENSG00000234647","Up","Significant"
"ENSG00000225879",0.896603783102415,1.77048148766479,1.07608455723551,0.00410425782073183,0.0198112323991505,"ENSG00000225879","ENSG00000225879","Up","Significant"
"ENSG00000186340",1.80137888574998,1.35852927035443,0.664730201710061,0.00309121257805408,0.0159555517988315,"ENSG00000186340","THBS2","Up","Significant"
"ENSG00000272848",0.980753264604049,1.57639283347057,1.01583069597875,0.00472400657551782,0.0220807276243586,"ENSG00000272848","ENSG00000272848","Up","Significant"
"ENSG00000230960",0.743737301026673,1.60886174878994,1.19447099084286,0.00736020627883026,0.0311680970804149,"ENSG00000230960","LOC154449","Up","Significant"
"ENSG00000282572",19.436335475618,1.07300870704259,0.337324251078133,0.000196038338387689,0.0017668232063026,"ENSG00000282572","FAM157D","Up","Significant"
"ENSG00000287883",3.46078483449399,1.19610424620153,0.52017219313292,0.00203538823300866,0.0114816506154066,"ENSG00000287883","ENSG00000287883","Up","Significant"
"ENSG00000240093",2.43498964763682,1.98465185350157,0.820527406363231,0.000801980942148204,0.00550462502876775,"ENSG00000240093","ENSG00000240093","Up","Significant"
"ENSG00000177706",121.873781744217,1.02580705108535,0.272347026182663,2.57719239385056e-05,0.000332534231519209,"ENSG00000177706","FAM20C","Up","Significant"
"ENSG00000286710",0.640221484960022,1.9721243423215,1.69681095215271,0.013095139646642,0.0480671524174966,"ENSG00000286710","LOC116435278","Up","Significant"
"ENSG00000197461",24.6439427959882,1.56773494025828,0.425659356474349,1.80392750204984e-05,0.000246725741494646,"ENSG00000197461","PDGFA","Up","Significant"
"ENSG00000073067",0.919703024629902,1.29562141568078,1.12852265076893,0.00975297908996056,0.0386291799734691,"ENSG00000073067","CYP2W1","Up","Significant"
"ENSG00000225981",1.72570726148488,1.32522355411245,0.739350908798417,0.00504551940659294,0.0232431000543749,"ENSG00000225981","MICALL2-DT","Up","Significant"
"ENSG00000217455",0.62106891495962,1.70953418727697,1.24046786174074,0.00833946300358079,0.0342459639444839,"ENSG00000217455","LOC100129603","Up","Significant"
"ENSG00000157927",3.45015902245428,2.67305670204055,0.513263197427541,1.71866294783535e-08,6.20358769285558e-07,"ENSG00000157927","RADIL","Up","Significant"
"ENSG00000136297",0.867625981314302,2.61512302944333,1.70969505190032,0.00745814390663183,0.0315032073827462,"ENSG00000136297","MMD2","Up","Significant"
"ENSG00000277265",0.879565901476065,1.31980137512981,1.04593166582206,0.00897506115208612,0.0362562174979209,"ENSG00000277265","RN7SL556P","Up","Significant"
"ENSG00000287860",3.06781557660174,1.8158929989575,0.593813232595091,0.00015319993283351,0.00145006291131813,"ENSG00000287860","LOC107986763","Up","Significant"
"ENSG00000215018",2.03603694465021,1.53180814142235,0.626474672782941,0.00106542394148649,0.00690547211900788,"ENSG00000215018","COL28A1","Up","Significant"
"ENSG00000122584",0.532902707390019,2.11410911080005,1.30256168974752,0.0071948674667111,0.0306383039702659,"ENSG00000122584","NXPH1","Up","Significant"
"ENSG00000278254",0.759646816575509,1.99505874433739,1.43920432232689,0.00817845610557212,0.0337543891663525,"ENSG00000278254","ENSG00000278254","Up","Significant"
"ENSG00000233876",1.92693413302453,2.70325505615767,0.952251944953192,0.000172753865764494,0.00159867696434754,"ENSG00000233876","ENSG00000233876","Up","Significant"
"ENSG00000230333",0.941364199303083,3.15316383103533,1.31598326454005,0.000790992694903511,0.00544929568534575,"ENSG00000230333","ENSG00000230333","Up","Significant"
"ENSG00000005108",2.92917340734966,1.64456745173869,0.619786221589877,0.000528211861709054,0.00394029013277945,"ENSG00000005108","THSD7A","Up","Significant"
"ENSG00000236048",0.786141755851776,1.37252951126396,0.845392864096985,0.00540504103087796,0.0245749687793337,"ENSG00000236048","SSBL5P","Up","Significant"
"ENSG00000229618",2.62489535326335,1.06217279217145,0.563464889374457,0.00623727416563558,0.0274464635609038,"ENSG00000229618","ENSG00000229618","Up","Significant"
"ENSG00000187546",0.909118648244236,3.29159755749564,1.14069979934442,7.5628905471213e-05,0.000808630821134294,"ENSG00000187546","AGMO","Up","Significant"
"ENSG00000183742",11.0482525535783,1.18803522060026,0.258871896448209,6.08120912341547e-07,1.36945723465409e-05,"ENSG00000183742","MACC1","Up","Significant"
"ENSG00000271133",6.08602829347218,1.42436698754816,0.385933910067043,2.07258125193994e-05,0.00027658353313921,"ENSG00000271133","ITGB8-AS1","Up","Significant"
"ENSG00000105855",12.42847249037,1.07136414689019,0.295133855505352,3.98010234710999e-05,0.00047394900337352,"ENSG00000105855","ITGB8","Up","Significant"
"ENSG00000136231",48.4107284682556,1.65708608565752,0.281257013689079,3.29652683466028e-10,1.87862785208557e-08,"ENSG00000136231","IGF2BP3","Up","Significant"
"ENSG00000223561",3.28754310688029,1.23715008201091,0.52136413407885,0.00165488819923394,0.00973554225212956,"ENSG00000223561","LINC03007","Up","Significant"
"ENSG00000233760",0.953012262585591,3.22263344568642,1.30303651874597,0.000659045723594312,0.00469372224270389,"ENSG00000233760","LINC03095","Up","Significant"
"ENSG00000286507",5.7495458657207,1.48727040922258,0.380644158529068,8.65745984192855e-06,0.00013344196036945,"ENSG00000286507","ENSG00000286507","Up","Significant"
"ENSG00000176532",1.37705066407236,2.48015789755776,0.858822993102793,0.000136611217402282,0.00132112706607015,"ENSG00000176532","PRR15","Up","Significant"
"ENSG00000180354",297.077057877546,1.26552262094977,0.260952363219627,1.50832223310703e-07,4.14281718927733e-06,"ENSG00000180354","MTURN","Up","Significant"
"ENSG00000240583",2.41191167429828,1.45340087790138,0.755417895250655,0.00337982433496963,0.0171053517052556,"ENSG00000240583","AQP1","Up","Significant"
"ENSG00000106128",1.09618989054406,2.96395152392183,1.12695972221144,0.000269304745777914,0.00230148756089572,"ENSG00000106128","GHRHR","Up","Significant"
"ENSG00000078549",1.87808754129981,1.76571349664194,0.779611555314648,0.00134257408036095,0.00823810929478395,"ENSG00000078549","ADCYAP1R1","Up","Significant"
"ENSG00000180347",1.73023765530068,1.95186659612401,0.837503282280341,0.00111190468554728,0.00713360407964842,"ENSG00000180347","ITPRID1","Up","Significant"
"ENSG00000106341",51.3127739614335,-1.18949130828603,0.713154277174407,0.00651600656201243,0.0283763329032915,"ENSG00000106341","PPP1R17","Down","Significant"
"ENSG00000154678",2.28719444828006,2.48843223541084,0.677260128926911,1.78161289306451e-05,0.000244271957584692,"ENSG00000154678","PDE1C","Up","Significant"
"ENSG00000011426",50.3776744604885,2.74746272993919,0.266434319434501,3.95600486996726e-26,1.8670671434892e-23,"ENSG00000011426","ANLN","Up","Significant"
"ENSG00000086289",62.8398928823939,1.1032265804129,0.25514280621666,2.19721509138093e-06,4.10404016148738e-05,"ENSG00000086289","EPDR1","Up","Significant"
"ENSG00000106483",1.58970259903314,1.68821136466127,0.733202147204128,0.00141901819167926,0.00862504636041724,"ENSG00000106483","SFRP4","Up","Significant"
"ENSG00000228668",23.6142780262561,-1.09911447076024,0.470616778107321,0.002116403242824,0.0118474033183744,"ENSG00000228668","TRGV5P","Down","Significant"
"ENSG00000078053",39.1353429046597,1.64590867324375,0.37115929121445,7.42957670289058e-07,1.63500866927949e-05,"ENSG00000078053","AMPH","Up","Significant"
"ENSG00000106536",1.80109476084963,1.13514797764366,0.857387546243667,0.0120359167172117,0.045178843203433,"ENSG00000106536","POU6F2","Up","Significant"
"ENSG00000203446",0.740349694743935,1.3640133726689,1.13104615273425,0.0113208187192768,0.0431078766436644,"ENSG00000203446","SUGCT-AS1","Up","Significant"
"ENSG00000232006",2.13526409920248,2.8977377720794,0.704812437323724,2.50623165368912e-06,4.58413299582253e-05,"ENSG00000232006","ENSG00000232006","Up","Significant"
"ENSG00000002746",3.22016965776143,1.63781966763312,0.501391353694388,8.6199462398775e-05,0.000902079258438649,"ENSG00000002746","HECW1","Up","Significant"
"ENSG00000279853",2.23142812942275,1.62723849976459,0.710965428496629,0.00136184639765314,0.00832131855196189,"ENSG00000279853","ENSG00000279853","Up","Significant"
"ENSG00000015520",2.05853612273389,2.040137088555,0.721473997467218,0.000290243863856395,0.00244176202743506,"ENSG00000015520","NPC1L1","Up","Significant"
"ENSG00000206838",3.11787021803829,-1.05144353180027,0.410630075247455,0.00152802323680072,0.0091351526569055,"ENSG00000206838","SNORA5A","Down","Significant"
"ENSG00000164742",3.83052634948672,1.84837934946401,0.491036185349501,1.24467568284611e-05,0.000181259615195525,"ENSG00000164742","ADCY1","Up","Significant"
"ENSG00000236078",0.928823046242993,2.00777614132424,1.32480482879757,0.00521291132767581,0.0238600526812032,"ENSG00000236078","LINC01447","Up","Significant"
"ENSG00000221845",1.15381418982071,1.76682267912039,1.16045842192201,0.00426022726971565,0.020396621743235,"ENSG00000221845","LINC02902","Up","Significant"
"ENSG00000179869",7.55289098761266,1.13185629920898,0.407350172524898,0.000637724245364618,0.00457199438124155,"ENSG00000179869","ABCA13","Up","Significant"
"ENSG00000188730",1.16760519168122,1.91280528781474,0.969287343320738,0.00146013693621472,0.00881739567410687,"ENSG00000188730","VWC2","Up","Significant"
"ENSG00000132437",0.991382373013432,1.8012393276203,1.1263025441992,0.00365400202605081,0.0181165006411853,"ENSG00000132437","DDC","Up","Significant"
"ENSG00000106070",186.100180117614,1.49320905512958,0.311481318817805,1.57124819756706e-07,4.30506589143702e-06,"ENSG00000106070","GRB10","Up","Significant"
"ENSG00000106078",5.05929819933102,1.18949106584017,0.347419646791152,7.65941054447266e-05,0.000816865652242948,"ENSG00000106078","COBL","Up","Significant"
"ENSG00000287039",0.71130195592616,2.46615953009613,1.50613634220816,0.00686686879119427,0.0295494935564568,"ENSG00000287039","ENSG00000287039","Up","Significant"
"ENSG00000234105",0.604989596078942,2.05667275780732,1.51611145440334,0.010860146369473,0.0418386577023075,"ENSG00000234105","ENSG00000234105","Up","Significant"
"ENSG00000231427",1.11453252592803,2.38827617267707,0.869593294363746,0.000180479985686552,0.00165643959362637,"ENSG00000231427","LINC01445","Up","Significant"
"ENSG00000146648",1.99670461648693,2.71699856370252,0.752543026116091,1.75980654579e-05,0.000241776783693633,"ENSG00000146648","EGFR","Up","Significant"
"ENSG00000176826",1.05127934662248,3.03427058329008,0.997136542529816,4.04048793797668e-05,0.000480115994020073,"ENSG00000176826","ENSG00000176826","Up","Significant"
"ENSG00000261275",1.12231657170578,3.09225430925603,1.09399561065689,0.000142177654147788,0.00136315622684927,"ENSG00000261275","ENSG00000261275","Up","Significant"
"ENSG00000279072",2.99145214613365,1.76328370396147,0.565047566642443,0.000128671234209115,0.00125887427360971,"ENSG00000279072","ENSG00000279072","Up","Significant"
"ENSG00000280225",0.922237237456952,3.79335585087803,1.72545918461544,0.00277294254163293,0.0146790729269475,"ENSG00000280225","ENSG00000280225","Up","Significant"
"ENSG00000182111",1.06522410734286,1.46548698560795,0.973784715308049,0.00560615584863645,0.0252767325527393,"ENSG00000182111","ZNF716","Up","Significant"
"ENSG00000223566",0.777723706392849,2.21253430727415,1.24520413080138,0.00362544566507378,0.0180244894348601,"ENSG00000223566","TNRC18P2","Up","Significant"
"ENSG00000286342",1.02956109087699,2.44066084105224,1.03387657032807,0.000589100703492552,0.00428854561662653,"ENSG00000286342","ENSG00000286342","Up","Significant"
"ENSG00000236529",0.936133280652318,1.56407621519469,0.922802859697191,0.00361270592492198,0.0179744859447974,"ENSG00000236529","LINC03129","Up","Significant"
"ENSG00000169902",247.632734887972,1.79952132073976,0.454657716735848,5.24732244217648e-06,8.64466704596321e-05,"ENSG00000169902","TPST1","Up","Significant"
"ENSG00000286466",0.948406898938641,1.80527120800001,1.0555310117211,0.00301313389499528,0.0156538145251778,"ENSG00000286466","ENSG00000286466","Up","Significant"
"ENSG00000183166",4.82972059974572,1.33374394175526,0.541798259363132,0.00109886676555539,0.0070756968576087,"ENSG00000183166","CALN1","Up","Significant"
"ENSG00000009950",1.84149307882615,1.80138518676309,0.756553222961383,0.00105960542141115,0.00687174725489957,"ENSG00000009950","MLXIPL","Up","Significant"
"ENSG00000177679",1.67283953911217,3.32369046731785,1.00980708115178,1.73254776717863e-05,0.000238618755159839,"ENSG00000177679","SRRM3","Up","Significant"
"ENSG00000146700",17.2017176763932,1.3347614430658,0.293661878115378,5.88038198804627e-07,1.32959325261432e-05,"ENSG00000146700","SSC4D","Up","Significant"
"ENSG00000187391",12.0807592392807,1.28641288711502,0.32860709679795,9.52604063892914e-06,0.000144568883953748,"ENSG00000187391","MAGI2","Up","Significant"
"ENSG00000234456",37.6763463219728,2.33868395759383,0.417279259394819,1.27243842346119e-09,6.13498404773541e-08,"ENSG00000234456","MAGI2-AS3","Up","Significant"
"ENSG00000232667",0.868400020582092,2.12213107584647,0.994194591182177,0.00104963607207041,0.00682161659018765,"ENSG00000232667","LOC101927269","Up","Significant"
"ENSG00000233491",0.942812032977466,1.65649026270411,1.22559407464003,0.00628257122073366,0.0275663512207985,"ENSG00000233491","ENSG00000233491","Up","Significant"
"ENSG00000186472",4.16865096824407,2.25543129008203,0.529835536674204,1.37089804423381e-06,2.73599896153845e-05,"ENSG00000186472","PCLO","Up","Significant"
"ENSG00000170381",2.16225182371373,1.96947594620077,0.593035272100461,6.75969702567649e-05,0.000734232374824615,"ENSG00000170381","SEMA3E","Up","Significant"
"ENSG00000224059",0.983435659419055,2.42807192400144,0.963492019480041,0.000337466389877578,0.00275070816307657,"ENSG00000224059","ENSG00000224059","Up","Significant"
"ENSG00000233073",1.15798792206452,1.31700725796085,0.976595306977329,0.00812389587942529,0.0335912669081518,"ENSG00000233073","ENSG00000233073","Up","Significant"
"ENSG00000157214",0.852092570753612,1.67289051786454,1.41808284519913,0.00844760676785787,0.0345672066411222,"ENSG00000157214","STEAP2","Up","Significant"
"ENSG00000223584",2.77261055209794,1.51361969678189,0.612430015413195,0.000935697740845855,0.00621492479643286,"ENSG00000223584","TVP23CP1","Up","Significant"
"ENSG00000243144",1.92051285590417,2.78764406210364,0.841988056269168,3.4244588640645e-05,0.000421410914711485,"ENSG00000243144","LINC02932","Up","Significant"
"ENSG00000237819",2.15637294139677,1.55150737548922,0.719906293537085,0.00195245257880778,0.0111342296567852,"ENSG00000237819","CDK6-AS1","Up","Significant"
"ENSG00000188175",2.56475722348924,3.03870753929418,0.874879295945835,2.14474295952789e-05,0.000284288733507991,"ENSG00000188175","HEPACAM2","Up","Significant"
"ENSG00000127920",593.396492344023,1.67325647779958,0.293609598101219,1.03936241889438e-09,5.18273739504936e-08,"ENSG00000127920","GNG11","Up","Significant"
"ENSG00000164692",9.72224504046207,1.84506015282707,0.873959495273589,0.00151777638854056,0.00909011063513951,"ENSG00000164692","COL1A2","Up","Significant"
"ENSG00000105852",1.30816578258038,1.11249739982847,0.825829050456322,0.0128485379617834,0.0473122701715824,"ENSG00000105852","PON3","Up","Significant"
"ENSG00000005981",1.04263980619895,2.98129453537427,1.00771122027018,5.46512134045744e-05,0.000620151544183503,"ENSG00000005981","ASB4","Up","Significant"
"ENSG00000158560",6.62337969030293,1.50544121625626,0.476347263969274,0.000126762225210933,0.00124419314721533,"ENSG00000158560","DYNC1I1","Up","Significant"
"ENSG00000231764",2.90990961525129,2.66813984722399,0.617673715700875,1.2208620173962e-06,2.47788403034096e-05,"ENSG00000231764","ENSG00000231764","Up","Significant"
"ENSG00000180535",43.7381742390396,3.41677202999034,0.409568825439636,4.34351196450454e-18,8.98436681596189e-16,"ENSG00000180535","BHLHA15","Up","Significant"
"ENSG00000166448",1.75883072015561,1.09425532676514,0.733987749656837,0.010972508994486,0.0421600508996942,"ENSG00000166448","TMEM130","Up","Significant"
"ENSG00000002079",2.0326288260053,3.05922242250429,0.672529171093994,1.68926330462562e-07,4.58715754252024e-06,"ENSG00000002079","ENSG00000002079","Up","Significant"
"ENSG00000244623",0.495795862230617,4.62284781771279,2.46642060419489,0.00647110932194097,0.0282160575496318,"ENSG00000244623","OR2AE1","Up","Significant"
"ENSG00000197093",59.1060124015243,-1.05385155170613,0.256234616120585,5.9708315879058e-06,9.6702076210312e-05,"ENSG00000197093","GAL3ST4","Down","Significant"
"ENSG00000287631",4.13939327410031,-1.0016837783525,0.3145337884489,0.000253300670877542,0.00218984834376563,"ENSG00000287631","ENSG00000287631","Down","Significant"
"ENSG00000240211",2.5315481774544,1.13323227353869,0.420186656507218,0.000889397505191484,0.00596772547085732,"ENSG00000240211","PPP1R35-AS1","Up","Significant"
"ENSG00000169894",6.2107247258468,2.18182438944503,0.572486513505518,8.17553568778452e-06,0.000127257375005318,"ENSG00000169894","MUC3A","Up","Significant"
"ENSG00000169876",4.96094088721964,1.69052233585123,0.639162988852573,0.000505046197284701,0.00379537856578001,"ENSG00000169876","MUC17","Up","Significant"
"ENSG00000232445",1.57074302129309,1.32644793919663,0.768023369855164,0.00592418477598355,0.0263980728269193,"ENSG00000232445","ENSG00000232445","Up","Significant"
"ENSG00000233123",0.983216905960553,1.87264849255343,1.05838917037986,0.00258883702295882,0.0139356369160365,"ENSG00000233123","LINC01007","Up","Significant"
"ENSG00000189056",3.16132603827997,1.28982874085224,0.843694210084499,0.0071860364961562,0.030608478066569,"ENSG00000189056","RELN","Up","Significant"
"ENSG00000228742",2.5089196983324,1.7911206667055,0.818092993898982,0.00149119107064085,0.00897265485307112,"ENSG00000228742","LINC02577","Up","Significant"
"ENSG00000005249",1285.29288456455,1.81634077400054,0.314091524667253,5.73541978700014e-10,3.07009874828415e-08,"ENSG00000005249","PRKAR2B","Up","Significant"
"ENSG00000091128",2.57310772642325,1.51425926297205,0.690273067351956,0.00182753792308448,0.0105675527635268,"ENSG00000091128","LAMB4","Up","Significant"
"ENSG00000091129",32.4113348427649,-1.37795524951744,0.615825975983043,0.00175661094600409,0.0102258744099095,"ENSG00000091129","NRCAM","Down","Significant"
"ENSG00000173114",286.926949386907,-1.40158211113103,0.348258777632458,5.38680953116652e-06,8.83969640449848e-05,"ENSG00000173114","LRRN3","Down","Significant"
"ENSG00000181016",23.7322686581877,1.00011674373,0.351377869667461,0.000641444298993674,0.00459276859294423,"ENSG00000181016","LSMEM1","Up","Significant"
"ENSG00000154415",0.702064497839346,3.60926263968332,1.45867999461237,0.000697701776335098,0.0049222844575818,"ENSG00000154415","PPP1R3A","Up","Significant"
"ENSG00000128573",2.30548008655838,1.16282282059934,0.607952602533196,0.00501211672249747,0.0231082855330445,"ENSG00000128573","FOXP2","Up","Significant"
"ENSG00000237870",0.959199315279855,3.31995351422187,1.24371857868749,0.00028299174627965,0.00239827274306646,"ENSG00000237870","LOC102724434","Up","Significant"
"ENSG00000105971",30.9284021582457,2.63405242680493,0.404126376071762,4.19962469264193e-12,3.58992917922803e-10,"ENSG00000105971","CAV2","Up","Significant"
"ENSG00000105974",42.861845914833,3.15799004891233,0.38369683605978,1.16389293103789e-17,2.31812561190941e-15,"ENSG00000105974","CAV1","Up","Significant"
"ENSG00000105976",15.9683942682125,2.65104068590725,0.455373288378352,3.45918257444373e-10,1.96131554800397e-08,"ENSG00000105976","MET","Up","Significant"
"ENSG00000227199",4.04835688761951,1.12804837234949,0.451866153196926,0.00141725480022056,0.00861596580669062,"ENSG00000227199","ST7-AS1","Up","Significant"
"ENSG00000214188",1.99149501995356,1.17688984924609,0.534856009787823,0.00293666177528194,0.0153302071082602,"ENSG00000214188","ST7-OT4","Up","Significant"
"ENSG00000213050",0.826395883651399,1.33868990128455,1.2237809805119,0.0105868497376685,0.0410215943408341,"ENSG00000213050","ENSG00000213050","Up","Significant"
"ENSG00000287829",2.03063361258869,1.24299534780105,0.58447620986416,0.00303977723126474,0.0157604665391382,"ENSG00000287829","ENSG00000287829","Up","Significant"
"ENSG00000001626",2.59697988903376,1.33588707020837,0.592080508542823,0.00193806258436471,0.0110747849828576,"ENSG00000001626","CFTR","Up","Significant"
"ENSG00000184408",1.11016873256195,1.36632703682021,0.732182915569729,0.00490254534172568,0.0227219075872595,"ENSG00000184408","KCND2","Up","Significant"
"ENSG00000106025",1.15077278975034,2.52325257121953,1.19391533356043,0.00134239193848573,0.00823810929478395,"ENSG00000106025","TSPAN12","Up","Significant"
"ENSG00000106278",1.48849862127507,1.73506476239693,0.889771690318913,0.00255663785075057,0.0137888906713022,"ENSG00000106278","PTPRZ1","Up","Significant"
"ENSG00000081803",3.06468856884147,1.25372718556841,0.677553360024181,0.00474164441155528,0.0221353806891622,"ENSG00000081803","CADPS2","Up","Significant"
"ENSG00000146809",7.67901468797526,1.70528359839772,0.322034437217548,1.05746515208684e-08,4.03603973941854e-07,"ENSG00000146809","ASB15","Up","Significant"
"ENSG00000242593",2.76601684184018,2.00162871417495,0.657011403609197,0.00014098360499562,0.0013547151995231,"ENSG00000242593","LOC102724577","Up","Significant"
"ENSG00000219445",1.04885519910565,2.50669469311344,0.979762237417374,0.000275629041518568,0.00234715465114249,"ENSG00000219445","LOC101928254","Up","Significant"
"ENSG00000179603",1.18599137211582,1.54241330737329,0.931921318938831,0.0051154721468816,0.0235136291042326,"ENSG00000179603","GRM8","Up","Significant"
"ENSG00000106331",1.30572669874008,2.63126714696479,0.87682412484627,6.02284793152228e-05,0.000669385112230117,"ENSG00000106331","PAX4","Up","Significant"
"ENSG00000174697",1.49694101325777,1.49250640509954,0.806534923231158,0.00402162852720517,0.019483203315467,"ENSG00000174697","LEP","Up","Significant"
"ENSG00000205085",6.76357132673704,1.72960633140614,0.293765205615962,3.8267233817795e-10,2.13006102657889e-08,"ENSG00000205085","GARIN1A","Up","Significant"
"ENSG00000135248",0.685739763684873,2.56935605437074,1.30193024552243,0.00290559506096136,0.0152130601402741,"ENSG00000135248","GARIN1B","Up","Significant"
"ENSG00000128591",2.34689999654909,3.02283052061114,0.743268921540341,2.91264128899169e-06,5.24447592438595e-05,"ENSG00000128591","FLNC","Up","Significant"
"ENSG00000135253",23.7929867320427,1.2213134877785,0.232265239296383,1.86998981048126e-08,6.66611580419324e-07,"ENSG00000135253","KCP","Up","Significant"
"ENSG00000128578",28.0664701171548,1.69775240116537,0.275186049048321,5.8673389334922e-11,3.97993239519009e-09,"ENSG00000128578","STRIP2","Up","Significant"
"ENSG00000128510",0.832571476173788,1.60300349108225,1.05896982591215,0.00531474514469681,0.0242433698684516,"ENSG00000128510","CPA4","Up","Significant"
"ENSG00000091704",0.84453344323625,2.60880108375106,1.00911591412174,0.000259317731303407,0.0022308197960272,"ENSG00000091704","CPA1","Up","Significant"
"ENSG00000266265",5.02553206306942,1.80266324834056,0.541033616025891,5.546102930456e-05,0.000627679221604548,"ENSG00000266265","KLF14","Up","Significant"
"ENSG00000226205",2.45108889498135,1.20737560125435,0.448288828439135,0.000810843898299237,0.0055484109022073,"ENSG00000226205","ENSG00000226205","Up","Significant"
"ENSG00000198074",0.731753172201902,3.26081754878403,1.75875265252718,0.00639878008895872,0.0279552440679163,"ENSG00000198074","AKR1B10","Up","Significant"
"ENSG00000172331",729.288708096279,1.14119094533412,0.256836740629871,1.31159954121356e-06,2.63175982194761e-05,"ENSG00000172331","BPGM","Up","Significant"
"ENSG00000122786",66.8161142143236,2.01112984758883,0.365557596947272,2.60780160845436e-09,1.16981022888483e-07,"ENSG00000122786","CALD1","Up","Significant"
"ENSG00000276067",1.39482478058518,1.95814529987586,0.837250110636434,0.00106895589232581,0.00692300792345294,"ENSG00000276067","ENSG00000276067","Up","Significant"
"ENSG00000224746",13.1134957522247,1.04357131219305,0.244997642080672,3.25489637426528e-06,5.75558430634593e-05,"ENSG00000224746","ENSG00000224746","Up","Significant"
"ENSG00000234352",2.06148865329825,1.34485692096362,0.738102196443159,0.00463201230810466,0.0217417145863957,"ENSG00000234352","LOC349160","Up","Significant"
"ENSG00000181072",1.31156054140858,3.03755930146022,0.913517347327662,1.40844814649261e-05,0.000200661942775599,"ENSG00000181072","CHRM2","Up","Significant"
"ENSG00000157680",8.58878393282732,2.73437029652372,0.565743091509919,7.18861278347083e-08,2.19184008882006e-06,"ENSG00000157680","DGKI","Up","Significant"
"ENSG00000122787",0.900642090924249,1.46612062038966,0.95429780639089,0.00512312359273112,0.0235326591458296,"ENSG00000122787","AKR1D1","Up","Significant"
"ENSG00000105929",1.57494277609768,1.84817553022615,0.744329473530465,0.00085957844327635,0.00581464770828339,"ENSG00000105929","ATP6V0A4","Up","Significant"
"ENSG00000214128",1.6396179585383,1.33180188462213,0.654508235547402,0.00337444694888147,0.0170807164365663,"ENSG00000214128","TMEM213","Up","Significant"
"ENSG00000122778",6.20871470203452,1.33209146279102,0.573438478630099,0.00152246929271328,0.00911007563027309,"ENSG00000122778","KIAA1549","Up","Significant"
"ENSG00000146858",20.78734767638,2.37214456339213,0.31254147633538,2.26626141571371e-15,3.31616392048693e-13,"ENSG00000146858","ZC3HAV1L","Up","Significant"
"ENSG00000236279",31.0224710030366,2.97302791530163,0.48325854618871,4.14849391385782e-11,2.93274013838527e-09,"ENSG00000236279","CLEC2L","Up","Significant"
"ENSG00000146966",2.6521850764145,1.69697395691073,0.609109287798926,0.000379196943805708,0.00300745808046994,"ENSG00000146966","DENND2A","Up","Significant"
"ENSG00000257743",3.61662138560844,1.21379550928069,0.462564443823304,0.000877281655455313,0.00590534973737487,"ENSG00000257743","MGAM2","Up","Significant"
"ENSG00000211713",14.8306361917549,-1.51732862803961,0.276844309468716,4.40010546608193e-09,1.84303917578674e-07,"ENSG00000211713","TRBV6-4","Down","Significant"
"ENSG00000127412",1.70366643492952,1.18902239333973,0.600303130787641,0.00448272690884093,0.0212061227625762,"ENSG00000127412","TRPV5","Up","Significant"
"ENSG00000197993",12.1268874676138,2.14299053062317,0.427628626081873,3.42924554004186e-08,1.15604214085777e-06,"ENSG00000197993","KEL","Up","Significant"
"ENSG00000268170",1.2261827192219,1.65918536106233,0.806403495368006,0.00213191822524696,0.0119242944099149,"ENSG00000268170","ENSG00000268170","Up","Significant"
"ENSG00000221813",0.76912689844635,1.15060191540459,0.942560086667111,0.0120630355684235,0.045255290960849,"ENSG00000221813","OR6B1","Up","Significant"
"ENSG00000236795",1.51511410665952,2.11480715767423,0.835173208089541,0.000590715661689077,0.00429743876562525,"ENSG00000236795","CNTNAP2-AS1","Up","Significant"
"ENSG00000228151",0.912326908100042,2.66955469004585,1.0840838400907,0.000451952982039821,0.00346793965540929,"ENSG00000228151","LOC101928733","Up","Significant"
"ENSG00000196584",20.6565258559464,1.19173785605042,0.28522001694023,3.83293009592552e-06,6.6292179921372e-05,"ENSG00000196584","XRCC2","Up","Significant"
"ENSG00000234722",1.86486192577847,2.69623106664109,0.660977681556095,3.12964205027814e-06,5.56641058719588e-05,"ENSG00000234722","LINC01287","Up","Significant"
"ENSG00000130226",2.73260096985646,2.17329439855004,0.599872193513723,2.02764589701962e-05,0.000271560297215149,"ENSG00000130226","DPP6","Up","Significant"
"ENSG00000164778",0.876518671770108,2.00067168933615,1.22866141058477,0.00440445936671666,0.0209375839011645,"ENSG00000164778","EN2","Up","Significant"
"ENSG00000164690",4.14446826885386,1.12543932794785,0.384023373070689,0.00043523972997361,0.0033573775579387,"ENSG00000164690","SHH","Up","Significant"
"ENSG00000231980",0.721842036151919,1.98849814242792,1.23420142949554,0.00457431575519075,0.0215452047572266,"ENSG00000231980","ENSG00000231980","Up","Significant"
"ENSG00000185960",0.974047264912815,3.42972361755686,1.16717882050535,7.40780058055018e-05,0.000795092856033491,"ENSG00000185960","SHOX","Up","Significant"
"ENSG00000196433",4.00658191561207,1.27544376071139,0.451995989846912,0.000462226142016587,0.00353220884671239,"ENSG00000196433","ASMT","Up","Significant"
"ENSG00000056998",1.47481884426308,2.29502199329925,0.832020763147721,0.000224613087923665,0.00197547505596695,"ENSG00000056998","GYG2","Up","Significant"
"ENSG00000101825",2.13505717406832,2.28167927901525,0.7417863691495,0.000132016308481136,0.00128455658758842,"ENSG00000101825","MXRA5","Up","Significant"
"ENSG00000287171",0.853817437447873,1.71987074990522,0.965733584011054,0.00283091455586917,0.0149293540844539,"ENSG00000287171","ENSG00000287171","Up","Significant"
"ENSG00000146950",1.10771392777649,1.62125655159154,0.933833402356017,0.00364687817861295,0.0180907832549432,"ENSG00000146950","SHROOM2","Up","Significant"
"ENSG00000047648",94.175026063089,1.93435618803725,0.343828158368897,1.32836594421227e-09,6.36798489622447e-08,"ENSG00000047648","ARHGAP6","Up","Significant"
"ENSG00000169933",2.08956246884403,2.239930096131,0.732319685617338,0.00014073121611383,0.00135315991987326,"ENSG00000169933","FRMPD4","Up","Significant"
"ENSG00000226985",1.98754718122,1.19616078785808,0.661934082520724,0.00580099911452883,0.0259665614919512,"ENSG00000226985","LINC01203","Up","Significant"
"ENSG00000087842",6.2856989244554,2.69890946206907,0.41043704712009,4.12148914819318e-12,3.53214782268044e-10,"ENSG00000087842","PIR","Up","Significant"
"ENSG00000102010",2.30745793305865,1.4044368787908,0.767648628738563,0.00433304632044783,0.0206567149170417,"ENSG00000102010","BMX","Up","Significant"
"ENSG00000177324",57.0002181048042,1.30147999567854,0.353912771743881,2.48251510115761e-05,0.00032271941288357,"ENSG00000177324","BEND2","Up","Significant"
"ENSG00000102174",25.2426818936938,-1.08791707740682,0.429531733993778,0.0013089316463847,0.0080788795751205,"ENSG00000102174","PHEX","Down","Significant"
"ENSG00000165186",2.36809375093187,2.68983640335504,0.763954413367544,3.02717572466832e-05,0.000380343574645335,"ENSG00000165186","PTCHD1","Up","Significant"
"ENSG00000123131",544.384822455439,1.08097915893411,0.114127339219831,4.64449552974351e-22,1.36732394115963e-19,"ENSG00000123131","PRDX4","Up","Significant"
"ENSG00000233785",3.24345849375187,1.2566812088811,0.462721162059871,0.000669310228081514,0.00474966464057252,"ENSG00000233785","SAT1-DT","Up","Significant"
"ENSG00000165182",2.33558974785229,1.08546197587696,0.430414173878463,0.00158724819828778,0.00941364599582749,"ENSG00000165182","CXorf58","Up","Significant"
"ENSG00000102230",52.8521675426033,2.27052898770729,0.485234033892555,1.71427630256062e-07,4.64754729955532e-06,"ENSG00000102230","PCYT1B","Up","Significant"
"ENSG00000233928",1.28584932535325,1.83094697662169,0.796501718298029,0.00120078460161725,0.00757760663193832,"ENSG00000233928","ENSG00000233928","Up","Significant"
"ENSG00000189132",0.530402589292154,4.62187940194747,2.55303914323012,0.0101550402541452,0.0397715338798679,"ENSG00000189132","FAM47B","Up","Significant"
"ENSG00000271519",0.929593175708894,1.98588003401946,1.24242277165524,0.00384533663302137,0.018831258535605,"ENSG00000271519","ENSG00000271519","Up","Significant"
"ENSG00000165164",1.4548137750635,2.23695264505933,0.914776034614554,0.00062728806116366,0.00451068575998564,"ENSG00000165164","CFAP47","Up","Significant"
"ENSG00000198173",0.659102812245876,3.28621518820985,1.6183692102255,0.00436927142963809,0.0207968631158725,"ENSG00000198173","FAM47C","Up","Significant"
"ENSG00000147036",42.0032580888834,1.57247332798941,0.302758929297203,1.83315076669919e-08,6.55571494571219e-07,"ENSG00000147036","LANCL3","Up","Significant"
"ENSG00000047597",149.961560203899,3.22947070279068,0.392481569165582,1.30779390105602e-17,2.56274069184129e-15,"ENSG00000047597","XK","Up","Significant"
"ENSG00000261435",1.32491725204168,1.20210393086967,0.830134120145327,0.0102581218723367,0.0400862280839801,"ENSG00000261435","ENSG00000261435","Up","Significant"
"ENSG00000223486",2.23438246464204,1.54969160132533,0.716567513963838,0.00196069933233657,0.0111584704360167,"ENSG00000223486","LINC03053","Up","Significant"
"ENSG00000189221",10.3591196133167,1.28907612177926,0.572496677453391,0.0019418559412856,0.0110888975351975,"ENSG00000189221","MAOA","Up","Significant"
"ENSG00000069535",48.4491379397662,4.30445396083338,0.643597782918957,1.12045282513929e-12,1.06662652606797e-10,"ENSG00000069535","MAOB","Up","Significant"
"ENSG00000147113",1.16250665357456,1.35488179869109,0.812941365822907,0.00657404060928808,0.0285685539419507,"ENSG00000147113","DIPK2B","Up","Significant"
"ENSG00000130988",1.14856300977358,1.94215649314605,0.780168149797073,0.000669901631181631,0.004751848805941,"ENSG00000130988","RGN","Up","Significant"
"ENSG00000187893",0.694127734022961,2.34215722910658,1.55042013096731,0.00858704587746756,0.0349891780970649,"ENSG00000187893","ENSG00000187893","Up","Significant"
"ENSG00000017483",559.695668552218,1.49444746547338,0.148416888541504,8.20473119684283e-25,3.35283338628056e-22,"ENSG00000017483","SLC38A5","Up","Significant"
"ENSG00000102145",89.3566705981002,2.43021528726744,0.374343945998583,5.26140946933427e-12,4.41866089994792e-10,"ENSG00000102145","GATA1","Up","Significant"
"ENSG00000184194",1.2520832702176,2.48449031217717,0.937208813756616,0.000209071888223537,0.00186522627861621,"ENSG00000184194","GPR173","Up","Significant"
"ENSG00000102313",1.25177339575277,2.58184330180761,0.865661790421448,6.64525014543318e-05,0.000723207817873726,"ENSG00000102313","ITIH6","Up","Significant"
"ENSG00000158578",2515.54504128115,5.97477526809589,1.00941648966707,1.32868601221197e-10,8.29105020171525e-09,"ENSG00000158578","ALAS2","Up","Significant"
"ENSG00000238269",2.03258961424397,1.89314208041703,0.694177762566955,0.000411200300027213,0.00321486487485111,"ENSG00000238269","PAGE2B","Up","Significant"
"ENSG00000155659",486.411045169069,1.68893761259815,0.441331345785277,9.87293022552384e-06,0.000149157808353056,"ENSG00000155659","VSIG4","Up","Significant"
"ENSG00000237294",0.6850665516762,1.68585619005884,1.03229505082707,0.00473109241560078,0.0221015162072169,"ENSG00000237294","ENSG00000237294","Up","Significant"
"ENSG00000169083",11.6440507397994,1.45887485804567,0.344944274604822,2.13064531695292e-06,4.00649797563274e-05,"ENSG00000169083","AR","Up","Significant"
"ENSG00000130054",2.17078203993188,1.5518450296998,0.575518861471859,0.000579991940581333,0.00424290970932219,"ENSG00000130054","NALF2","Up","Significant"
"ENSG00000090889",52.7099711176735,3.39852149939768,0.264329805931727,5.86955953871738e-39,1.404879075592e-35,"ENSG00000090889","KIF4A","Up","Significant"
"ENSG00000239577",2.22307033676757,-1.47035914707696,0.514879487057642,0.000439032710049681,0.00338196484621949,"ENSG00000239577","RN7SL388P","Down","Significant"
"ENSG00000067177",12.0508150533213,1.26499960071218,0.449317263847608,0.000470680265997916,0.00358388788977738,"ENSG00000067177","PHKA1","Up","Significant"
"ENSG00000147145",1.24541043649241,1.57982147554793,1.15483856578991,0.00553559606575278,0.0250225669185633,"ENSG00000147145","LPAR4","Up","Significant"
"ENSG00000284618",0.804082847439083,1.95493105540343,1.06198086426839,0.0025802483061669,0.013893867988325,"ENSG00000284618","ENSG00000284618","Up","Significant"
"ENSG00000102290",0.793627282098544,1.16953769435672,1.01476739215176,0.0132004549611911,0.0483394807388262,"ENSG00000102290","PCDH11X","Up","Significant"
"ENSG00000234889",1.4994330978076,1.36426767816184,0.887175786562525,0.00709362290120038,0.0303156708889353,"ENSG00000234889","KPNB1P1","Up","Significant"
"ENSG00000281566",0.617764955334215,2.38652533385732,1.31675410981146,0.00462751251661561,0.0217327704161559,"ENSG00000281566","ENSG00000281566","Up","Significant"
"ENSG00000165194",1.54013233700531,2.56704096184979,0.690803321698287,8.45236074813853e-06,0.000130822243099018,"ENSG00000165194","PCDH19","Up","Significant"
"ENSG00000102359",1.29481250300008,1.75873966617942,0.700988345937624,0.000951544598059644,0.00631267232951507,"ENSG00000102359","SRPX2","Up","Significant"
"ENSG00000102362",49.1038594150981,1.84147319720515,0.4027075159476,3.42253130700253e-07,8.41420407676799e-06,"ENSG00000102362","SYTL4","Up","Significant"
"ENSG00000102384",13.2242991647135,1.36958429855855,0.290625188816571,2.70367620215804e-07,6.85572432984693e-06,"ENSG00000102384","CENPI","Up","Significant"
"ENSG00000102387",1.1953979887586,1.61177910029723,0.864865640892902,0.00346552444249111,0.0174194630224376,"ENSG00000102387","TAF7L","Up","Significant"
"ENSG00000158164",2.66144503540397,1.39658083996905,0.647383579579543,0.00229562588222907,0.012664492539943,"ENSG00000158164","TMSB15A","Up","Significant"
"ENSG00000185222",20.2194744445758,1.11585413086134,0.277832692320564,8.11756828962416e-06,0.000126693803361442,"ENSG00000185222","TCEAL9","Up","Significant"
"ENSG00000166681",383.741157342248,1.23380984831607,0.234317305243606,1.74273198238449e-08,6.27252481178538e-07,"ENSG00000166681","BEX3","Up","Significant"
"ENSG00000188828",1.11255039625672,1.6908755437256,0.874414235342794,0.00233216334477653,0.012830152933856,"ENSG00000188828","ENSG00000188828","Up","Significant"
"ENSG00000197565",1.95493799449894,2.17967970642069,0.713800046435252,0.000158460057831769,0.00148818331779281,"ENSG00000197565","COL4A6","Up","Significant"
"ENSG00000188153",2.00392540331943,1.90002902484534,0.712962727754881,0.000506861854027278,0.0038073153702309,"ENSG00000188153","COL4A5","Up","Significant"
"ENSG00000261409",0.693957702544989,1.58566754692121,1.59991221547571,0.0130538144946785,0.0479627488927832,"ENSG00000261409","ENSG00000261409","Up","Significant"
"ENSG00000224142",0.857305355993867,3.16639803339119,1.15607201845843,0.000156853355959377,0.00147723414975906,"ENSG00000224142","ENSG00000224142","Up","Significant"
"ENSG00000243978",1.12899595345781,2.10847331698345,1.1629655813557,0.00249364652633385,0.0135253482439173,"ENSG00000243978","RTL9","Up","Significant"
"ENSG00000101938",1.10154532354302,1.23022152154417,1.0243883618151,0.0110293883603568,0.0423252146778742,"ENSG00000101938","CHRDL1","Up","Significant"
"ENSG00000077274",0.914055584475121,2.32109906891081,0.978851308930065,0.000604836012043459,0.00437364046775233,"ENSG00000077274","CAPN6","Up","Significant"
"ENSG00000077279",0.799634138894561,3.11242805944857,1.15196330471175,0.000201958594069846,0.00181015707973566,"ENSG00000077279","DCX","Up","Significant"
"ENSG00000229939",3.7057177533978,-1.95481022200162,0.578462074455288,4.99399067274163e-05,0.000574274651519901,"ENSG00000229939","ENSG00000229939","Down","Significant"
"ENSG00000241743",44.4122492253352,1.79140350369576,0.366673282381408,7.82771481628489e-08,2.35668369972049e-06,"ENSG00000241743","ENSG00000241743","Up","Significant"
"ENSG00000288595",8.9399282115173,1.19144880485561,0.547111767515944,0.0026301992954217,0.0141039123364195,"ENSG00000288595","ENSG00000288595","Up","Significant"
"ENSG00000102024",23.6786772039163,1.52178027797982,0.331772070569354,4.14274387286801e-07,9.88740772335713e-06,"ENSG00000102024","PLS3","Up","Significant"
"ENSG00000235244",0.741867639408812,1.22947217869128,1.1244011819513,0.0122127549775578,0.0456788934638893,"ENSG00000235244","DANT2","Up","Significant"
"ENSG00000203650",1.53577816672279,2.67953249738786,0.852605570815762,5.14570833255257e-05,0.000588489899370321,"ENSG00000203650","LINC01285","Up","Significant"
"ENSG00000224341",0.675974858782773,1.17580273693619,0.981037223828134,0.0116328290829992,0.043976136026875,"ENSG00000224341","ENSG00000224341","Up","Significant"
"ENSG00000101856",746.134570182487,1.01653257616443,0.174355685828686,9.72464628886313e-10,4.89284042783055e-08,"ENSG00000101856","PGRMC1","Up","Significant"
"ENSG00000282815",0.736490747721462,1.650957308162,1.14895582940725,0.00635898432202804,0.0278258459204689,"ENSG00000282815","TEX13C","Up","Significant"
"ENSG00000225689",0.858289046618238,1.16177184113255,0.839632358356796,0.0105104404820521,0.0408388624899218,"ENSG00000225689","ENSG00000225689","Up","Significant"
"ENSG00000171388",0.512706589005592,4.54117654431347,2.56889466410154,0.012655458805111,0.0467709020735044,"ENSG00000171388","APLN","Up","Significant"
"ENSG00000274775",1.69207137935754,1.51226067826911,0.853207686869483,0.00430938213601297,0.0205761023077314,"ENSG00000274775","ENSG00000274775","Up","Significant"
"ENSG00000184785",5.60846501231764,1.0610972969199,0.349879071317608,0.000340996867199467,0.00277202029296629,"ENSG00000184785","SMIM10","Up","Significant"
"ENSG00000181433",1.48763113075516,1.28424552259959,0.865507157481159,0.0087109438588496,0.0353924921018072,"ENSG00000181433","SAGE1","Up","Significant"
"ENSG00000129682",3.4255056691002,1.13102176140651,0.433836514618623,0.00105515746341266,0.00685218438788662,"ENSG00000129682","FGF13","Up","Significant"
"ENSG00000189326",0.563208479679814,1.52776812244762,1.28367980630553,0.0130603196665399,0.047970581700467,"ENSG00000189326","SPANXN4","Up","Significant"
"ENSG00000185985",0.990496334564611,1.47009801381757,1.18087468301363,0.00819672591720789,0.0338172973109726,"ENSG00000185985","SLITRK2","Up","Significant"
"ENSG00000185247",1.08477079682087,3.19110707311503,1.46935035171081,0.00145788574818219,0.00880856356578383,"ENSG00000185247","MAGEA11","Up","Significant"
"ENSG00000029993",123.590140985949,1.75399497679031,0.218644027927563,8.84541340034515e-17,1.56825903509082e-14,"ENSG00000029993","HMGB3","Up","Significant"
"ENSG00000130032",0.872175125609128,1.35416727041169,0.95220179297459,0.00658894218848508,0.0286107119079884,"ENSG00000130032","PRRG3","Up","Significant"
"ENSG00000102287",2.02089614224422,3.46342089787682,0.799710092092222,9.83718851813939e-08,2.89152938644151e-06,"ENSG00000102287","GABRE","Up","Significant"
"ENSG00000268089",0.748480091398569,2.26396966336154,1.10349695018269,0.00157752114713518,0.00936756266513431,"ENSG00000268089","GABRQ","Up","Significant"
"ENSG00000130822",1.17619165513896,1.80152226360603,1.12677060420348,0.00334489193504225,0.0169644292192115,"ENSG00000130822","PNCK","Up","Significant"
"ENSG00000130821",81.4036582025413,2.42309402019307,0.423486582451286,6.35979677258352e-10,3.37734437484154e-08,"ENSG00000130821","SLC6A8","Up","Significant"
"ENSG00000198753",61.0909620103351,2.78720751399938,0.597007751913879,1.55852298307338e-07,4.27369448770916e-06,"ENSG00000198753","PLXNB3","Up","Significant"
"ENSG00000130830",2480.75340399866,1.03727738899593,0.19852817039129,3.96798421110762e-08,1.30740592851529e-06,"ENSG00000130830","MPP1","Up","Significant"
"ENSG00000180190",45.8835665658064,1.0180303440948,0.324550716006626,0.000253596234678662,0.00219183807785589,"ENSG00000180190","TDRP","Up","Significant"
"ENSG00000198010",4.00630685148113,2.00516270339492,0.540575696471173,1.35466498299357e-05,0.000194738176384091,"ENSG00000198010","DLGAP2","Up","Significant"
"ENSG00000275427",0.735800694638812,2.28650505734104,1.07493074927591,0.00135829760090213,0.00830720830601012,"ENSG00000275427","LOC286083","Up","Significant"
"ENSG00000254265",0.864874823424672,1.18540426142902,1.35956416778955,0.0121982985708519,0.0456503000682016,"ENSG00000254265","ENSG00000254265","Up","Significant"
"ENSG00000285957",0.689257093991188,2.41598651381396,1.48655025581146,0.00686003544229252,0.02953146552361,"ENSG00000285957","ENSG00000285957","Up","Significant"
"ENSG00000036448",716.314986597174,1.03020115691293,0.609892800542611,0.00905912959178133,0.0364814774054802,"ENSG00000036448","MYOM2","Up","Significant"
"ENSG00000286934",1.14787060192631,1.82127224669187,0.860537932650468,0.00160244967166139,0.00948198588163542,"ENSG00000286934","ENSG00000286934","Up","Significant"
"ENSG00000271743",1.33908416480364,1.0773750238567,0.66098027595924,0.0101635712590879,0.0397910133644768,"ENSG00000271743","ENSG00000271743","Up","Significant"
"ENSG00000275591",1.3322704590686,2.33418834318418,0.940578360422519,0.000494452852698743,0.00373083103829817,"ENSG00000275591","XKR5","Up","Significant"
"ENSG00000245857",1.58169134997327,1.18405407982244,0.612008273654479,0.00507000659469556,0.0233366553546227,"ENSG00000245857","GS1-24F4.2","Up","Significant"
"ENSG00000164825",3.99610991914074,1.24976220409449,0.716598496765684,0.0054973878295889,0.0248867831372189,"ENSG00000164825","DEFB1","Up","Significant"
"ENSG00000164821",1.23154007739847,4.58413359480268,1.47801453427337,3.1533165395861e-05,0.000393389739110167,"ENSG00000164821","DEFA4","Up","Significant"
"ENSG00000239839",1.44272807173938,3.82758171135981,1.419679605158,0.000325563914715508,0.00267319804415633,"ENSG00000239839","DEFA3","Up","Significant"
"ENSG00000253893",2.99122646731476,1.06817469284613,0.609092743677373,0.00750821866850796,0.0316588523169791,"ENSG00000253893","ENSG00000253893","Up","Significant"
"ENSG00000248538",8.28107022321376,1.22921053201106,0.412027309967374,0.000292590411344122,0.00245682658012551,"ENSG00000248538","LOC157273","Up","Significant"
"ENSG00000253230",2.19543327263541,3.5893758319753,0.839161951403877,1.71703760891682e-07,4.65127026978122e-06,"ENSG00000253230","MIR124-1HG","Up","Significant"
"ENSG00000184647",0.990560691972231,2.79829853339344,1.17080399639866,0.000730781706086044,0.00511123873353966,"ENSG00000184647","PRSS55","Up","Significant"
"ENSG00000171060",1.23670580633653,1.28958036761273,0.76732962105425,0.00684718051595576,0.0294858518988366,"ENSG00000171060","C8orf74","Up","Significant"
"ENSG00000280294",1.45194236564116,1.56577382188638,0.86933924483788,0.00414900886920675,0.0199697124674302,"ENSG00000280294","ENSG00000280294","Up","Significant"
"ENSG00000226430",0.925169836863486,1.3339794690851,0.88795696657145,0.00734801202798009,0.0311282598034873,"ENSG00000226430","USP17L7","Up","Significant"
"ENSG00000250305",6.66171016383873,1.76280071091113,0.480267459947767,1.68394328720475e-05,0.000232689713859563,"ENSG00000250305","TRMT9B","Up","Significant"
"ENSG00000003989",0.857940843163543,2.25895318415827,1.30218769920571,0.00332563094891491,0.0168820735444917,"ENSG00000003989","SLC7A2","Up","Significant"
"ENSG00000104213",1.38419063179793,1.28195948502807,0.968400101891205,0.0099297075611094,0.0391406388266339,"ENSG00000104213","PDGFRL","Up","Significant"
"ENSG00000253270",0.696030545119412,2.64582964004366,1.26917828954755,0.00206918357334708,0.0116277498506267,"ENSG00000253270","CSGALNACT1-AS1","Up","Significant"
"ENSG00000254092",5.40813924201607,1.01278136732492,0.411294284540839,0.00196034628279011,0.0111584704360167,"ENSG00000254092","ENSG00000254092","Up","Significant"
"ENSG00000168453",3.01179486420825,1.1149168894362,0.670979207275513,0.00797970484630934,0.0331147620895907,"ENSG00000168453","HR","Up","Significant"
"ENSG00000261026",12.4667501644088,1.4410473195551,0.568475423929196,0.000806307922898133,0.00552301148577137,"ENSG00000261026","ENSG00000261026","Up","Significant"
"ENSG00000147454",1136.88140187467,1.36918620404225,0.268160742188573,3.66635993411735e-08,1.2163965844786e-06,"ENSG00000147454","SLC25A37","Up","Significant"
"ENSG00000069206",0.949761102135067,2.08843159555029,1.24509859034223,0.00366417140923698,0.0181438403334847,"ENSG00000069206","ADAM7","Up","Significant"
"ENSG00000184661",65.876917051091,3.26134014401504,0.290000312041172,1.57927711649706e-30,1.29073163162683e-27,"ENSG00000184661","CDCA2","Up","Significant"
"ENSG00000221818",1.67818005687683,1.2482487863878,0.734243333105918,0.00642441684803677,0.0280453079938593,"ENSG00000221818","EBF2","Up","Significant"
"ENSG00000120907",1.34717889423662,1.70089073923757,0.789891906292508,0.00200418773469202,0.0113439800406557,"ENSG00000120907","ADRA1A","Up","Significant"
"ENSG00000120903",23.0199972282055,1.34178272574081,0.605673466045964,0.00195146881866914,0.0111305138118782,"ENSG00000120903","CHRNA2","Up","Significant"
"ENSG00000120885",5024.8317745107,3.08619717815768,0.364868905414739,1.70219495586714e-18,3.6100538465919e-16,"ENSG00000120885","CLU","Up","Significant"
"ENSG00000168077",1.60155021505265,1.62605876317652,0.790961092139535,0.00241747294594035,0.0131911905138439,"ENSG00000168077","SCARA3","Up","Significant"
"ENSG00000171320",35.0472788348845,2.49582858759593,0.249109647825384,8.37618016625048e-25,3.38165567699864e-22,"ENSG00000171320","ESCO2","Up","Significant"
"ENSG00000168078",30.6327594675795,3.93718481166618,0.33631639724663,7.64361204113707e-33,8.53765986288207e-30,"ENSG00000168078","PBK","Up","Significant"
"ENSG00000214050",2.89229763752857,2.99652536650438,0.593295532956313,4.89210332156051e-08,1.5651755703554e-06,"ENSG00000214050","FBXO16","Up","Significant"
"ENSG00000253279",0.945740702233589,1.35313474516516,0.826837369691463,0.00534700775108602,0.0243640036349118,"ENSG00000253279","LINC02209","Up","Significant"
"ENSG00000127589",1.89061239715917,1.92238235684672,0.565544614211049,6.07261325617218e-05,0.000673575629265387,"ENSG00000127589","ENSG00000127589","Up","Significant"
"ENSG00000279041",5.10189067727288,1.02609234947591,0.386875624884935,0.00110247521842994,0.00708803570498248,"ENSG00000279041","ENSG00000279041","Up","Significant"
"ENSG00000133863",1.48217781228083,2.58034695806552,1.15489840579256,0.000744326556382302,0.00518860798373509,"ENSG00000133863","TEX15","Up","Significant"
"ENSG00000133878",1.12458332311694,1.89934875655789,0.751027258780113,0.000575224072837872,0.0042131548539288,"ENSG00000133878","DUSP26","Up","Significant"
"ENSG00000156687",1.83719099883262,2.11817596895502,0.784745938380286,0.000418464084804648,0.00325948698691747,"ENSG00000156687","UNC5D","Up","Significant"
"ENSG00000253452",2.16480062967543,1.72783414620526,0.604100982849906,0.000317905661804106,0.00262252605154943,"ENSG00000253452","LOC124902062","Up","Significant"
"ENSG00000215262",0.870349371325479,1.59622526098926,1.15574948063287,0.00682090185173548,0.0293932098958082,"ENSG00000215262","KCNU1","Up","Significant"
"ENSG00000254111",0.922359690331038,1.67039564249314,0.838209597022744,0.00198594739910181,0.0112638983406402,"ENSG00000254111","ENSG00000254111","Up","Significant"
"ENSG00000196166",2.23752784420069,2.94334053767542,0.697251853052969,1.2660164739355e-06,2.55644965396768e-05,"ENSG00000196166","LINC03042","Up","Significant"
"ENSG00000253361",1.07619532362968,1.3652183717181,0.687806709733977,0.0040012715639066,0.0194284956996225,"ENSG00000253361","ENSG00000253361","Up","Significant"
"ENSG00000197140",1.51734005972762,1.83030904887797,0.721632958651948,0.000801543576287711,0.00550387780693133,"ENSG00000197140","ADAM32","Up","Significant"
"ENSG00000196115",1.11350084080526,2.23236177682673,0.957984608989049,0.000606024537555499,0.00438034431167973,"ENSG00000196115","ADAM5","Up","Significant"
"ENSG00000029534",427.920687832454,1.67781430280775,0.372614121421919,5.31166098124384e-07,1.21743124364227e-05,"ENSG00000029534","ANK1","Up","Significant"
"ENSG00000104371",1.19780191367041,1.14809417900412,0.843573579550717,0.0124141270411603,0.0461467442990053,"ENSG00000104371","DKK4","Up","Significant"
"ENSG00000248498",0.918711076007407,2.49723705342018,1.28691405970862,0.00250275812351825,0.0135608480818876,"ENSG00000248498","ENSG00000248498","Up","Significant"
"ENSG00000253314",4.65924236582842,2.24851572288327,0.635233250722237,2.31079040391935e-05,0.000302943175449661,"ENSG00000253314","LINC00293","Up","Significant"
"ENSG00000255366",0.487465971866335,4.52496433139487,2.51696643275319,0.010628125723333,0.0411339645256601,"ENSG00000255366","ENSG00000255366","Up","Significant"
"ENSG00000104738",754.511686173912,1.53564165063427,0.191576166122986,9.69310523181704e-17,1.70950664848925e-14,"ENSG00000104738","MCM4","Up","Significant"
"ENSG00000279881",0.588626073461477,2.15274140135257,1.41085978373991,0.00851552465911109,0.0347432991357791,"ENSG00000279881","ENSG00000279881","Up","Significant"
"ENSG00000253474",0.764204939386437,1.3306273585004,1.1069967553693,0.00967271249633947,0.0383895443609901,"ENSG00000253474","LOC105375826","Up","Significant"
"ENSG00000147481",1.55527755348441,1.68810441575018,0.849407111400659,0.00262180092068112,0.0140656303315888,"ENSG00000147481","SNTG1","Up","Significant"
"ENSG00000082556",1.97716495121739,2.85712896865766,0.811174452759592,1.44853188041576e-05,0.000205411996533439,"ENSG00000082556","OPRK1","Up","Significant"
"ENSG00000104237",2.56944244152474,2.49013469991836,0.864278178856437,0.000199515645056072,0.00179189754762367,"ENSG00000104237","RP1","Up","Significant"
"ENSG00000286348",1.84270828106896,2.13954378192606,0.928171700323346,0.000972288630898457,0.00641852240598432,"ENSG00000286348","ENSG00000286348","Up","Significant"
"ENSG00000206579",2.31301728324407,3.62495659002436,0.907468729200053,9.09075445047526e-07,1.93903304189036e-05,"ENSG00000206579","XKR4","Up","Significant"
"ENSG00000253301",3.95492322326921,2.97040572846407,0.780558439855959,7.95924636032057e-06,0.000124512785381878,"ENSG00000253301","LINC01606","Up","Significant"
"ENSG00000251396",4.47247641467622,1.07683105535455,0.400678160733306,0.000906193454679193,0.00605979574393237,"ENSG00000251396","ENSG00000251396","Up","Significant"
"ENSG00000177182",1.62984501616193,1.24877250381524,0.626969502733035,0.00418104030860149,0.0200979026970201,"ENSG00000177182","CLVS1","Up","Significant"
"ENSG00000264408",0.623233449838555,5.11515827689386,2.49778347809169,0.00222674515883534,0.0123597819326509,"ENSG00000264408","MIR4470","Up","Significant"
"ENSG00000251127",11.0874713291889,3.26556332417838,0.439416916982799,6.94564476278898e-15,9.27257411778072e-13,"ENSG00000251127","ENSG00000251127","Up","Significant"
"ENSG00000285971",0.84865076814657,2.48214143227816,1.13561207489584,0.00115316402845724,0.00734626871284668,"ENSG00000285971","ENSG00000285971","Up","Significant"
"ENSG00000253517",1.39224079636666,1.35653357473124,0.795977458160483,0.0059806439708409,0.0265930730916809,"ENSG00000253517","XRCC6P4","Up","Significant"
"ENSG00000274956",1.13517222134228,2.98559264341755,1.16141400023373,0.000337023865426002,0.00274909652664533,"ENSG00000274956","ENSG00000274956","Up","Significant"
"ENSG00000137563",144.190419203897,2.29825447783458,0.23433641106505,7.57506000996712e-24,2.67192300919988e-21,"ENSG00000137563","GGH","Up","Significant"
"ENSG00000253554",0.965256488513013,1.24859178004556,0.780739707841706,0.00799241887235097,0.0331580987982677,"ENSG00000253554","LINC01414","Up","Significant"
"ENSG00000253734",1.22076015425032,1.43033122787231,1.01680233630953,0.00707054149502403,0.0302433973649171,"ENSG00000253734","LINC01289","Up","Significant"
"ENSG00000147570",5.99513697096526,2.07274390065277,0.473406205937579,7.79255804048059e-07,1.70555733101544e-05,"ENSG00000147570","DNAJC5B","Up","Significant"
"ENSG00000147573",1.35809005738455,2.81881002832828,0.790267178040751,5.42054419415882e-06,8.88635104706791e-05,"ENSG00000147573","TRIM55","Up","Significant"
"ENSG00000250869",2.13253538516726,1.16276019822245,0.489298763429723,0.00199906854164438,0.0113287312298261,"ENSG00000250869","ENSG00000250869","Up","Significant"
"ENSG00000046889",2.1978850231371,1.60590494165085,0.738476548686128,0.00181106351311717,0.0104849563339743,"ENSG00000046889","PREX2","Up","Significant"
"ENSG00000248801",0.60415914429653,2.21071617669787,1.42379300642043,0.00841735269740444,0.0345090717556365,"ENSG00000248801","C8orf34-AS1","Up","Significant"
"ENSG00000137573",1.3773393726697,1.1630810584378,0.8854239012465,0.0121007102182707,0.0453610805128128,"ENSG00000137573","SULF1","Up","Significant"
"ENSG00000137571",14.893157821303,1.30519547475862,0.266361687154725,1.07463020835786e-07,3.10965316510049e-06,"ENSG00000137571","SLCO5A1","Up","Significant"
"ENSG00000147596",0.700951978379493,2.6932630055848,1.25548378880276,0.00170949829894449,0.0100054640536551,"ENSG00000147596","PRDM14","Up","Significant"
"ENSG00000253967",4.13816509242509,3.48407834592813,0.894869683614648,5.2091135606229e-06,8.5943961744418e-05,"ENSG00000253967","LINC03020","Up","Significant"
"ENSG00000104313",1.51341101401005,3.05990185152777,0.776984388112954,9.05508603123893e-07,1.93265527274386e-05,"ENSG00000104313","EYA1","Up","Significant"
"ENSG00000104321",1.39574498643104,1.53530712453711,0.816360307773979,0.00378507278255213,0.0186055455289041,"ENSG00000104321","TRPA1","Up","Significant"
"ENSG00000250979",0.831577941975402,1.53992388500606,1.06966515940153,0.0059311595294491,0.0264221250561433,"ENSG00000250979","ENSG00000250979","Up","Significant"
"ENSG00000253706",0.813819008592607,1.98377211796088,1.51102616999953,0.00780062396695205,0.0326046037805409,"ENSG00000253706","ENSG00000253706","Up","Significant"
"ENSG00000164749",0.879871298362857,1.06805303147623,1.10617652437243,0.0132259935146168,0.0483937340774509,"ENSG00000164749","HNF4G","Up","Significant"
"ENSG00000091656",5.88959428882168,2.60991279256237,0.459854188747724,1.00545378856632e-09,5.03613617355289e-08,"ENSG00000091656","ZFHX4","Up","Significant"
"ENSG00000104435",0.836519529857433,1.51621466642837,1.12216649924213,0.0068846625862673,0.0296032540232556,"ENSG00000104435","STMN2","Up","Significant"
"ENSG00000164687",117.097784082127,1.22095292646007,0.145582035735626,6.88337714079017e-18,1.38948846151047e-15,"ENSG00000164687","FABP5","Up","Significant"
"ENSG00000170323",0.86970815977779,3.78282438859654,1.6101021914435,0.00145845431686415,0.00881041025848219,"ENSG00000170323","FABP4","Up","Significant"
"ENSG00000164695",1.60843018339386,1.18894914952513,0.657031301683079,0.00626924023384558,0.0275360878958031,"ENSG00000164695","CHMP4C","Up","Significant"
"ENSG00000254394",0.858164293781071,2.58433185199255,1.67091182801441,0.0067063204500758,0.02902261293576,"ENSG00000254394","LOC101927141","Up","Significant"
"ENSG00000133742",601.511535760053,6.33022925330692,0.917398093263544,3.69030358128158e-15,5.19573036576322e-13,"ENSG00000133742","CA1","Up","Significant"
"ENSG00000205176",0.760590729209192,3.62085400051927,1.53612776147186,0.00124427200625517,0.00777664652177961,"ENSG00000205176","ENSG00000205176","Up","Significant"
"ENSG00000253154",0.769299577822243,2.05996308924782,1.34684036726486,0.00574620769194916,0.0257660475778836,"ENSG00000253154","ENSG00000253154","Up","Significant"
"ENSG00000147614",0.495845740199619,2.72720917403896,1.6627505749635,0.0127811123404938,0.0470988225428888,"ENSG00000147614","ATP6V0D2","Up","Significant"
"ENSG00000170289",1.38130592546453,1.2774057761013,0.688258537626832,0.0052629930498717,0.0240632671607668,"ENSG00000170289","CNGB3","Up","Significant"
"ENSG00000253500",0.839643258298677,2.19300057405078,1.3872174397964,0.00508253513447826,0.0233782662760785,"ENSG00000253500","ENSG00000253500","Up","Significant"
"ENSG00000254376",0.920798413546154,3.16954125025466,1.26083068145803,0.000489497628385951,0.00370153182308873,"ENSG00000254376","ENSG00000254376","Up","Significant"
"ENSG00000156103",1.62539187022538,1.86566180444411,1.04397919477331,0.00335885676941257,0.0170197991057381,"ENSG00000156103","MMP16","Up","Significant"
"ENSG00000253553",1.31491925242331,3.09558259926765,0.85321491831698,2.69539038815116e-06,4.88479375427568e-05,"ENSG00000253553","ENSG00000253553","Up","Significant"
"ENSG00000254180",3.07062164539488,1.00098548063355,0.671852652756095,0.0123404070414564,0.0460227823652934,"ENSG00000254180","ENSG00000254180","Up","Significant"
"ENSG00000253394",20.3391671088442,1.91686851749328,0.38838960142914,5.61846670873635e-08,1.7656737927819e-06,"ENSG00000253394","ENSG00000253394","Up","Significant"
"ENSG00000246792",1.9140911013404,1.32599067000818,0.520793048618503,0.00109929483286696,0.00707638928379982,"ENSG00000246792","LOC124906712","Up","Significant"
"ENSG00000079102",3.07789340128727,2.63600256927262,0.615280069326571,1.35138894755368e-06,2.70350401454186e-05,"ENSG00000079102","RUNX1T1","Up","Significant"
"ENSG00000253577",0.690423247527467,1.58248497826261,1.12269572870811,0.00733331214556064,0.0310777737050198,"ENSG00000253577","ENSG00000253577","Up","Significant"
"ENSG00000254315",1.241894993761,1.50106473871506,0.657177062328287,0.00197780562632961,0.0112291238110266,"ENSG00000254315","ENSG00000254315","Up","Significant"
"ENSG00000175305",33.0041341263218,1.21693240866933,0.231271342507721,1.86934737203324e-08,6.66611580419324e-07,"ENSG00000175305","CCNE2","Up","Significant"
"ENSG00000169439",30.4810311073614,1.44185965940254,0.395273631838902,2.3033839694165e-05,0.000302090385249227,"ENSG00000169439","SDC2","Up","Significant"
"ENSG00000104341",116.046673510055,1.2579075836499,0.213189633209198,4.33221948757665e-10,2.39157072173321e-08,"ENSG00000104341","LAPTM4B","Up","Significant"
"ENSG00000253911",0.969932336550604,2.63542205380431,1.24520134348451,0.00156341028270252,0.00930851371056837,"ENSG00000253911","ENSG00000253911","Up","Significant"
"ENSG00000132554",1.69092076635484,2.16489050581901,0.763207923224251,0.000276238213068074,0.00235055227528865,"ENSG00000132554","RGS22","Up","Significant"
"ENSG00000156509",7.76878336966568,2.5111672533723,0.349047977091481,5.24200051960297e-14,6.18500688068225e-12,"ENSG00000156509","FBXO43","Up","Significant"
"ENSG00000174226",1.00324763141594,1.80894076442953,1.14498888446093,0.00371799459359036,0.0183295984753008,"ENSG00000174226","SNX31","Up","Significant"
"ENSG00000253737",1.16837013347813,1.52785300987294,0.725075952150863,0.00276886731428746,0.0146667680737367,"ENSG00000253737","ENSG00000253737","Up","Significant"
"ENSG00000228224",2.36563214841378,1.088907583458,0.483735110136585,0.00289218136396643,0.01515464837193,"ENSG00000228224","NACA4P","Up","Significant"
"ENSG00000253633",9.37153083088054,2.194303655406,0.395383083778934,2.08319875518616e-09,9.55548107769648e-08,"ENSG00000253633","ENSG00000253633","Up","Significant"
"ENSG00000155087",0.722452010701458,5.33963335753425,2.56206291367998,0.00207478744005463,0.011653377862687,"ENSG00000155087","ODF1","Up","Significant"
"ENSG00000261670",1.50826097338567,1.54606201417771,0.629379396009023,0.00117886016274333,0.00747161437362709,"ENSG00000261670","ENSG00000261670","Up","Significant"
"ENSG00000176406",3.42306098496528,1.56253535872877,0.594533882086406,0.000611141065155705,0.00441351852420313,"ENSG00000176406","RIMS2","Up","Significant"
"ENSG00000147647",3.017252187682,1.24752387874273,0.591807661265351,0.00295048128298222,0.0153855706989498,"ENSG00000147647","DPYS","Up","Significant"
"ENSG00000164935",6.0018738593578,1.05954770446696,0.462861637517845,0.00254389618909136,0.0137266195501338,"ENSG00000164935","DCSTAMP","Up","Significant"
"ENSG00000169946",2.59285707908571,1.98328468272902,0.532328707229126,1.48293527769554e-05,0.000209140059849747,"ENSG00000169946","ZFPM2","Up","Significant"
"ENSG00000287289",0.910131957498418,3.17692140181206,1.23462604370971,0.000365058820456286,0.00291048204013079,"ENSG00000287289","ENSG00000287289","Up","Significant"
"ENSG00000253228",1.98488265989199,2.70409052878054,0.739409165044306,1.34042791557637e-05,0.000193105756762892,"ENSG00000253228","ENSG00000253228","Up","Significant"
"ENSG00000164841",1.90957431920879,2.8716524326957,0.728615288409961,2.72385249680458e-06,4.93370666569864e-05,"ENSG00000164841","TMEM74","Up","Significant"
"ENSG00000205038",63.8289161849561,1.69357061105392,0.277211871487016,8.24891204546651e-11,5.3881636204978e-09,"ENSG00000205038","PKHD1L1","Up","Significant"
"ENSG00000255099",0.733560954227612,2.22717838312756,1.12083306698741,0.00205798917239866,0.0115824419101921,"ENSG00000255099","LOC644335","Up","Significant"
"ENSG00000240590",1.22344925818714,3.16528799423485,1.09103687008286,8.12905892227388e-05,0.000858753579528611,"ENSG00000240590","RPSAP48","Up","Significant"
"ENSG00000164796",2.72031328412015,1.88371784627577,0.734043010102829,0.000570251853840997,0.00418876028284249,"ENSG00000164796","CSMD3","Up","Significant"
"ENSG00000249917",1.15826893832555,1.26899057580706,0.840422240642737,0.00846341661628048,0.0346109064199368,"ENSG00000249917","LINC00536","Up","Significant"
"ENSG00000164756",2.00148992325552,1.66333983604638,0.711297036284863,0.00121177068761666,0.00762253125048747,"ENSG00000164756","SLC30A8","Up","Significant"
"ENSG00000286282",0.990878282888286,1.92738834396448,1.06735994821205,0.0025623094826405,0.013817255946862,"ENSG00000286282","ENSG00000286282","Up","Significant"
"ENSG00000136982",20.5177467373995,2.03742017876027,0.307828830190418,2.54467152813479e-12,2.24985219620762e-10,"ENSG00000136982","DSCC1","Up","Significant"
"ENSG00000187955",1.97641436778237,4.10463905671646,1.01114645570294,2.23277663038003e-07,5.81337312411845e-06,"ENSG00000187955","COL14A1","Up","Significant"
"ENSG00000248690",1.7589020011837,2.87910433624443,0.886327604941865,3.52295160419849e-05,0.000430370343802724,"ENSG00000248690","HAS2-AS1","Up","Significant"
"ENSG00000255364",2.458237337321,1.97834325091538,0.703225489487288,0.000293616570858026,0.00246401143823731,"ENSG00000255364","ENSG00000255364","Up","Significant"
"ENSG00000253819",8.15529602253214,1.82623342573638,0.405660859819283,4.87233701166043e-07,1.12909502713506e-05,"ENSG00000253819","ENSG00000253819","Up","Significant"
"ENSG00000255325",2.85383035105489,1.98258413984964,0.615982992566406,8.15153316083919e-05,0.000860585143940014,"ENSG00000255325","ENSG00000255325","Up","Significant"
"ENSG00000147689",3.71516567906931,2.58555197893223,0.637030800425291,2.99046580110475e-06,5.35582675196253e-05,"ENSG00000147689","FAM83A","Up","Significant"
"ENSG00000254294",0.941132978194466,1.32337037899418,0.904198649021384,0.00763324888604223,0.0320785224728617,"ENSG00000254294","ENSG00000254294","Up","Significant"
"ENSG00000253286",0.74111305062722,3.27150444135008,1.79253480093508,0.00731742802845306,0.0310261540940698,"ENSG00000253286","ENSG00000253286","Up","Significant"
"ENSG00000104537",1.45815398484711,1.54814814319326,0.892747996401922,0.00461468813689014,0.0216877398007085,"ENSG00000104537","ANXA13","Up","Significant"
"ENSG00000214814",1.99971432206429,1.65182334127588,0.923325632375616,0.00363091893531207,0.0180424532169427,"ENSG00000214814","FER1L6","Up","Significant"
"ENSG00000253227",4.20461713025943,1.63699289426897,0.540534487248684,0.00017359610239811,0.00160337149814175,"ENSG00000253227","ENSG00000253227","Up","Significant"
"ENSG00000255491",12.4512546827219,1.33105689496872,0.283925157015215,3.04001639286932e-07,7.57945753784659e-06,"ENSG00000255491","LOC105375743","Up","Significant"
"ENSG00000249816",5.12252854404878,2.35259427997177,0.438540224479468,5.83793134535783e-09,2.37406846421839e-07,"ENSG00000249816","LINC00964","Up","Significant"
"ENSG00000253111",0.850565211092241,2.63622534413659,0.986581103404411,0.00017341203336006,0.00160260945884571,"ENSG00000253111","ENSG00000253111","Up","Significant"
"ENSG00000253651",5.14860203943338,-1.12627785491472,0.509409594121589,0.00283677493773891,0.0149579058046724,"ENSG00000253651","SOD1P3","Down","Significant"
"ENSG00000286010",18.526348680587,-1.27945792188072,0.3558391101941,3.52171088895493e-05,0.000430370343802724,"ENSG00000286010","LOC105375754","Down","Significant"
"ENSG00000285108",1.99733588890508,2.20333461547502,0.810060678075905,0.000353927961593256,0.00284541437851584,"ENSG00000285108","ENSG00000285108","Up","Significant"
"ENSG00000147697",1.33320401695811,1.06375738132175,0.727500917596039,0.0123823302021021,0.0460959105695951,"ENSG00000147697","GSDMC","Up","Significant"
"ENSG00000155897",1.64302760387598,1.17126444799505,0.813739698559781,0.0104000723445272,0.0405086625819786,"ENSG00000155897","ADCY8","Up","Significant"
"ENSG00000132297",0.657525088278718,2.4203550626895,1.35139662083589,0.00449728504281528,0.0212552220733001,"ENSG00000132297","HHLA1","Up","Significant"
"ENSG00000184156",3.06892896709192,1.35119284551951,0.621712561569814,0.00225820332603007,0.0125008467443422,"ENSG00000184156","KCNQ3","Up","Significant"
"ENSG00000287095",18.2374438354472,-1.05492582185922,0.300132942399636,6.5305677989879e-05,0.000713089291295792,"ENSG00000287095","ENSG00000287095","Down","Significant"
"ENSG00000259820",17.9407634487633,-1.70454964611103,0.627275476757285,0.000386071529079049,0.00305186856992447,"ENSG00000259820","ENSG00000259820","Down","Significant"
"ENSG00000254101",6.39391172048341,1.64639839409907,0.484671763157924,4.86887097686409e-05,0.00056297458218991,"ENSG00000254101","LINC02055","Up","Significant"
"ENSG00000254076",0.811487595382535,1.33472057285794,0.937479646749452,0.0077776512648919,0.032528871222574,"ENSG00000254076","LOC100129367","Up","Significant"
"ENSG00000254361",0.705886561668707,3.25340346512795,1.75813158832334,0.00727031250289195,0.0308771738478335,"ENSG00000254361","ENSG00000254361","Up","Significant"
"ENSG00000147724",2.795886645761,2.67437265336439,0.65014864538254,2.69436370527833e-06,4.88479375427568e-05,"ENSG00000147724","FAM135B","Up","Significant"
"ENSG00000169436",2.59182727584312,1.44746757971026,0.664968990372657,0.00202488784968685,0.0114382951711323,"ENSG00000169436","COL22A1","Up","Significant"
"ENSG00000169427",2.20458867889971,2.35631948910675,0.680177638244965,3.5351129362696e-05,0.000431407810938893,"ENSG00000169427","KCNK9","Up","Significant"
"ENSG00000204882",20.7342824931906,-1.03892373371455,0.3605836692903,0.000544567410896301,0.00404251426046171,"ENSG00000204882","GPR20","Down","Significant"
"ENSG00000271959",2.00636584766252,1.25533908500695,0.656104293275175,0.00448941679999202,0.0212300123554802,"ENSG00000271959","ENSG00000271959","Up","Significant"
"ENSG00000287677",1.45766528221622,2.00036283499206,0.903296274787298,0.00138538963589659,0.00844669237795832,"ENSG00000287677","ENSG00000287677","Up","Significant"
"ENSG00000287332",0.88965966368148,2.10932813021081,1.48339818718756,0.00556647030675227,0.0251451676339932,"ENSG00000287332","ENSG00000287332","Up","Significant"
"ENSG00000261693",6.76627381564894,1.27037151243849,0.385847500646678,0.000106190394434534,0.0010730801951468,"ENSG00000261693","ENSG00000261693","Up","Significant"
"ENSG00000253421",0.821047778160072,1.25115823683829,0.974867633925992,0.00980072433021932,0.0387553070074722,"ENSG00000253421","ENSG00000253421","Up","Significant"
"ENSG00000160932",5561.55743733149,1.01097866674183,0.285213731816818,6.9005762063195e-05,0.00074807961209175,"ENSG00000160932","LY6E","Up","Significant"
"ENSG00000277494",0.64647626749067,2.36395460603337,1.37774428638747,0.00540579847506198,0.0245750781577604,"ENSG00000277494","GPIHBP1","Up","Significant"
"ENSG00000181085",0.718654523940454,2.63266330211908,1.35874616357214,0.00338774160376873,0.0171376560085577,"ENSG00000181085","MAPK15","Up","Significant"
"ENSG00000261150",169.316365621711,-1.07277351646716,0.304910635574501,6.04771090820573e-05,0.000671702833354543,"ENSG00000261150","EPPK1","Down","Significant"
"ENSG00000261678",0.815597626255513,2.39362916171032,1.83332301361846,0.0104551521346091,0.0406806424615209,"ENSG00000261678","SCRT1","Up","Significant"
"ENSG00000160957",187.368881901603,1.48770893843532,0.182082450402167,3.25577927314531e-17,6.02750871070863e-15,"ENSG00000160957","RECQL4","Up","Significant"
"ENSG00000227917",0.716540141493433,5.39616560048199,2.509798926444,0.000984015889869649,0.00648571763446933,"ENSG00000227917","ENSG00000227917","Up","Significant"
"ENSG00000281769",0.709314461158952,1.67167535259503,1.57343390256339,0.0122448206367324,0.0457732814275173,"ENSG00000281769","ENSG00000281769","Up","Significant"
"ENSG00000236404",1.72924749044686,1.42744696559738,0.701196849410183,0.00302272930941255,0.0156939318917114,"ENSG00000236404","VLDLR-AS1","Up","Significant"
"ENSG00000287759",1.3162360507382,1.26642311059087,0.755575033410068,0.00705558656576367,0.030195277872381,"ENSG00000287759","ENSG00000287759","Up","Significant"
"ENSG00000230225",1.93413753863656,1.00155988738992,0.514792440114994,0.00657794680719697,0.0285777803140624,"ENSG00000230225","MTND5P14","Up","Significant"
"ENSG00000236567",8.62670387003613,1.34735310119653,0.304044574685662,9.84031007996638e-07,2.07122456325121e-05,"ENSG00000236567","ENSG00000236567","Up","Significant"
"ENSG00000178445",147.50707419484,3.70115251926256,0.377798381412255,7.036960833545e-24,2.50852681458787e-21,"ENSG00000178445","GLDC","Up","Significant"
"ENSG00000236924",0.703988156144157,3.33321044276388,1.71626375796846,0.00594372035847275,0.026464008170617,"ENSG00000236924","LINC02851","Up","Significant"
"ENSG00000231381",0.743175641444308,2.8061049411373,1.27802110076642,0.00160444646643999,0.00949044953997131,"ENSG00000231381","ENSG00000231381","Up","Significant"
"ENSG00000265735",2.62376505576116,1.09511778748459,0.45500095708034,0.00195755607259722,0.0111519460109929,"ENSG00000265735","ENSG00000265735","Up","Significant"
"ENSG00000153714",3.71987632452547,1.54653920269996,0.479609291283952,0.000106073695566272,0.00107281238288626,"ENSG00000153714","LURAP1L","Up","Significant"
"ENSG00000107186",2.9884719606618,2.1450432323159,0.669615589393109,8.02799168574412e-05,0.000850200616584849,"ENSG00000107186","MPDZ","Up","Significant"
"ENSG00000270547",1.20743717583981,2.41518089487263,1.00582469619968,0.000582721339774929,0.00425690197831221,"ENSG00000270547","LINC01235","Up","Significant"
"ENSG00000229268",0.729442704627794,1.43720473281175,0.957986872769916,0.00605748293764058,0.0268643007727926,"ENSG00000229268","PES1P2","Up","Significant"
"ENSG00000147862",10.9670225211892,1.14048237430375,0.452002107867791,0.00124462548259584,0.00777664652177961,"ENSG00000147862","NFIB","Up","Significant"
"ENSG00000164946",7.81672099488058,1.62464282244113,0.580650598328677,0.000333656335694725,0.00272761408948391,"ENSG00000164946","FREM1","Up","Significant"
"ENSG00000232000",3.92434189067332,1.0493288657539,0.5176486032598,0.00479178588484399,0.0223095240425115,"ENSG00000232000","CLCN3P1","Up","Significant"
"ENSG00000178031",2.8953445549734,1.70259922855695,0.72719417582723,0.00109348778733539,0.00704512252755652,"ENSG00000178031","ADAMTSL1","Up","Significant"
"ENSG00000177076",35.1478635506052,1.47425104763986,0.412481473124848,2.99377314691906e-05,0.000376570361787203,"ENSG00000177076","ACER2","Up","Significant"
"ENSG00000155886",2.20220500397762,1.09426187101631,0.731499125223757,0.0105317297006885,0.0408978711948512,"ENSG00000155886","SLC24A2","Up","Significant"
"ENSG00000147889",41.909029306936,1.08136152000084,0.21409090806831,6.88787734739367e-08,2.1097429801994e-06,"ENSG00000147889","CDKN2A","Up","Significant"
"ENSG00000176399",1.07780045332888,1.1436491243778,1.02265592726045,0.0134054308112974,0.0488210608690103,"ENSG00000176399","DMRTA1","Up","Significant"
"ENSG00000234840",1.15008551175855,2.64279760718613,1.04053513718604,0.000340020028686073,0.00276546872360234,"ENSG00000234840","LINC01239","Up","Significant"
"ENSG00000283982",1.12418807359411,1.08940863152009,0.787429320125566,0.0137111913922034,0.0496969510396262,"ENSG00000283982","LOC101929563","Up","Significant"
"ENSG00000283945",1.01380621820889,1.08666260665704,0.720840611975376,0.011743385513527,0.0443140884203578,"ENSG00000283945","ENSG00000283945","Up","Significant"
"ENSG00000232203",1.13560990088807,1.4077952455227,0.860782485513171,0.00519656681610531,0.0238047515298528,"ENSG00000232203","ENSG00000232203","Up","Significant"
"ENSG00000235481",4.08805056185939,1.03125936434333,0.385726587794406,0.00105829889948805,0.00686704704902826,"ENSG00000235481","UBE2R2-AS1","Up","Significant"
"ENSG00000198876",1415.31946418484,1.44476005926035,0.336615752866023,1.74909067467813e-06,3.38006225016086e-05,"ENSG00000198876","DCAF12","Up","Significant"
"ENSG00000229207",1.46636168566446,1.53466384649595,0.6879488041377,0.00189480572430519,0.010881413027548,"ENSG00000229207","ENSG00000229207","Up","Significant"
"ENSG00000205108",0.762869946163073,3.67833762187786,1.49921570041289,0.000831718185609938,0.00566349211168531,"ENSG00000205108","SPATA31F1","Up","Significant"
"ENSG00000257198",0.566122848153246,2.89105296745148,1.6491727784924,0.00844601238680002,0.0345649034036739,"ENSG00000257198","ENSG00000257198","Up","Significant"
"ENSG00000122733",5.17241216732779,1.15182356008027,0.390258826994107,0.000378434556662747,0.00300283295269051,"ENSG00000122733","PHF24","Up","Significant"
"ENSG00000179766",1.92857527078389,2.12387835595244,0.714147420161793,0.000198567573753511,0.00178673491646251,"ENSG00000179766","ENSG00000179766","Up","Significant"
"ENSG00000165304",61.1216710056885,2.98730349197262,0.299162673664669,1.10989118841823e-24,4.37545221561253e-22,"ENSG00000165304","MELK","Up","Significant"
"ENSG00000287514",3.74695104592452,1.32660057782863,0.52750473928467,0.00102628115671373,0.00670102402188629,"ENSG00000287514","LOC105376030","Up","Significant"
"ENSG00000284612",1.19863271671611,1.67066711963145,1.01286300078027,0.00368784139001088,0.0182184692817153,"ENSG00000284612","ENSG00000284612","Up","Significant"
"ENSG00000234680",0.832363955571295,2.85214520140203,1.44187828804425,0.00326901749849338,0.0166527071080898,"ENSG00000234680","ENSG00000234680","Up","Significant"
"ENSG00000106714",2.47526673250938,1.78291134719843,0.675357949048899,0.00052062137243132,0.00389321615014531,"ENSG00000106714","CNTNAP3","Up","Significant"
"ENSG00000154529",1.13602481075347,2.43447445645335,0.826503851728126,7.46622427479881e-05,0.000799826436138854,"ENSG00000154529","CNTNAP3B","Up","Significant"
"ENSG00000236816",2.80253296947807,1.07684789694787,0.818572553205487,0.0131736096187805,0.0482811423729318,"ENSG00000236816","ENSG00000236816","Up","Significant"
"ENSG00000227582",1.42414861309299,1.0715697386142,0.717051004029687,0.0117693410556768,0.0443870398913533,"ENSG00000227582","ADGRF5P1","Up","Significant"
"ENSG00000234042",5.83429826844255,1.37897633156586,0.529634706313968,0.000749963283973121,0.00521704788927866,"ENSG00000234042","ENSG00000234042","Up","Significant"
"ENSG00000135063",1.96878151194671,2.07850646724371,0.742183557985311,0.000306371899643455,0.00254649846551502,"ENSG00000135063","ENTREP1","Up","Significant"
"ENSG00000204706",2.76025585167945,1.64458291703497,0.513458277294588,0.000109498208356516,0.00109893462364593,"ENSG00000204706","MAMDC2-AS1","Up","Significant"
"ENSG00000083067",4.36993314285965,1.78135466694354,0.621774558597489,0.000256022021055018,0.00220938498674545,"ENSG00000083067","TRPM3","Up","Significant"
"ENSG00000165091",3.89220188285108,1.57793946849502,0.452970820353924,4.09298257686616e-05,0.000485492931568878,"ENSG00000165091","TMC1","Up","Significant"
"ENSG00000165092",446.628834175346,-1.14131118822002,0.288703049489559,9.97441115997177e-06,0.000150419686570429,"ENSG00000165092","ALDH1A1","Down","Significant"
"ENSG00000286944",1.16274125046477,2.2331312483333,1.05319246240534,0.00110030535932503,0.00707951848802274,"ENSG00000286944","ENSG00000286944","Up","Significant"
"ENSG00000119121",3.55407507225619,2.33294590150644,0.514507253011041,4.46260854049955e-07,1.0486504178373e-05,"ENSG00000119121","TRPM6","Up","Significant"
"ENSG00000225937",3.55073915820291,1.07245453494282,0.543098824251502,0.00496092004131447,0.022948021764827,"ENSG00000225937","PCA3","Up","Significant"
"ENSG00000231373",0.485033266675583,4.49070659619202,2.53379609441134,0.0122079645034984,0.0456711714354948,"ENSG00000231373","GNA14-AS1","Up","Significant"
"ENSG00000135069",136.819729269039,1.40792977455744,0.20959472119213,2.05478506249992e-12,1.85589737626172e-10,"ENSG00000135069","PSAT1","Up","Significant"
"ENSG00000240632",1.15250144592377,1.74073978339588,0.929575053820687,0.00275939051345699,0.0146258172596378,"ENSG00000240632","ENSG00000240632","Up","Significant"
"ENSG00000237770",0.717318612850999,2.75467142314655,1.24498255356669,0.00141564565679586,0.00860923236180987,"ENSG00000237770","SPATA31D2P","Up","Significant"
"ENSG00000229109",0.956082445318738,1.66741168803424,0.885639615526861,0.00238718592492278,0.0130663530150666,"ENSG00000229109","FRMD3-AS1","Up","Significant"
"ENSG00000172159",190.852941047145,1.15168030076126,0.266045216144699,2.03758016312846e-06,3.85094606239547e-05,"ENSG00000172159","FRMD3","Up","Significant"
"ENSG00000237529",2.90780271448583,1.14655366463863,0.507155382126915,0.00252300328237979,0.0136426201370444,"ENSG00000237529","ENSG00000237529","Up","Significant"
"ENSG00000227463",0.844342166189496,1.88801515061064,1.12684654809901,0.00323123456556243,0.0165079187463686,"ENSG00000227463","LOC101927575","Up","Significant"
"ENSG00000148053",5.90690206240751,1.38546679921834,0.387793071188342,3.41850055918372e-05,0.000420832238198704,"ENSG00000148053","NTRK2","Up","Significant"
"ENSG00000285634",1.26152476540598,2.22165434099709,0.901805402433607,0.000463576750809229,0.00354091482627455,"ENSG00000285634","LOC105376121","Up","Significant"
"ENSG00000288575",0.939582314694566,1.29178239904316,0.903321735940366,0.00781280979669952,0.032639252397158,"ENSG00000288575","ENSG00000288575","Up","Significant"
"ENSG00000232743",0.882699730228864,1.96150971306971,1.23359114847167,0.00442800582893669,0.021019697878147,"ENSG00000232743","ENSG00000232743","Up","Significant"
"ENSG00000177910",1.14320750103269,2.14444257596317,0.842344518453073,0.00039173128877496,0.00308966168329216,"ENSG00000177910","SPATA31C2","Up","Significant"
"ENSG00000228189",0.532985113730123,4.76340273648499,2.48161449457696,0.00509113132923585,0.0234113791287723,"ENSG00000228189","LINC02843","Up","Significant"
"ENSG00000229613",0.837104249662496,2.66104694697565,1.0054877115979,0.000227938847469542,0.00200000074361269,"ENSG00000229613","LINC01501","Up","Significant"
"ENSG00000165023",0.816818193204742,3.75883845576129,1.55530371562608,0.00111818266982312,0.00716291016690937,"ENSG00000165023","DIRAS2","Up","Significant"
"ENSG00000260454",0.574810847157449,4.83399379216308,2.55224480152672,0.00674560514207154,0.0291587309991841,"ENSG00000260454","LINC02957","Up","Significant"
"ENSG00000235641",14.1293567635919,1.64466073691061,0.359823275760506,4.17879297007739e-07,9.93805348717694e-06,"ENSG00000235641","LINC00484","Up","Significant"
"ENSG00000273381",8.79047683359546,1.27848294531881,0.343230373444831,2.18739285205149e-05,0.000289255513336201,"ENSG00000273381","ENSG00000273381","Up","Significant"
"ENSG00000225511",1.11663442901747,1.30696211964159,0.784410669501761,0.00712005877097906,0.0304102197046642,"ENSG00000225511","ENSG00000225511","Up","Significant"
"ENSG00000229530",2.21880655706733,1.32610722783241,0.613155676105998,0.00253048559341914,0.0136676405141654,"ENSG00000229530","ENSG00000229530","Up","Significant"
"ENSG00000188101",0.856581671372718,1.26905017828845,1.03888315740065,0.00976971934005632,0.0386692092329255,"ENSG00000188101","ALOX15P2","Up","Significant"
"ENSG00000165238",4.58075275220078,1.195264416838,0.511786744012789,0.00186269321688269,0.0107264112398216,"ENSG00000165238","WNK2","Up","Significant"
"ENSG00000131668",0.662726399779952,1.49132019056133,1.10807004543341,0.00791507474915528,0.0329228202295735,"ENSG00000131668","BARX1","Up","Significant"
"ENSG00000231806",1.83144710375298,2.79863503794015,0.755066672695193,7.65549588861833e-06,0.000120322707191234,"ENSG00000231806","PCAT7","Up","Significant"
"ENSG00000275465",0.892383524194716,3.27218582651808,1.1338830069841,7.63914334358121e-05,0.000815223102866442,"ENSG00000275465","LOC158434","Up","Significant"
"ENSG00000287302",2.17160353215161,1.76835136300957,0.551613627509042,0.000109287910878398,0.00109828647577755,"ENSG00000287302","ENSG00000287302","Up","Significant"
"ENSG00000136842",56.1419743145298,2.18817965005327,0.393914527277844,1.82612059756105e-09,8.53437588614687e-08,"ENSG00000136842","TMOD1","Up","Significant"
"ENSG00000136929",108.011881176924,1.496926147556,0.344690390807617,1.26643780046744e-06,2.55644965396768e-05,"ENSG00000136929","HEMGN","Up","Significant"
"ENSG00000136928",2.21264717689637,2.0923578962256,0.65384692858785,9.21228741501324e-05,0.000953055075608764,"ENSG00000136928","GABBR2","Up","Significant"
"ENSG00000106799",986.004131905681,-1.00242291827201,0.130176753587119,2.44093358316922e-15,3.54256211470094e-13,"ENSG00000106799","TGFBR1","Down","Significant"
"ENSG00000119508",440.508792503693,-1.07864033563617,0.568735469553345,0.00544100896200921,0.0247083303032886,"ENSG00000119508","NR4A3","Down","Significant"
"ENSG00000188386",1.64977895782287,2.27889877521655,0.83866728176689,0.000338021181092437,0.00275293988422469,"ENSG00000188386","PPP3R2","Up","Significant"
"ENSG00000155833",0.781249431179544,1.84058835766312,1.1001567059338,0.00395721690067396,0.0192428357458546,"ENSG00000155833","CYLC2","Up","Significant"
"ENSG00000286536",1.06902848507534,1.78598464982922,1.01398800089804,0.0029269897337113,0.0153052354410657,"ENSG00000286536","ENSG00000286536","Up","Significant"
"ENSG00000148143",3.92610873387005,1.41560934740205,0.396669016314775,3.53893626295593e-05,0.000431693539262433,"ENSG00000148143","ZNF462","Up","Significant"
"ENSG00000287233",0.502327609344774,2.79004175545036,1.64536703170524,0.0111069985146712,0.0425289424082999,"ENSG00000287233","ENSG00000287233","Up","Significant"
"ENSG00000236783",2.70273915222072,-2.72599200997855,0.550868380822032,1.12842238705578e-07,3.23735494587774e-06,"ENSG00000236783","RPS15AP27","Down","Significant"
"ENSG00000213557",19.6908731963227,-1.90088604002189,0.308750013069476,5.734259717325e-11,3.92141446669068e-09,"ENSG00000213557","RPL31P43","Down","Significant"
"ENSG00000119326",86.5075241512021,2.05594552169374,0.245239409084037,3.67333537090855e-18,7.64532887849531e-16,"ENSG00000119326","CTNNAL1","Up","Significant"
"ENSG00000095203",1.31685459802135,2.1511015602391,0.760919563737778,0.000194604065315568,0.00175673157991901,"ENSG00000095203","EPB41L4B","Up","Significant"
"ENSG00000165124",4.69270547964167,1.4982546111346,0.576968167513851,0.000668823966371053,0.00474822506125585,"ENSG00000165124","SVEP1","Up","Significant"
"ENSG00000106853",21.7061894674809,2.59902880280091,0.342175023404053,1.88263405973329e-15,2.79137985431871e-13,"ENSG00000106853","PTGR1","Up","Significant"
"ENSG00000204173",1.23969603223629,1.2501081020957,0.681506263322762,0.00588249918833266,0.0262577148397281,"ENSG00000204173","ENSG00000204173","Up","Significant"
"ENSG00000250068",2.14204220821957,2.11892548546035,0.61438061695528,4.41752340915987e-05,0.000519651938372139,"ENSG00000250068","ENSG00000250068","Up","Significant"
"ENSG00000214669",0.944201110931169,2.21199132457745,1.10245110475334,0.00167118959660267,0.00981668458895734,"ENSG00000214669","ENSG00000214669","Up","Significant"
"ENSG00000196739",5.93526218461419,1.29749763462386,0.360703523295671,3.44588976327447e-05,0.000423666471381365,"ENSG00000196739","COL27A1","Up","Significant"
"ENSG00000229817",0.737005830545155,2.10164691871076,1.20661380370496,0.0037403196953631,0.0184206896931103,"ENSG00000229817","LOC645266","Up","Significant"
"ENSG00000078725",1.46403434593938,1.7144645387884,0.915049234541706,0.00314921835803466,0.0161901132186842,"ENSG00000078725","BRINP1","Up","Significant"
"ENSG00000239593",1.49509578165148,1.20457211035734,0.849234681793435,0.0100895500325701,0.0396169125898044,"ENSG00000239593","ENSG00000239593","Up","Significant"
"ENSG00000095303",2315.71702489613,1.331066188915,0.281019885589844,2.52764748478269e-07,6.49531745150176e-06,"ENSG00000095303","PTGS1","Up","Significant"
"ENSG00000269970",29.012728879484,1.3247173134981,0.322285758180519,4.09015260326314e-06,6.98878107562065e-05,"ENSG00000269970","ENSG00000269970","Up","Significant"
"ENSG00000180264",2.12638500953924,1.44577012119656,0.69786623643953,0.00261672241356891,0.0140421018574455,"ENSG00000180264","ADGRD2","Up","Significant"
"ENSG00000185585",7.79943691400956,1.4780926361204,0.569282147590369,0.000657999577734163,0.0046882644801816,"ENSG00000185585","OLFML2A","Up","Significant"
"ENSG00000228392",1.08783071152242,1.43480070378014,0.831620370554592,0.00474900868927111,0.022162978536285,"ENSG00000228392","ENSG00000228392","Up","Significant"
"ENSG00000279137",1.96640291167962,2.06812380487847,0.777781557267328,0.00045743872911614,0.00350121388167034,"ENSG00000279137","ENSG00000279137","Up","Significant"
"ENSG00000136944",1.22019342041791,1.61591914386538,0.832905639025152,0.002696821498387,0.0143667151982006,"ENSG00000136944","LMX1B","Up","Significant"
"ENSG00000286196",8.24370421399548,-1.00231135669692,0.303824436269717,0.000153232647019532,0.00145006291131813,"ENSG00000286196","ENSG00000286196","Down","Significant"
"ENSG00000148346",61.6134051204488,2.55321874594944,0.391958107002196,4.43000382233506e-12,3.75810121728166e-10,"ENSG00000148346","LCN2","Up","Significant"
"ENSG00000106976",60.0353546838377,1.44414435246991,0.291911164842763,7.21997581756258e-08,2.19740390254954e-06,"ENSG00000106976","DNM1","Up","Significant"
"ENSG00000119333",292.501762520047,1.16393326014902,0.14538370144195,1.73861109084718e-16,3.00304737336073e-14,"ENSG00000119333","DYNC2I2","Up","Significant"
"ENSG00000175287",21.425307645055,1.01646980217653,0.346316607632588,0.000480378013950324,0.00364762902095205,"ENSG00000175287","PHYHD1","Up","Significant"
"ENSG00000227619",1.74988723106123,1.52812725563474,0.626277122576069,0.00116182849888531,0.00738882352802197,"ENSG00000227619","LOC105376292","Up","Significant"
"ENSG00000179058",1.0466407715675,1.21264256290146,0.974997630540329,0.0118290985680547,0.0445772901391076,"ENSG00000179058","C9orf50","Up","Significant"
"ENSG00000148357",5.74358043725282,2.00602160549699,0.509552132112666,5.27952280994772e-06,8.69332396063306e-05,"ENSG00000148357","HMCN2","Up","Significant"
"ENSG00000130707",4.28382856635885,3.49419345245532,0.601343952995112,6.77096891291194e-10,3.56742763054664e-08,"ENSG00000130707","ASS1","Up","Significant"
"ENSG00000165702",283.864896597451,1.62243953022041,0.313098231580815,1.85623972959628e-08,6.63120864595327e-07,"ENSG00000165702","GFI1B","Up","Significant"
"ENSG00000170835",5.57243764152958,2.06859563624062,0.567250177995,1.59324088968506e-05,0.000222079488238173,"ENSG00000170835","CEL","Up","Significant"
"ENSG00000196990",0.856399492547135,2.36686978146105,1.19055956593412,0.00174635435954743,0.010180686888322,"ENSG00000196990","FAM163B","Up","Significant"
"ENSG00000279929",1.43135372175978,1.99343129166008,0.860394124849391,0.00109829002213268,0.00707334237010266,"ENSG00000279929","ENSG00000279929","Up","Significant"
"ENSG00000130558",148.548096112229,-1.58024987212411,0.538873010982477,0.000226264256292962,0.00198791005876269,"ENSG00000130558","OLFM1","Down","Significant"
"ENSG00000178243",0.615504043862091,5.0522503166863,2.54663676894909,0.00409199522264434,0.0197605804749372,"ENSG00000178243","LINC02907","Up","Significant"
"ENSG00000262075",1.42581882313047,1.06055137485849,0.749535055656205,0.013119352957696,0.0481454822318952,"ENSG00000262075","DKFZP434A062","Up","Significant"
"ENSG00000172889",101.257069867294,2.3356220088939,0.320142798226201,1.96534460721776e-14,2.43913823863925e-12,"ENSG00000172889","EGFL7","Up","Significant"
"ENSG00000165716",65.4491614982973,1.20107342862263,0.376377721314642,0.000158792785751209,0.00149047267723733,"ENSG00000165716","DIPK1B","Up","Significant"
"ENSG00000177984",0.874386029587753,2.01200541731987,1.22838264236771,0.00463677531396507,0.0217476931274675,"ENSG00000177984","LCN15","Up","Significant"
"ENSG00000186193",143.327468196817,1.55470372212989,0.272023203714746,1.03415915110315e-09,5.16447675027057e-08,"ENSG00000186193","SAPCD2","Up","Significant"
"ENSG00000212864",4.55356854889651,1.43361252183729,0.516615383850951,0.000436681115347526,0.00336772094227393,"ENSG00000212864","RNF208","Up","Significant"
"ENSG00000233198",0.635061626013669,1.78594578135925,1.24234032381743,0.00748401992179745,0.0315886161430294,"ENSG00000233198","RNF224","Up","Significant"
"ENSG00000270259",1.1056392781436,1.69910051810871,0.918524618547439,0.00316181630875035,0.01623620621701,"ENSG00000270259","ENSG00000270259","Up","Significant"
"ENSG00000198435",89.5259547490522,-1.38193774018713,0.717758137084002,0.00320082619846064,0.0163946379480897,"ENSG00000198435","NRARP","Down","Significant"
"ENSG00000148408",2.68914833711994,1.5472800371328,0.590926867291469,0.000665375082410594,0.00473075612911025,"ENSG00000148408","CACNA1B","Up","Significant"
"ENSG00000229926",0.768261073871705,1.33907127337301,1.05782232211792,0.00850868820397497,0.0347323222106221,"ENSG00000229926","ENSG00000229926","Up","Significant"
"ENSG00000159247",9.16965080874855,1.49235595714191,0.480723485186383,0.000151167514653166,0.00143497797408299,"ENSG00000159247","ENSG00000159247","Up","Significant"
"ENSG00000237419",4.25690659820643,3.70887900223957,0.861551524111737,8.98499224757043e-07,1.92259326452004e-05,"ENSG00000237419","ENSG00000237419","Up","Significant"
"ENSG00000177947",2.59827728331461,1.01936628179489,0.594471339855043,0.00891039304424947,0.0360471279149771,"ENSG00000177947","CIMAP1A","Up","Significant"
"ENSG00000251661",96.8377011106994,1.15824636440262,0.34816760070626,0.000104898267602705,0.00106322929494829,"ENSG00000251661","ENSG00000251661","Up","Significant"
"ENSG00000142089",6754.12954089619,1.99190562403764,0.340848821615949,4.64539777475701e-10,2.54766995146207e-08,"ENSG00000142089","IFITM3","Up","Significant"
"ENSG00000254872",0.991817450981901,1.24486171591147,0.833122470945463,0.00921285379541677,0.0369660642791778,"ENSG00000254872","LINC02688","Up","Significant"
"ENSG00000198788",1.86863105373862,2.25386209474625,0.648958605562732,3.95208309946296e-05,0.000471277165694006,"ENSG00000198788","MUC2","Up","Significant"
"ENSG00000215182",5.14987721266654,2.49886664698656,0.587815343692359,1.20229660634152e-06,2.44910376789653e-05,"ENSG00000215182","MUC5AC","Up","Significant"
"ENSG00000117983",4.13110525932528,1.56249385544658,0.546053370784358,0.000308918937921043,0.0025629028697193,"ENSG00000117983","MUC5B","Up","Significant"
"ENSG00000287935",6.93480545336848,1.20285082950429,0.445644957134813,0.000717605265516213,0.00503586069993357,"ENSG00000287935","LOC124902606","Up","Significant"
"ENSG00000244242",4.7675029954352,2.78762050236097,0.451794001698932,5.95284410389118e-11,4.02977480964221e-09,"ENSG00000244242","IFITM10","Up","Significant"
"ENSG00000117984",3793.24506033639,1.13205185009355,0.238214640258822,3.002228891192e-07,7.50199015025747e-06,"ENSG00000117984","CTSD","Up","Significant"
"ENSG00000180176",1.04599121398375,2.05998511570095,1.09090214457042,0.00229107326755736,0.0126477057862569,"ENSG00000180176","TH","Up","Significant"
"ENSG00000271602",0.80876479861738,1.88688989657474,1.11618515993146,0.00369984675076529,0.0182696971369576,"ENSG00000271602","KRT8P49","Up","Significant"
"ENSG00000198217",0.628404319376202,1.84793884692651,1.19317727130841,0.00624215074050845,0.0274581860360969,"ENSG00000198217","OR51H2P","Up","Significant"
"ENSG00000176798",0.768181283035342,1.83288138040413,1.04122526383496,0.00298195326140853,0.0155095406800839,"ENSG00000176798","OR51L1","Up","Significant"
"ENSG00000182070",1.56050848967367,2.15611589773261,0.836004065349783,0.000489686071555473,0.00370153182308873,"ENSG00000182070","OR52A1","Up","Significant"
"ENSG00000224091",0.629462478826772,1.57990477918771,1.43055655080342,0.012871775687773,0.0473822181172784,"ENSG00000224091","ENSG00000224091","Up","Significant"
"ENSG00000244734",100914.614630498,4.44399426140878,1.00009463261107,3.73831877626309e-07,9.08392486394489e-06,"ENSG00000244734","HBB","Up","Significant"
"ENSG00000223609",793.104079615027,6.17720648243637,0.828516130359366,3.90282577890175e-15,5.44915787605077e-13,"ENSG00000223609","HBD","Up","Significant"
"ENSG00000196565",5.98873709877268,5.31941770233986,0.634876282680549,1.41345902334112e-11,1.10921776143179e-09,"ENSG00000196565","HBG2","Up","Significant"
"ENSG00000184698",2.12177829747782,2.07230693153794,0.9270591412508,0.00120248870166055,0.00758550337047124,"ENSG00000184698","OR51M1","Up","Significant"
"ENSG00000175520",0.735802153731384,2.22615276892617,1.11374456725873,0.00192851342093484,0.0110371573393861,"ENSG00000175520","UBQLN3","Up","Significant"
"ENSG00000232381",0.941741993255254,1.92411277238873,0.984681825367787,0.00193245796745004,0.0110540686294441,"ENSG00000232381","OR52U1P","Up","Significant"
"ENSG00000180934",1.17570986301518,1.81443952593311,1.07440061670503,0.00266151775434497,0.0142308598101717,"ENSG00000180934","OR56A1","Up","Significant"
"ENSG00000175485",2.24302388713272,1.50760908713607,0.63322836109487,0.00125618687428136,0.00782844819979432,"ENSG00000175485","OR52W1","Up","Significant"
"ENSG00000170955",49.6009168889881,1.64895199537859,0.503542885107354,7.41562773756649e-05,0.000795678097528388,"ENSG00000170955","CAVIN3","Up","Significant"
"ENSG00000282556",1.11974078938119,1.85770499298144,1.38126229599142,0.00552085838994422,0.0249722055196819,"ENSG00000282556","LOC101927825","Up","Significant"
"ENSG00000254443",1.29325938000938,1.97701802390018,0.898807808822962,0.00109960783672284,0.00707638928379982,"ENSG00000254443","LOC124902623","Up","Significant"
"ENSG00000166341",97.3356792631758,-1.23769020515477,0.219428377026808,2.0955537911648e-09,9.5928841513854e-08,"ENSG00000166341","DCHS1","Down","Significant"
"ENSG00000279486",1.68041418512752,1.23500421576717,0.807463310120706,0.00844513654220084,0.0345649034036739,"ENSG00000279486","OR2AG1","Up","Significant"
"ENSG00000283415",1.13349464488708,2.41514577997504,0.842741134079936,0.000102239426336648,0.00104037076742021,"ENSG00000283415","ENSG00000283415","Up","Significant"
"ENSG00000170790",2.17264771925608,3.57252680817779,0.8623066287199,4.00971894957174e-07,9.63166109542648e-06,"ENSG00000170790","OR10A2","Up","Significant"
"ENSG00000178358",0.730675192552318,3.50856022856641,1.62824624739863,0.0030738956939498,0.0159004585996548,"ENSG00000178358","OR2D3","Up","Significant"
"ENSG00000149054",17.4655043651986,1.49887332108759,0.488653324142147,0.000169181462746991,0.00156995337446384,"ENSG00000149054","ZNF215","Up","Significant"
"ENSG00000183378",0.685620661218289,2.58449998949619,1.29712694391609,0.00270848892655641,0.0144061516571395,"ENSG00000183378","OVCH2","Up","Significant"
"ENSG00000279000",1.15149615813361,1.74152580830594,0.908737582912695,0.00249351944943793,0.0135253482439173,"ENSG00000279000","OR10A6","Up","Significant"
"ENSG00000170683",0.671543330213225,3.15022875610106,1.73452059795087,0.00745415023176308,0.0314903076293683,"ENSG00000170683","OR10A3","Up","Significant"
"ENSG00000246820",0.951876394830072,3.80228644889484,1.74038525626285,0.00272845580067539,0.0144893542670098,"ENSG00000246820","RIC3-DT","Up","Significant"
"ENSG00000255159",0.755878829092636,1.89219008988403,1.04257252769216,0.00311413264387056,0.0160516029477709,"ENSG00000255159","ENSG00000255159","Up","Significant"
"ENSG00000286561",1.43969064347028,1.50072582669594,0.676864639714651,0.0020239866444126,0.0114369391867148,"ENSG00000286561","ENSG00000286561","Up","Significant"
"ENSG00000254554",41.2191699952229,1.14123310035583,0.233109778779188,1.34837228814122e-07,3.7778099501107e-06,"ENSG00000254554","ENSG00000254554","Up","Significant"
"ENSG00000148926",857.042188709518,2.10112733004445,0.385393019247696,3.43793462994479e-09,1.48647421309445e-07,"ENSG00000148926","ADM","Up","Significant"
"ENSG00000133800",7.40547830057462,1.49803093133602,0.530384106326275,0.000345677767176397,0.00280264125340283,"ENSG00000133800","LYVE1","Up","Significant"
"ENSG00000110328",6.37678927657239,1.18380644065115,0.395163198390193,0.000313066476970518,0.00259096128313661,"ENSG00000110328","GALNT18","Up","Significant"
"ENSG00000254486",0.938832980159759,2.66031095622997,1.16224894056517,0.00088975786681164,0.00596775347457791,"ENSG00000254486","LINC02547","Up","Significant"
"ENSG00000254983",1.1942270728532,1.34355730526573,0.74292509303074,0.00557890837934343,0.0251809861103743,"ENSG00000254983","ENSG00000254983","Up","Significant"
"ENSG00000187079",2.00666461907413,1.20859170051513,0.77828439173625,0.00823279119390089,0.0339163322499397,"ENSG00000187079","TEAD1","Up","Significant"
"ENSG00000251381",1.61660997254655,1.59571561327421,0.846963460307907,0.00336840982513345,0.0170630453258348,"ENSG00000251381","LINC00958","Up","Significant"
"ENSG00000189431",0.530425547647843,2.89553381214714,1.58224699239203,0.00748711089592217,0.0315976824951456,"ENSG00000189431","RASSF10","Up","Significant"
"ENSG00000006071",4.06141315084529,1.83462212879517,0.484735661865954,1.13976836652571e-05,0.000167936886419775,"ENSG00000006071","ABCC8","Up","Significant"
"ENSG00000188162",3.11562804846209,1.69158304846124,0.709995077025976,0.00100054946315844,0.00656885030583391,"ENSG00000188162","OTOG","Up","Significant"
"ENSG00000256734",1.30772277254461,1.48155301795718,1.13683786874654,0.00773831585226768,0.0324210084888269,"ENSG00000256734","ENSG00000256734","Up","Significant"
"ENSG00000110786",0.853609096603873,1.13786751374875,1.37233142122966,0.0132976482272263,0.0485816500704454,"ENSG00000110786","PTPN5","Up","Significant"
"ENSG00000170255",0.54182256900452,2.87976158149998,1.63743193860674,0.00900098854525771,0.0363259213733639,"ENSG00000170255","MRGPRX1","Up","Significant"
"ENSG00000129170",0.624377658453838,1.84047844777093,1.18057138315752,0.00601526255525584,0.026715100459121,"ENSG00000129170","CSRP3","Up","Significant"
"ENSG00000129173",24.5603567557189,2.6719829112862,0.359439765684023,6.85978360083362e-15,9.19457954721335e-13,"ENSG00000129173","E2F8","Up","Significant"
"ENSG00000165970",0.988935679982836,3.4525568121005,1.13170820825031,3.31937829489067e-05,0.000411045998830346,"ENSG00000165970","SLC6A5","Up","Significant"
"ENSG00000165973",1.21962436004373,1.3790681457397,0.858975996524391,0.00666084449722662,0.0288705520964386,"ENSG00000165973","NELL1","Up","Significant"
"ENSG00000187398",1.67319804226974,1.15912959011991,0.947805157211847,0.0125204900266678,0.0464076645361265,"ENSG00000187398","LUZP2","Up","Significant"
"ENSG00000148942",1.28919703241722,2.66349597509344,0.847692036094162,3.65073262001523e-05,0.000442912380029291,"ENSG00000148942","SLC5A12","Up","Significant"
"ENSG00000254862",0.756036421234185,1.21192272432681,0.893054550408039,0.00964802034920767,0.0383096947365327,"ENSG00000254862","LGR4-AS1","Up","Significant"
"ENSG00000255117",0.659220080738868,1.28613865672109,1.21914140125229,0.0128690440849618,0.0473773674184778,"ENSG00000255117","LINC02546","Up","Significant"
"ENSG00000007372",3.15115572200403,1.62934581285373,0.559365091709512,0.000263806945415148,0.00226230408091428,"ENSG00000007372","PAX6","Up","Significant"
"ENSG00000281880",1.54835640713778,2.72257815764099,0.785517780382584,1.32330157501209e-05,0.00019096689266615,"ENSG00000281880","PAX6-AS1","Up","Significant"
"ENSG00000184937",3.34825316417085,1.80116733520377,0.642517911826972,0.000307497180253413,0.00255300371979971,"ENSG00000184937","WT1","Up","Significant"
"ENSG00000110427",2.75288309872291,1.55992779929997,0.575005843332474,0.000489077889804596,0.00369943815112013,"ENSG00000110427","KIAA1549L","Up","Significant"
"ENSG00000184566",1.02156119718981,1.18681025479827,0.863178451694399,0.0102114876780693,0.0399386832079604,"ENSG00000184566","ENSG00000184566","Up","Significant"
"ENSG00000110436",14.4933000851979,1.10602777924229,0.286307115822232,1.51517574080044e-05,0.000213238235608913,"ENSG00000110436","SLC1A2","Up","Significant"
"ENSG00000149090",1.12174477686112,1.54246405102387,0.97113004750648,0.00431292545009761,0.0205829790458849,"ENSG00000149090","PAMR1","Up","Significant"
"ENSG00000148948",1.20982885937688,2.8243455857701,0.961514784894268,7.7323473668036e-05,0.000823072515610616,"ENSG00000148948","LRRC4C","Up","Significant"
"ENSG00000205126",5.74580512189355,2.69296667162885,0.663316287919006,2.74545029605567e-06,4.96745647789036e-05,"ENSG00000205126","ACCSL","Up","Significant"
"ENSG00000052850",1.13286711400716,3.10423084363225,1.05618035247383,7.47848580722871e-05,0.000800883927498967,"ENSG00000052850","ALX4","Up","Significant"
"ENSG00000019505",0.923476575382421,1.1569492668211,0.927758840828519,0.0112586511426695,0.0429370443260723,"ENSG00000019505","SYT13","Up","Significant"
"ENSG00000254746",0.913999367405645,1.98160364521458,1.25421600999077,0.0043007246058888,0.0205464757369158,"ENSG00000254746","LOC105376654","Up","Significant"
"ENSG00000254519",1.13541538297221,1.69870058922171,0.928698459266382,0.00303800445030907,0.0157537126470762,"ENSG00000254519","LOC100507384","Up","Significant"
"ENSG00000255314",1.24962187464258,1.53717968734094,0.75897828616623,0.00288391221335293,0.0151260834106023,"ENSG00000255314","LOC101928894","Up","Significant"
"ENSG00000254639",13.5173033249348,1.11904302532256,0.25696038565801,1.85195295792988e-06,3.55628032477205e-05,"ENSG00000254639","ENSG00000254639","Up","Significant"
"ENSG00000157613",5.02240195981268,2.76601400396645,0.614061442302711,3.86535169842085e-07,9.32858583360027e-06,"ENSG00000157613","CREB3L1","Up","Significant"
"ENSG00000110492",19.7891917058905,1.5121722001266,0.221868297811738,9.15271429544214e-13,8.81316963580376e-11,"ENSG00000110492","MDK","Up","Significant"
"ENSG00000180210",1.10253923268552,1.3315559971871,0.945438079737625,0.00872217041625123,0.0354268131488682,"ENSG00000180210","F2","Up","Significant"
"ENSG00000134569",3.12583683765711,1.85323094200062,0.724659888536678,0.000583299269083354,0.00425869796404383,"ENSG00000134569","LRP4","Up","Significant"
"ENSG00000271350",1.31394588161006,1.65778674618794,0.747070948004033,0.00175362514151632,0.0102124130808256,"ENSG00000271350","ENSG00000271350","Up","Significant"
"ENSG00000286983",0.908010124879968,2.61799773660162,1.14460330077823,0.000885821336699497,0.00595207282363414,"ENSG00000286983","ENSG00000286983","Up","Significant"
"ENSG00000255493",0.638027154721577,2.25702031809404,1.4511969357309,0.00749024443248344,0.0316069261664888,"ENSG00000255493","ENSG00000255493","Up","Significant"
"ENSG00000181903",0.991124950650828,1.76259732037276,0.942374349546101,0.00258221017609002,0.0139021980704692,"ENSG00000181903","OR4C6","Up","Significant"
"ENSG00000181785",0.979158014661109,1.35395462117281,1.26081921609663,0.0106545535629864,0.041202935411669,"ENSG00000181785","OR5AS1","Up","Significant"
"ENSG00000255134",0.778885801008772,1.53379080206317,1.3531957924167,0.00962643704751943,0.0382557256908596,"ENSG00000255134","OR8K2P","Up","Significant"
"ENSG00000254834",1.06849752696636,1.66553874929844,1.43591383212047,0.00683448168009401,0.0294403710783224,"ENSG00000254834","OR5M10","Up","Significant"
"ENSG00000183908",0.701381664914796,2.63715279078306,1.265212766545,0.00195494099702396,0.0111427313946719,"ENSG00000183908","LRRC55","Up","Significant"
"ENSG00000109991",1.08590928578082,1.63839815464301,0.882144620890693,0.0028739296893817,0.015101538334874,"ENSG00000109991","P2RX3","Up","Significant"
"ENSG00000149131",599.1929909145,1.52590456875417,0.438899337703835,4.1646084461849e-05,0.000492767882850317,"ENSG00000149131","SERPING1","Up","Significant"
"ENSG00000255303",1.3670352753399,2.29870790879974,0.9631375711407,0.000531837520909076,0.00396205946823972,"ENSG00000255303","OR5BA1P","Up","Significant"
"ENSG00000166840",4.99201303332736,1.06782478585529,0.422516791227913,0.00141279368680745,0.0085934477493612,"ENSG00000166840","GLYATL1","Up","Significant"
"ENSG00000254877",2.87257967853558,1.8716116235615,0.470260555873897,6.02400205520449e-06,9.7421952156297e-05,"ENSG00000254877","LOC100422398","Up","Significant"
"ENSG00000189057",76.1275931785243,1.65131874992474,0.24461367477174,1.33099695023133e-12,1.24582058115368e-10,"ENSG00000189057","FAM111B","Up","Significant"
"ENSG00000172324",1.40760971543619,2.29660908438682,0.777590372059625,0.000137362046620611,0.00132647401158791,"ENSG00000172324","OR5A2","Up","Significant"
"ENSG00000172742",1.82344606865503,1.55809509692795,0.810836464220175,0.00316683656882426,0.0162557485577102,"ENSG00000172742","OR4D9","Up","Significant"
"ENSG00000134812",0.851423972581684,1.73206779654796,1.40557390539907,0.00830959116197995,0.0341559157195885,"ENSG00000134812","CBLIF","Up","Significant"
"ENSG00000134827",1.40694727149818,1.17740584571555,0.661752466198589,0.00682599236423713,0.0294075826861946,"ENSG00000134827","TCN1","Up","Significant"
"ENSG00000149516",3.43001939342907,1.9697895066836,0.540154161076328,1.84708253569362e-05,0.000251294716559308,"ENSG00000149516","MS4A3","Up","Significant"
"ENSG00000110079",684.747276159618,1.65319786283728,0.305398142021896,5.23138879740991e-09,2.14301475809791e-07,"ENSG00000110079","MS4A4A","Up","Significant"
"ENSG00000167992",6.5043122030851,1.88431868711152,0.477996728514978,5.79392299685563e-06,9.42468765541919e-05,"ENSG00000167992","VWCE","Up","Significant"
"ENSG00000011347",1.56451459466392,1.26629609349945,0.64100657936524,0.00418295774241731,0.0201013525011705,"ENSG00000011347","SYT7","Up","Significant"
"ENSG00000243742",1.96324506587791,1.02028499706419,0.523482451833767,0.00627830939952047,0.0275582747797395,"ENSG00000243742","ENSG00000243742","Up","Significant"
"ENSG00000168496",511.291744579594,1.10249371258496,0.144972081539571,4.55432104642055e-15,6.30622908861597e-13,"ENSG00000168496","FEN1","Up","Significant"
"ENSG00000167994",11.5836969121925,2.72723020929951,0.490085772336154,1.49652154223302e-09,7.08290118060542e-08,"ENSG00000167994","RAB3IL1","Up","Significant"
"ENSG00000197901",0.970289523840877,3.32501322208659,1.20571562113139,0.000162030859814958,0.00151788987462662,"ENSG00000197901","SLC22A6","Up","Significant"
"ENSG00000149452",1.63220573298846,1.61082987418523,0.881269133033264,0.00368266836048588,0.0182038178021717,"ENSG00000149452","SLC22A8","Up","Significant"
"ENSG00000184999",1.1720674406282,1.74210575747394,0.943404708347598,0.00279660452486692,0.0147856454755073,"ENSG00000184999","SLC22A10","Up","Significant"
"ENSG00000149742",1.34218428234016,1.78568957068849,0.926729861980209,0.00267325200396981,0.0142776540326784,"ENSG00000149742","SLC22A9","Up","Significant"
"ENSG00000133328",25.1504733668602,1.09030775983355,0.441429116264754,0.00155512466068405,0.00926906301224862,"ENSG00000133328","PLAAT2","Up","Significant"
"ENSG00000146670",106.133742791468,2.75419695517974,0.246181052548969,3.11749805284932e-30,2.42940098262623e-27,"ENSG00000146670","CDCA5","Up","Significant"
"ENSG00000204710",13.0278520345933,2.14148606971766,0.8568654622546,0.000531296976904682,0.00395891269715343,"ENSG00000204710","SPDYC","Up","Significant"
"ENSG00000255200",9.69125510633504,1.0381775607234,0.426893710880136,0.00188469978760711,0.0108345179589856,"ENSG00000255200","ENSG00000255200","Up","Significant"
"ENSG00000254614",95.9099312969437,1.73295077275321,0.313253939942973,2.5277174683031e-09,1.13540596039368e-07,"ENSG00000254614","CAPN1-AS1","Up","Significant"
"ENSG00000174807",98.9561133128164,-1.02583639692496,0.384989379996373,0.00102999557223827,0.00672185305878004,"ENSG00000174807","CD248","Down","Significant"
"ENSG00000173227",2.50939555844922,1.85136471176092,0.619574595641323,0.000187265100731758,0.00170379208808593,"ENSG00000173227","SYT12","Up","Significant"
"ENSG00000255236",2.23600915112248,1.19222600378012,0.524217084480522,0.00233590081820536,0.0128464960638837,"ENSG00000255236","ENSG00000255236","Up","Significant"
"ENSG00000286369",8.35006457344157,1.18512845478429,0.350510371498035,8.49043571490742e-05,0.0008904726459181,"ENSG00000286369","LOC105369363","Up","Significant"
"ENSG00000069482",0.654834815046297,2.15521727152676,1.64185205403191,0.0119074356917762,0.0447807792419733,"ENSG00000069482","GAL","Up","Significant"
"ENSG00000256508",0.729371690641347,5.43978815555668,2.51932895692132,0.000962320053284827,0.0063665118786814,"ENSG00000256508","MRGPRF-AS1","Up","Significant"
"ENSG00000260895",0.472041445897607,4.57366298144059,2.4021823936043,0.00446684688911669,0.0211422469424894,"ENSG00000260895","ENSG00000260895","Up","Significant"
"ENSG00000259854",0.651138654089384,3.04048799728059,1.80191203460013,0.0104652030834122,0.0407055705307093,"ENSG00000259854","ENSG00000259854","Up","Significant"
"ENSG00000285094",1.21250585677703,2.76178193718888,1.02151074968136,0.000187545490192304,0.00170587997580182,"ENSG00000285094","LINC01488","Up","Significant"
"ENSG00000085733",235.869241507846,1.72064363386945,0.312500513304431,2.96201376271473e-09,1.30254749573239e-07,"ENSG00000085733","CTTN","Up","Significant"
"ENSG00000162105",4.30912538248672,1.84088803468427,0.481990175569212,1.00524731516806e-05,0.000151150954570501,"ENSG00000162105","SHANK2","Up","Significant"
"ENSG00000255562",3.00030972044876,1.53629371150462,0.570578995287338,0.00054547605812333,0.00404746617175701,"ENSG00000255562","ENSG00000255562","Up","Significant"
"ENSG00000110203",668.029011934684,1.23227886791465,0.495205375950443,0.00119875187792954,0.00756762936652994,"ENSG00000110203","FOLR3","Up","Significant"
"ENSG00000186642",57.2328650357601,2.01385945127428,0.324574458816984,3.91715859105566e-11,2.79276738782307e-09,"ENSG00000186642","PDE2A","Up","Significant"
"ENSG00000255808",0.776511501093596,1.86766037508518,1.05901023464951,0.00320013824626591,0.0163940425766892,"ENSG00000255808","ENSG00000255808","Up","Significant"
"ENSG00000270323",0.493911235885641,1.87485990634691,1.40210455778906,0.0134840982092373,0.0490808871272358,"ENSG00000270323","LOC100419713","Up","Significant"
"ENSG00000054938",0.751499951915205,1.73189432203563,1.08446629443543,0.00440605962135972,0.020940021955235,"ENSG00000054938","CHRDL2","Up","Significant"
"ENSG00000279353",1.43764108302014,2.22568328538186,0.835403935174033,0.000289022233310153,0.00243521398440782,"ENSG00000279353","ENSG00000279353","Up","Significant"
"ENSG00000284722",0.807741121655751,1.2618734758519,1.1838406863924,0.0105414603212117,0.0409261723906249,"ENSG00000284722","ENSG00000284722","Up","Significant"
"ENSG00000171561",2.01313295798138,1.72632215799937,0.833606280987738,0.00207083043239072,0.0116331025916145,"ENSG00000171561","OR2AT4","Up","Significant"
"ENSG00000137491",11.670152167037,2.17744477587909,0.458577808721793,1.28514365635319e-07,3.61881334291925e-06,"ENSG00000137491","SLCO2B1","Up","Significant"
"ENSG00000255136",1.1948501089004,1.3434150106711,0.857165218742178,0.00727396717779649,0.0308848664674078,"ENSG00000255136","ENSG00000255136","Up","Significant"
"ENSG00000166391",0.758934077191811,2.30448531020928,1.06343365427854,0.0010832154470816,0.00699373148675478,"ENSG00000166391","MOGAT2","Up","Significant"
"ENSG00000085741",31.4015180942517,2.07631018774533,0.392649231258558,8.27529100250435e-09,3.25465641083237e-07,"ENSG00000085741","WNT11","Up","Significant"
"ENSG00000254933",1.73844274625897,3.47186271984649,0.966633190141514,4.90424801372474e-06,8.15160945892373e-05,"ENSG00000254933","ENSG00000254933","Up","Significant"
"ENSG00000254810",10.9231999111485,1.84029509668718,0.428694985981056,1.24390967062973e-06,2.51856006967564e-05,"ENSG00000254810","ENSG00000254810","Up","Significant"
"ENSG00000236304",162.961523802474,1.61729404307322,0.353806179628284,4.05048928600321e-07,9.70871569990569e-06,"ENSG00000236304","LRRC32-AS1","Up","Significant"
"ENSG00000204529",1.47097051940535,2.29476645167389,0.831078316474555,0.000225707802087021,0.00198406157925865,"ENSG00000204529","ENSG00000204529","Up","Significant"
"ENSG00000151364",5.32465583620445,2.23177106384806,0.60792819680919,1.46009668529716e-05,0.000206440421213597,"ENSG00000151364","KCTD14","Up","Significant"
"ENSG00000151365",1.12983764460244,1.33036748892059,0.789473994478034,0.00670868827230345,0.0290291109654721,"ENSG00000151365","THRSP","Up","Significant"
"ENSG00000245832",1.04597212089525,2.36276184023805,1.15983908980943,0.00156821699143979,0.00933215826072738,"ENSG00000245832","MIR4300HG","Up","Significant"
"ENSG00000254441",5.94224535974154,-1.33897873991772,0.506424860370309,0.000713160349398103,0.00501373909423458,"ENSG00000254441","ENSG00000254441","Down","Significant"
"ENSG00000249489",1.76107024660593,1.10793352243899,0.716855085886314,0.00994354298015644,0.0391905647755895,"ENSG00000249489","ENSG00000249489","Up","Significant"
"ENSG00000086991",1.36972005055543,3.11795814220631,0.933219000502491,1.55668651610232e-05,0.00021803095621221,"ENSG00000086991","NOX4","Up","Significant"
"ENSG00000165323",4.18716970354092,1.66511831185147,0.51835292555619,9.5386144463159e-05,0.000982870330509224,"ENSG00000165323","FAT3","Up","Significant"
"ENSG00000214376",0.867323358051113,1.88149525535126,1.23485155098872,0.00463167561787247,0.0217417145863957,"ENSG00000214376","VSTM5","Up","Significant"
"ENSG00000149972",1.02871791878578,3.32818009370208,1.27064993592677,0.000300394909208429,0.00250770628118218,"ENSG00000149972","CNTN5","Up","Significant"
"ENSG00000248027",1.19571720094308,1.5847571564893,0.711887340612898,0.0020662052451189,0.0116188071083553,"ENSG00000248027","ARHGAP42-AS1","Up","Significant"
"ENSG00000082175",2.15958660862666,1.32901140470698,0.640650382689596,0.00299564461044267,0.0155726117361656,"ENSG00000082175","PGR","Up","Significant"
"ENSG00000187151",2.64460194942157,-1.11635496807357,0.475298443234884,0.00233840713238682,0.0128539508856873,"ENSG00000187151","ANGPTL5","Down","Significant"
"ENSG00000118113",7.91704059119906,4.09782700863985,0.72554863486241,8.87895332435181e-10,4.52165420890129e-08,"ENSG00000118113","MMP8","Up","Significant"
"ENSG00000196611",4.04723146217388,2.57386422251486,0.750913136096692,3.25232302829935e-05,0.000403936591383554,"ENSG00000196611","MMP1","Up","Significant"
"ENSG00000256422",2.97215894743745,1.84999196886454,0.605527233658248,0.000154699477454544,0.00146146737807283,"ENSG00000256422","LINC02552","Up","Significant"
"ENSG00000152578",1.81299743704454,1.62056571847959,0.72576699577069,0.00164484158724223,0.00968684458027117,"ENSG00000152578","GRIA4","Up","Significant"
"ENSG00000152402",2.09688027080691,2.19953499397467,0.625732099483456,3.42654933610227e-05,0.0004215133689554,"ENSG00000152402","GUCY1A2","Up","Significant"
"ENSG00000110675",1.10903379969988,1.89493955637078,0.969805935430358,0.00183817219514919,0.0106016027688906,"ENSG00000110675","ELMOD1","Up","Significant"
"ENSG00000185742",1.36885384342598,2.39217988581774,0.914281659340732,0.000291232259466397,0.00244768040693742,"ENSG00000185742","C11orf87","Up","Significant"
"ENSG00000287245",1.10524187660146,1.15128699232644,0.730831901751239,0.0101583546576153,0.039779865165599,"ENSG00000287245","ENSG00000287245","Up","Significant"
"ENSG00000196167",3.60123902444035,1.61489175232075,0.589923751231959,0.000442932533872349,0.00340887144637771,"ENSG00000196167","COLCA1","Up","Significant"
"ENSG00000214290",3.44067302466767,1.98259109054479,0.733450348334753,0.00037491224803465,0.00297982317822417,"ENSG00000214290","POU2AF3","Up","Significant"
"ENSG00000110777",368.749073353586,1.11860511308273,0.230573156793842,1.69451742259798e-07,4.59769913472353e-06,"ENSG00000110777","POU2AF1","Up","Significant"
"ENSG00000255428",1.30922379047192,3.57086378191793,0.90939089154772,2.1562079736291e-07,5.6359105295115e-06,"ENSG00000255428","LOC100132078","Up","Significant"
"ENSG00000255093",1.05166672615278,1.63329916634345,0.864642643364279,0.00277800548932465,0.0147012296180953,"ENSG00000255093","ENSG00000255093","Up","Significant"
"ENSG00000254990",1.46076088618805,2.36511351503887,0.753325607776025,6.86775315240853e-05,0.000745003368028675,"ENSG00000254990","ENSG00000254990","Up","Significant"
"ENSG00000285769",0.959959759295468,2.28016021287053,1.07093408223141,0.00122351191356229,0.00768052842104887,"ENSG00000285769","ENSG00000285769","Up","Significant"
"ENSG00000166741",1.94132129490765,1.22197464239808,0.840212673808416,0.00914321774608481,0.0367545809349693,"ENSG00000166741","NNMT","Up","Significant"
"ENSG00000260254",1.25792042215682,2.36659389373691,1.1401838270182,0.00142613788747681,0.00865419313137637,"ENSG00000260254","ENSG00000260254","Up","Significant"
"ENSG00000236437",0.607585156551756,2.88188200062268,1.83034699254223,0.0133510645997698,0.0486940699805102,"ENSG00000236437","ENSG00000236437","Up","Significant"
"ENSG00000118137",5.15753726848084,1.19286565461485,0.324100303682521,2.96604954122681e-05,0.000373784708826511,"ENSG00000118137","APOA1","Up","Significant"
"ENSG00000254851",0.860552918409007,-1.66036553151822,0.514542525646441,0.00680142277512432,0.0293356771491364,"ENSG00000254851","ENSG00000254851","Down","Significant"
"ENSG00000137648",3.04131578028934,1.03174966704074,0.647569151706945,0.0103290536378087,0.0403023123369039,"ENSG00000137648","TMPRSS4","Up","Significant"
"ENSG00000172350",1.66317161180276,2.60167379580432,0.731306014154338,1.26352029658317e-05,0.000183844123396463,"ENSG00000172350","ABCG4","Up","Significant"
"ENSG00000230716",0.539282562618328,2.79663873194158,1.69754270815226,0.0115438715279039,0.0437335885843449,"ENSG00000230716","KRT8P7","Up","Significant"
"ENSG00000254561",1.48569861893833,1.12141500407598,0.736496050296701,0.0101518613754248,0.0397715338798679,"ENSG00000254561","ENSG00000254561","Up","Significant"
"ENSG00000254854",1.04682191278093,1.22236058944095,0.885724347300525,0.00963657463050625,0.0382840605150155,"ENSG00000254854","ENSG00000254854","Up","Significant"
"ENSG00000137699",1.64714618026336,3.06628651593418,0.892148274303907,1.16416799357305e-05,0.0001707338560998,"ENSG00000137699","TRIM29","Up","Significant"
"ENSG00000259541",0.718603929176996,1.52649197325889,1.20294991713392,0.00874472131627873,0.0354968948015971,"ENSG00000259541","POU2F3-AS1","Up","Significant"
"ENSG00000196914",371.058079097313,1.15152683438976,0.245099478884788,3.65926871178047e-07,8.91913927271218e-06,"ENSG00000196914","ARHGEF12","Up","Significant"
"ENSG00000250493",1.17252296111889,1.71037950501548,0.944238039662038,0.00283013129747042,0.0149275727446775,"ENSG00000250493","LOC101929227","Up","Significant"
"ENSG00000255248",3.92485849673112,1.44511102150547,0.514273227985637,0.000412330292008944,0.00321949460838697,"ENSG00000255248","MIR100HG","Up","Significant"
"ENSG00000197309",0.627521544422712,3.15459554227416,1.60350456418186,0.00467796500137806,0.0219066135652497,"ENSG00000197309","OR10D3","Up","Significant"
"ENSG00000196341",1.05652058193961,1.62019892751028,0.853383655274563,0.0026538203856389,0.01419876533648,"ENSG00000196341","OR8D1","Up","Significant"
"ENSG00000229386",1.34798608684952,1.46653962274699,0.779920762507706,0.00401442277167346,0.0194634209095637,"ENSG00000229386","ENSG00000229386","Up","Significant"
"ENSG00000196119",1.2074990346049,1.50031579581449,0.777128391229157,0.00376423498627758,0.018522136586663,"ENSG00000196119","OR8A1","Up","Significant"
"ENSG00000110013",164.506912030474,1.11967386671779,0.218280124477538,4.32219092024416e-08,1.39934585069045e-06,"ENSG00000110013","SIAE","Up","Significant"
"ENSG00000154146",2033.9997116749,1.74202908223816,0.292236336208854,2.230284963537e-10,1.32039962620426e-08,"ENSG00000154146","NRGN","Up","Significant"
"ENSG00000019102",85.750660915028,1.05567201586443,0.276840379449837,2.00010517411195e-05,0.000268408186941599,"ENSG00000019102","VSIG2","Up","Significant"
"ENSG00000149564",590.233911532225,1.89473102891152,0.331047327855924,7.96114471800151e-10,4.11682096227643e-08,"ENSG00000149564","ESAM","Up","Significant"
"ENSG00000154133",4.68645314864531,1.46267656630535,0.617811531506265,0.00120393946691841,0.00759036831551626,"ENSG00000154133","ROBO4","Up","Significant"
"ENSG00000255537",1.45650916244747,1.72837261211901,0.722136253427899,0.00119163516707224,0.00753547892308429,"ENSG00000255537","LOC403312","Up","Significant"
"ENSG00000149554",74.9759472817941,1.59027534155106,0.208814234272487,2.52590224989004e-15,3.64829562463643e-13,"ENSG00000149554","CHEK1","Up","Significant"
"ENSG00000196844",0.731417001276548,1.30062977655295,1.02827407423874,0.00946024011158375,0.037739885093581,"ENSG00000196844","PATE2","Up","Significant"
"ENSG00000109832",2.49225880854951,1.53286598975474,0.572137013755915,0.000552786031532385,0.00408722575697677,"ENSG00000109832","DDX25","Up","Significant"
"ENSG00000287666",0.918085541461482,4.17197843782569,1.37421988879778,1.91867716856051e-05,0.000259455017115795,"ENSG00000287666","LOC105369591","Up","Significant"
"ENSG00000255087",2.14328770016387,1.79979871245762,0.71753564735823,0.000727858181348144,0.00509700375877798,"ENSG00000255087","LOC101929473","Up","Significant"
"ENSG00000120457",2.05138366256902,1.34902928205938,0.671796965254862,0.00325192974060822,0.0165876285926543,"ENSG00000120457","KCNJ5","Up","Significant"
"ENSG00000043039",1.47084616577981,1.68294647344111,0.77252692050936,0.00190323003887322,0.0109166955447796,"ENSG00000043039","BARX2","Up","Significant"
"ENSG00000166106",1.40314504116059,2.12296628741275,0.90619354947615,0.000737540251392858,0.005152019237841,"ENSG00000166106","ADAMTS15","Up","Significant"
"ENSG00000237654",1.34741339180399,2.62052787563482,0.960827208473992,0.000182007248237894,0.00166636089650371,"ENSG00000237654","NTM-AS2","Up","Significant"
"ENSG00000285980",1.55027720871234,3.06902497792196,0.78887175433204,1.14266237633085e-06,2.34186382681777e-05,"ENSG00000285980","ENSG00000285980","Up","Significant"
"ENSG00000183715",0.975717289295954,1.95056343705613,0.995356998017553,0.00173980573752678,0.0101513408425535,"ENSG00000183715","OPCML","Up","Significant"
"ENSG00000166086",194.130117627837,1.24806442957426,0.317105514926372,9.77803454295586e-06,0.000147857472698514,"ENSG00000166086","JAM3","Up","Significant"
"ENSG00000180525",2.01079458187343,1.76450319071182,0.792982693951825,0.00146874940680542,0.00886050105253886,"ENSG00000180525","DIP2C-AS1","Up","Significant"
"ENSG00000235281",0.789383978103251,3.61234235003392,1.56778947672835,0.00148492658824333,0.00894291967028142,"ENSG00000235281","LOC105376350","Up","Significant"
"ENSG00000226762",1.82413584527459,2.10171994763383,0.635202969084925,7.65111822582188e-05,0.000816241071725773,"ENSG00000226762","LOC124902537","Up","Significant"
"ENSG00000227101",2.19310226792963,1.52536871339824,0.600785087661709,0.00087063607264695,0.00586650797472887,"ENSG00000227101","LOC107984195","Up","Significant"
"ENSG00000233117",2.07874794177219,1.76401058763509,0.701610595721117,0.000746072885132705,0.00519645734938928,"ENSG00000233117","ENSG00000233117","Up","Significant"
"ENSG00000224382",0.699656971482595,2.6216268540144,1.31544157229608,0.00287912602490852,0.0151176676840382,"ENSG00000224382","LINC00703","Up","Significant"
"ENSG00000232807",28.2654248951939,1.11504945984789,0.249688291515015,1.13721693486958e-06,2.33355800799418e-05,"ENSG00000232807","ENSG00000232807","Up","Significant"
"ENSG00000232591",2.46106168075758,1.40682029323916,0.570393409498748,0.00115721337844602,0.00736506421621038,"ENSG00000232591","LINC02642","Up","Significant"
"ENSG00000123243",3.18086607237384,2.03892599310875,0.645657373943856,0.000100957557079812,0.00102888892341467,"ENSG00000123243","ITIH5","Up","Significant"
"ENSG00000270111",1.12621127598107,1.96626656690913,0.960436040514278,0.00157575779601868,0.00936372902762724,"ENSG00000270111","ENSG00000270111","Up","Significant"
"ENSG00000287309",1.3327309903133,1.69596030418036,0.746850679548595,0.00155130527307201,0.00924958868245017,"ENSG00000287309","ENSG00000287309","Up","Significant"
"ENSG00000229240",2.47213841381969,1.76893866602393,0.686700657472927,0.000620365075394249,0.00446865644869212,"ENSG00000229240","LINC00710","Up","Significant"
"ENSG00000225778",3.55772228371032,1.29538037571088,0.424693080174708,0.000234584270181666,0.00205044081306078,"ENSG00000225778","PROSER2-AS1","Up","Significant"
"ENSG00000151468",7.50090000971273,1.54803757306056,0.728989017841256,0.00194512544979912,0.0111004819349142,"ENSG00000151468","CCDC3","Up","Significant"
"ENSG00000065328",95.8016391594958,3.38649984274374,0.293505979630774,5.64733385497478e-32,5.91364094207343e-29,"ENSG00000065328","MCM10","Up","Significant"
"ENSG00000165626",7.3800846655347,1.77063451588053,0.433925585159011,3.36943369863963e-06,5.92373314835863e-05,"ENSG00000165626","BEND7","Up","Significant"
"ENSG00000152463",1.75109168633182,3.12297461497642,0.924175914387368,1.4716087132591e-05,0.000207805041603873,"ENSG00000152463","OLAH","Up","Significant"
"ENSG00000077943",4.84171908971266,2.74005016967972,0.554434219495081,5.89100859230711e-08,1.83288585812088e-06,"ENSG00000077943","ITGA8","Up","Significant"
"ENSG00000235020",1.12009562275892,2.34807583462895,1.20771538725098,0.00156022560102552,0.0092945066070692,"ENSG00000235020","ENSG00000235020","Up","Significant"
"ENSG00000165997",841.802737114152,-1.79575419648536,0.490071825744976,1.61673250476044e-05,0.000224606507056458,"ENSG00000165997","ARL5B","Down","Significant"
"ENSG00000204740",5.89139086558708,1.18933382714152,0.450380863832353,0.000848977076205526,0.00575295709738543,"ENSG00000204740","MALRD1","Up","Significant"
"ENSG00000233968",26.5352585300776,1.77133634661122,0.382887220251018,2.77804128686437e-07,7.02031564717481e-06,"ENSG00000233968","MALRD1-AS1","Up","Significant"
"ENSG00000228339",1.02048785533165,2.2310140756629,0.897930593278954,0.000457777734314942,0.00350220869843821,"ENSG00000228339","AMD1P1","Up","Significant"
"ENSG00000228753",0.796962380842338,2.31818628259629,1.16524968034362,0.0019611547610364,0.0111591670720952,"ENSG00000228753","EIF4BP2","Up","Significant"
"ENSG00000077327",8.77259990854981,1.26109211222435,0.374418210655431,8.0304553455061e-05,0.000850200616584849,"ENSG00000077327","SPAG6","Up","Significant"
"ENSG00000285254",1.39513139713622,3.14966582631484,0.90006381834525,5.88655766955585e-06,9.55218697090301e-05,"ENSG00000285254","LOC124902392","Up","Significant"
"ENSG00000165309",11.1889105305416,1.06279569877103,0.371049485631854,0.0005588884228247,0.0041246317896829,"ENSG00000165309","ARMC3","Up","Significant"
"ENSG00000286951",0.653772706483394,1.92345175474659,1.17176009781234,0.00500053745666918,0.0230771256900602,"ENSG00000286951","ENSG00000286951","Up","Significant"
"ENSG00000099256",18.9013690268432,1.26061290291428,0.351607107507694,3.61575426606892e-05,0.000439623765245659,"ENSG00000099256","PRTFDC1","Up","Significant"
"ENSG00000280809",2.16573677635399,1.58451272146751,0.641747841849266,0.000987357644638871,0.00650262722370361,"ENSG00000280809","LINC00836","Up","Significant"
"ENSG00000136750",0.609214737143598,4.80267157345351,2.67846958958177,0.0123044404994796,0.045939776790759,"ENSG00000136750","GAD2","Up","Significant"
"ENSG00000232624",1.97998483086031,1.69162663820564,0.687934732733222,0.000915239346282962,0.00610566499195616,"ENSG00000232624","C10orf126","Up","Significant"
"ENSG00000235824",1.27625137820745,3.36077274831427,1.03060532857761,1.78025601051086e-05,0.00024418583158497,"ENSG00000235824","LINC00837","Up","Significant"
"ENSG00000165757",2.41510677564783,2.87108207438299,0.709609092392359,3.72830047276733e-06,6.469788738579e-05,"ENSG00000165757","JCAD","Up","Significant"
"ENSG00000217094",1.90854302339479,1.2319512080338,0.482305411066821,0.00120870561364712,0.00760896419457097,"ENSG00000217094","ENSG00000217094","Up","Significant"
"ENSG00000148498",99.9359615915507,1.61550930660904,0.321542347798343,4.24630143536435e-08,1.38144965822936e-06,"ENSG00000148498","PARD3","Up","Significant"
"ENSG00000232109",1.02567907848047,1.8527043611187,0.876522963781368,0.00130885239616185,0.0080788795751205,"ENSG00000232109","VN1R54P","Up","Significant"
"ENSG00000259869",7.98359310782646,1.60760456605857,0.337102946922563,1.62023068531114e-07,4.4211978855123e-06,"ENSG00000259869","ENSG00000259869","Up","Significant"
"ENSG00000285712",0.882073217621886,1.88394045633738,0.990897964407471,0.00259429482224771,0.0139493301024869,"ENSG00000285712","ENSG00000285712","Up","Significant"
"ENSG00000196793",21.5153123789719,-1.08011403540641,0.214307938029921,7.77538370491183e-08,2.34303356625801e-06,"ENSG00000196793","ZNF239","Down","Significant"
"ENSG00000287852",0.727527935586269,1.97839906495962,1.32756987284849,0.00637020552807864,0.0278631010364688,"ENSG00000287852","ENSG00000287852","Up","Significant"
"ENSG00000187783",1.89760043587984,1.80136354421227,0.678271524729557,0.00054897155636244,0.00406626117878217,"ENSG00000187783","TMEM72","Up","Significant"
"ENSG00000165507",22.832440265402,3.68750232288392,0.454132236949591,1.64922536597464e-08,5.98742067047065e-07,"ENSG00000165507","DEPP1","Up","Significant"
"ENSG00000243349",0.712597814527554,1.77304004545971,1.41339782866677,0.00859580815600332,0.0349984125758828,"ENSG00000243349","ENSG00000243349","Up","Significant"
"ENSG00000285662",1.05285274969802,2.44398109911286,1.03911385616922,0.000548979843409547,0.00406626117878217,"ENSG00000285662","CTSLP2","Up","Significant"
"ENSG00000263761",1.05098446957884,1.63716631082742,1.08720370269596,0.00459078413787635,0.0216057002354071,"ENSG00000263761","GDF2","Up","Significant"
"ENSG00000265203",1.24071824706977,1.60497821206331,0.95757136885768,0.00472615477591696,0.0220876876410323,"ENSG00000265203","RBP3","Up","Significant"
"ENSG00000265763",1.00600434246001,1.68193426280008,1.02706294755107,0.00407597652966518,0.0197031012020414,"ENSG00000265763","ZNF488","Up","Significant"
"ENSG00000265190",3.34043687888329,1.90103090759355,0.665379205136842,0.000257779840393875,0.00222055132950086,"ENSG00000265190","ANXA8","Up","Significant"
"ENSG00000170324",2.18628307972118,2.8051061925923,0.799035394072177,2.05534385812277e-05,0.000274566429610702,"ENSG00000170324","FRMPD2","Up","Significant"
"ENSG00000172538",1.0436982906046,1.82314769641412,0.917516736385181,0.00172895583562594,0.0101003453793566,"ENSG00000172538","FAM170B","Up","Significant"
"ENSG00000177354",1.17708113150856,3.0605981728179,1.13841732581657,0.000208788247577335,0.00186319184768813,"ENSG00000177354","C10orf71","Up","Significant"
"ENSG00000070748",1.27135904606673,1.27480273886605,0.977938271947947,0.00957628784042659,0.0381061428862195,"ENSG00000070748","CHAT","Up","Significant"
"ENSG00000178645",0.720102271380468,1.22508498877863,1.07762683821414,0.0116834721960757,0.044137707984025,"ENSG00000178645","C10orf53","Up","Significant"
"ENSG00000197444",2.62465407762869,2.09615828495324,0.691559785578091,0.000142576513038357,0.00136619856316909,"ENSG00000197444","OGDHL","Up","Significant"
"ENSG00000148584",1.23458398227188,1.59084363241629,0.889677980396472,0.00351526572184253,0.0176125955552065,"ENSG00000148584","A1CF","Up","Significant"
"ENSG00000185532",13.5729878816071,2.05593722846222,0.398006580171471,1.5978993617213e-08,5.82633402741231e-07,"ENSG00000185532","PRKG1","Up","Significant"
"ENSG00000107984",1.69032392630967,4.04821902013331,1.4998031784484,0.000361629298101428,0.00289001577631308,"ENSG00000107984","DKK1","Up","Significant"
"ENSG00000231131",8.61697562556706,2.91444766399221,0.444841354322314,4.07507408808225e-12,3.51032538862592e-10,"ENSG00000231131","LOC105378305","Up","Significant"
"ENSG00000122952",293.113867754609,2.26659457599008,0.199626970286515,5.18615645359189e-31,4.57323464745817e-28,"ENSG00000122952","ZWINT","Up","Significant"
"ENSG00000148541",1.34599491913295,1.10116258107984,0.868970972243906,0.0137748622178254,0.0498630072439357,"ENSG00000148541","FAM13C","Up","Significant"
"ENSG00000227877",0.937687253376939,1.16600918574828,0.972468991482255,0.0117121140928278,0.0442209837900358,"ENSG00000227877","MRLN","Up","Significant"
"ENSG00000235931",0.885861686579011,2.52948340123069,1.18943035977521,0.00144801353033322,0.00875850657757446,"ENSG00000235931","LINC01553","Up","Significant"
"ENSG00000170312",123.267751822305,2.59441157373097,0.288885683295837,1.75221529060152e-20,4.48205970784475e-18,"ENSG00000170312","CDK1","Up","Significant"
"ENSG00000072422",189.55090041251,2.02667005691439,0.346740028841887,3.51727337412163e-10,1.98418036184246e-08,"ENSG00000072422","RHOBTB1","Up","Significant"
"ENSG00000232075",0.833277446343407,1.49240468292719,1.52799070708955,0.0106278788312377,0.0411339645256601,"ENSG00000232075","MRPL35P2","Up","Significant"
"ENSG00000228566",0.964127488830854,1.28323533533462,1.19068166166594,0.00986807381087789,0.0389549678123251,"ENSG00000228566","LOC124902438","Up","Significant"
"ENSG00000224714",0.870930144958635,1.62768573908126,1.05482632333735,0.00445491615013282,0.0211025989927623,"ENSG00000224714","LINC02671","Up","Significant"
"ENSG00000228065",3.78081727063049,2.29509982343683,0.504213850849078,4.15262235719074e-07,9.89688638457357e-06,"ENSG00000228065","ENSG00000228065","Up","Significant"
"ENSG00000198739",0.842674550980494,1.60306010896898,1.03960157712798,0.00467582320214846,0.0219016745767939,"ENSG00000198739","LRRTM3","Up","Significant"
"ENSG00000108176",2.67299593996554,1.45123322659162,0.475637587314398,0.000212997911212412,0.00189287280175192,"ENSG00000108176","DNAJC12","Up","Significant"
"ENSG00000219932",0.581569542298973,2.88642508443536,1.72279342291926,0.0106992082800829,0.0413417178326076,"ENSG00000219932","RPL12P8","Up","Significant"
"ENSG00000138347",2.12439638641571,1.72897969106495,0.919872413157441,0.00283937039650223,0.0149668810156352,"ENSG00000138347","MYPN","Up","Significant"
"ENSG00000213025",14.9033197807485,1.10366912102303,0.856398824112198,0.0120117202853422,0.0451031751503284,"ENSG00000213025","ENSG00000213025","Up","Significant"
"ENSG00000156510",56.1469148810641,-1.04967398455599,0.267672093670903,1.35665493297423e-05,0.000194940609558463,"ENSG00000156510","HKDC1","Down","Significant"
"ENSG00000166220",1.13021880236842,1.92879175556128,1.00617567512343,0.00205256804386566,0.0115627127520707,"ENSG00000166220","TBATA","Up","Significant"
"ENSG00000122863",1.35478156871963,3.01641521971873,1.00030736521738,6.36935391534046e-05,0.000699543363976216,"ENSG00000122863","CHST3","Up","Significant"
"ENSG00000138315",1.22954231727825,1.24761815740725,0.709491558908752,0.00677046159472308,0.0292284717312002,"ENSG00000138315","OIT3","Up","Significant"
"ENSG00000236467",1.61564810920344,1.71675074042854,0.829476566402381,0.00232330775884438,0.012789834021869,"ENSG00000236467","KCNMA1-AS1","Up","Significant"
"ENSG00000282863",1.66253561065884,2.10797807306589,0.786516275004902,0.000431958700382652,0.00334052713850041,"ENSG00000282863","ENSG00000282863","Up","Significant"
"ENSG00000185303",0.926566494142961,1.50990237377025,1.31146241915704,0.00838555359679105,0.0344015077711645,"ENSG00000185303","SFTPA2","Up","Significant"
"ENSG00000226676",0.778681448047947,2.40746949267417,1.03740606532496,0.00066637977806888,0.00473445565266577,"ENSG00000226676","LINC02679","Up","Significant"
"ENSG00000244733",1.67903031067307,1.36620836696178,0.683585956714914,0.003455970212925,0.0173804751410632,"ENSG00000244733","ENSG00000244733","Up","Significant"
"ENSG00000279359",1.71364277893325,2.86737098420173,1.12757580117007,0.000307337893171597,0.00255271690330437,"ENSG00000279359","ENSG00000279359","Up","Significant"
"ENSG00000133665",0.697211472815081,1.40133180315307,1.21204974536462,0.00995051591786481,0.0392042137438838,"ENSG00000133665","DYDC2","Up","Significant"
"ENSG00000185737",1.24507838860935,2.15863014457766,0.903323905204637,0.000545667978348303,0.00404799386461662,"ENSG00000185737","NRG3","Up","Significant"
"ENSG00000285972",1.86613867862192,1.27918643464055,0.730291945050577,0.0058261048362273,0.0260614917890087,"ENSG00000285972","CERNA2","Up","Significant"
"ENSG00000188373",0.961326373051098,1.17616767128292,1.29002858994766,0.0127031731571693,0.0469058544709186,"ENSG00000188373","GPR15LG","Up","Significant"
"ENSG00000204033",0.652709521052321,1.79001844724312,1.31213394706299,0.00889622609294716,0.0360072037865161,"ENSG00000204033","LRIT2","Up","Significant"
"ENSG00000148604",1.52014747428949,1.65641841813744,0.63563852901223,0.000725318148535439,0.00508466230947155,"ENSG00000148604","RGR","Up","Significant"
"ENSG00000229404",1.68119865007106,1.26822468939616,0.745937152836319,0.00633048095193245,0.027736412946954,"ENSG00000229404","LINC00858","Up","Significant"
"ENSG00000279910",0.605116245332082,3.06488926372437,1.65240122153749,0.00706589165097155,0.0302312261660375,"ENSG00000279910","ENSG00000279910","Up","Significant"
"ENSG00000272631",2.58274042664274,1.29154060929776,0.520763449146669,0.00126505933973171,0.00786764539997582,"ENSG00000272631","ENSG00000272631","Up","Significant"
"ENSG00000151303",0.683482940884839,1.18658862984748,1.01634729959573,0.0126223297479478,0.0466999721236594,"ENSG00000151303","AGAP11","Up","Significant"
"ENSG00000138135",15.7087411818235,1.42819922903738,0.474033491928285,0.000210765008303958,0.00187633492647644,"ENSG00000138135","CH25H","Up","Significant"
"ENSG00000204010",145.110938600666,5.72410675986541,1.0346252377324,1.14904752090258e-09,5.62915692659714e-08,"ENSG00000204010","IFIT1B","Up","Significant"
"ENSG00000235100",2.63678139449206,1.17108251595658,0.417403799172485,0.000624698910821578,0.00449496152087616,"ENSG00000235100","ENSG00000235100","Up","Significant"
"ENSG00000138160",179.912457934393,2.19915318491138,0.220492809255862,1.49301578881866e-24,5.81737977529355e-22,"ENSG00000138160","KIF11","Up","Significant"
"ENSG00000187553",1.07773473065462,1.62697687054026,0.923730845323529,0.00367886629233884,0.0181958382504522,"ENSG00000187553","CYP26C1","Up","Significant"
"ENSG00000237417",1.01609963886265,1.23986958104331,0.830656215770027,0.00853270471120022,0.0348091553649389,"ENSG00000237417","ENSG00000237417","Up","Significant"
"ENSG00000138180",69.305610228058,3.3394314121199,0.298155977702914,2.7686324203479e-30,2.2089072327009e-27,"ENSG00000138180","CEP55","Up","Significant"
"ENSG00000138207",3.85697913140384,3.5193414606125,0.729422917759776,1.08082373261594e-07,3.12487682970039e-06,"ENSG00000138207","RBP4","Up","Significant"
"ENSG00000280660",1.42696803997553,1.94515621700001,0.858075382916729,0.00114231408261738,0.00729378860412074,"ENSG00000280660","ENSG00000280660","Up","Significant"
"ENSG00000165841",0.82328017167746,1.43361241809064,0.90461391348635,0.00588971210808847,0.0262759104020685,"ENSG00000165841","CYP2C19","Up","Significant"
"ENSG00000138109",0.723377666222928,1.50089064697022,1.2067416671878,0.00871335654664076,0.0353953042212856,"ENSG00000138109","CYP2C9","Up","Significant"
"ENSG00000197430",0.92883024601631,2.31014008256779,0.987739184103356,0.000630262832790653,0.00453110432610641,"ENSG00000197430","OPALIN","Up","Significant"
"ENSG00000095587",4.37551824844582,1.72495308399232,0.411204912102521,2.24957951089059e-06,4.19017008507131e-05,"ENSG00000095587","TLL2","Up","Significant"
"ENSG00000165887",0.786245981766054,2.30811785253191,1.15927285774618,0.00203769545323163,0.0114874052729372,"ENSG00000165887","ANKRD2","Up","Significant"
"ENSG00000241935",1.11371876208697,1.51290988877241,0.824706169104503,0.00398369912442916,0.0193519533140761,"ENSG00000241935","HOGA1","Up","Significant"
"ENSG00000095713",0.963624179276425,2.45212804269861,0.950528469866416,0.000291862762893284,0.00245174964196316,"ENSG00000095713","CRTAC1","Up","Significant"
"ENSG00000099194",226.324375031208,1.05826917696624,0.218253514289126,1.83232894983156e-07,4.92772959710318e-06,"ENSG00000099194","SCD","Up","Significant"
"ENSG00000273162",2.39098368839908,1.9099869668819,0.550711835713963,4.4433494565088e-05,0.0005222455171454,"ENSG00000273162","LOC107984262","Up","Significant"
"ENSG00000107821",9.72860905488977,1.7843856760181,0.295611553436695,1.40652747407402e-10,8.72802391273078e-09,"ENSG00000107821","KAZALD1","Up","Significant"
"ENSG00000227128",1.31423937670543,3.41300345030868,1.02994432824664,1.36798789519543e-05,0.000196232475942224,"ENSG00000227128","LBX1-AS1","Up","Significant"
"ENSG00000235376",0.844282978859393,1.37076627635079,0.964969735168767,0.0075885009399771,0.0319234969332532,"ENSG00000235376","RPEL1","Up","Significant"
"ENSG00000148798",1.73048853856531,1.76228520958025,0.801532017303912,0.00159577959566092,0.00945135268891004,"ENSG00000148798","INA","Up","Significant"
"ENSG00000183128",2.45760883565564,1.89346782721704,0.582651633207606,8.67483828066667e-05,0.000907257041032645,"ENSG00000183128","CALHM3","Up","Significant"
"ENSG00000065618",2.59347547358915,2.0467079477343,0.62650912559558,7.26233665876924e-05,0.000781985082495297,"ENSG00000065618","COL17A1","Up","Significant"
"ENSG00000120051",3.68046848520472,1.20803452874135,0.459832969064212,0.000921176592114152,0.00613550117772871,"ENSG00000120051","CFAP58","Up","Significant"
"ENSG00000156395",18.5594194107036,-1.09546077339103,0.343700919357536,0.000191414958508652,0.00173261043886181,"ENSG00000156395","SORCS3","Down","Significant"
"ENSG00000150594",26.9076549859169,1.73244370930653,0.405469465162512,1.43724025768086e-06,2.85310922953956e-05,"ENSG00000150594","ADRA2A","Up","Significant"
"ENSG00000243316",0.73292406856841,1.57050790475667,1.76307868896833,0.0132471604157465,0.0484606002588701,"ENSG00000243316","GUCY2GP","Up","Significant"
"ENSG00000148702",1.0175737751342,2.05345289514083,0.995214716091369,0.00139597303371126,0.00850193754755192,"ENSG00000148702","HABP2","Up","Significant"
"ENSG00000197893",1.13855029487694,2.33029458886753,0.930307553781305,0.000377695953496599,0.00299839225437515,"ENSG00000197893","NRAP","Up","Significant"
"ENSG00000148735",2.11928854555717,1.45671642577488,0.567688696789002,0.000858810927258028,0.00581136820708588,"ENSG00000148735","PLEKHS1","Up","Significant"
"ENSG00000228484",2.3686623644772,1.36409474955735,0.496592533648341,0.000581303080986292,0.00425024764145094,"ENSG00000228484","LOC101927692","Up","Significant"
"ENSG00000285582",1.44627805145311,2.15141778712159,0.899843637239554,0.000583500187886232,0.00425887775993896,"ENSG00000285582","ENSG00000285582","Up","Significant"
"ENSG00000151892",1.5858931261886,2.96499823397471,0.897175102492502,1.81195613784045e-05,0.0002475207428573,"ENSG00000151892","GFRA1","Up","Significant"
"ENSG00000187021",2.00382977897033,2.00662078404779,0.708549854956717,0.000295557151929879,0.00247657529482828,"ENSG00000187021","PNLIPRP1","Up","Significant"
"ENSG00000165863",1.16530648117152,2.05204521146363,0.956321766776572,0.00125884479125494,0.00783808891407031,"ENSG00000165863","SPMIP5","Up","Significant"
"ENSG00000225936",54.8174702319618,1.44607872183649,0.30714155188769,2.35857423677918e-07,6.13137813035171e-06,"ENSG00000225936","SLC18A2-AS1","Up","Significant"
"ENSG00000229847",0.861955507473661,1.72046519664769,0.977010471905406,0.00294703330846675,0.0153699827445,"ENSG00000229847","EMX2OS","Up","Significant"
"ENSG00000177640",2.46929870653976,2.61726652501552,0.645899818050624,3.8340220444543e-06,6.6292179921372e-05,"ENSG00000177640","CASC2","Up","Significant"
"ENSG00000119973",1.11505697958038,2.63379418987116,1.00051192881721,0.000240878702974603,0.00209597622902519,"ENSG00000119973","PRLHR","Up","Significant"
"ENSG00000203805",0.972291058671805,1.85874591225216,1.09203731031304,0.00322397759709351,0.0164808947827622,"ENSG00000203805","PLPP4","Up","Significant"
"ENSG00000138162",3.95135506229125,2.18547804156487,0.567952117542206,7.37552984623689e-06,0.000116523634897479,"ENSG00000138162","TACC2","Up","Significant"
"ENSG00000166033",60.0174586484455,1.62866098485831,0.419050299511087,7.82060963374384e-06,0.000122633437240901,"ENSG00000166033","HTRA1","Up","Significant"
"ENSG00000187908",2.12355387585304,1.84100145513594,0.717616505930321,0.000645012444153815,0.00461240332717673,"ENSG00000187908","DMBT1","Up","Significant"
"ENSG00000176584",2.54329273884578,1.99025112405788,0.634760180474269,0.000112365566085114,0.00112429314838641,"ENSG00000176584","ENSG00000176584","Up","Significant"
"ENSG00000188816",0.75271826998561,2.35995553748323,1.01844348601451,0.000666601861269423,0.00473445565266577,"ENSG00000188816","HMX2","Up","Significant"
"ENSG00000230131",2.4245785650447,1.56696520639239,0.46902262660394,8.19703519261031e-05,0.000864571772959329,"ENSG00000230131","ENSG00000230131","Up","Significant"
"ENSG00000154478",1.71480958852023,2.61745665516336,0.769264165499265,2.2310997210751e-05,0.000293991036388146,"ENSG00000154478","GPR26","Up","Significant"
"ENSG00000121898",1.85250239572508,3.03435789612173,0.789188697760261,2.51961339969024e-06,4.60609522150683e-05,"ENSG00000121898","CPXM2","Up","Significant"
"ENSG00000154493",1.14075627601115,2.0610493143135,0.854203062943306,0.000548458711130172,0.00406599622815508,"ENSG00000154493","C10orf90","Up","Significant"
"ENSG00000150760",34.2201359403856,1.21301029494123,0.268879544918635,8.00570616135411e-07,1.74650525885947e-05,"ENSG00000150760","DOCK1","Up","Significant"
"ENSG00000223528",1.13867606955344,2.83405318547158,0.822428869682281,4.98736940034526e-06,8.28565995221465e-05,"ENSG00000223528","ENSG00000223528","Up","Significant"
"ENSG00000186766",0.657204850753117,2.17013405668441,1.57116163602686,0.0101309881572606,0.0397284121897771,"ENSG00000186766","FOXI2","Up","Significant"
"ENSG00000148773",558.056391430281,3.04891759331426,0.238729175390645,1.62219069596533e-38,3.62386586874016e-35,"ENSG00000148773","MKI67","Up","Significant"
"ENSG00000234311",5.68874228526374,1.8586590917916,0.381249072828037,8.4913358913827e-08,2.5269642485288e-06,"ENSG00000234311","ENSG00000234311","Up","Significant"
"ENSG00000180066",13.3366683051654,1.15987897668964,0.275016191257178,3.29788022238364e-06,5.82475228226015e-05,"ENSG00000180066","LINC02870","Up","Significant"
"ENSG00000197177",1.86191571409139,2.26622580771637,0.976346506703289,0.000680318410388126,0.00481554491206077,"ENSG00000197177","ADGRA1","Up","Significant"
"ENSG00000256925",0.974951540151086,1.31628004880921,0.978757380927224,0.00916095697017022,0.0368030820181553,"ENSG00000256925","ENSG00000256925","Up","Significant"
"ENSG00000166159",1.80876158824048,2.34137612913704,0.894704112514873,0.000361413626990085,0.00288914634586728,"ENSG00000166159","LRTM2","Up","Significant"
"ENSG00000111206",89.8543031210028,2.97624635748444,0.217750504322168,1.06761895893956e-43,5.48342670423087e-40,"ENSG00000111206","FOXM1","Up","Significant"
"ENSG00000197905",0.755244877751368,1.21825175749051,1.1555156230841,0.0127112991067102,0.0469203482889131,"ENSG00000197905","TEAD4","Up","Significant"
"ENSG00000011105",26.3806955195863,2.10048494161279,0.354657479571999,2.16096897360102e-10,1.28389910170916e-08,"ENSG00000011105","TSPAN9","Up","Significant"
"ENSG00000250770",1.68603492379108,2.23190378862248,0.689076870913528,8.83606985862405e-05,0.000921530858676107,"ENSG00000250770","ENSG00000250770","Up","Significant"
"ENSG00000236908",0.58835208156856,1.6130766326929,1.296584200713,0.0115035877158483,0.0436337585582683,"ENSG00000236908","ENSG00000236908","Up","Significant"
"ENSG00000111247",54.6001691739213,1.39614586253978,0.200719104489813,3.95870047301837e-13,4.03197854560403e-11,"ENSG00000111247","RAD51AP1","Up","Significant"
"ENSG00000256654",2.49437166191629,3.07600295210241,0.773170259235863,3.50998748639229e-06,6.1322299625401e-05,"ENSG00000256654","ENSG00000256654","Up","Significant"
"ENSG00000111262",0.871578206492888,1.11626729557497,0.941053983160176,0.0138002686532344,0.049944184285693,"ENSG00000111262","KCNA1","Up","Significant"
"ENSG00000130037",8.99904541638032,-1.01742983914448,0.372249566411331,0.000896354436666753,0.00600118697667657,"ENSG00000130037","KCNA5","Down","Significant"
"ENSG00000047617",7.12883788290111,2.60786376801906,0.595477502667795,7.01089484467716e-07,1.55478540933347e-05,"ENSG00000047617","ANO2","Up","Significant"
"ENSG00000110799",132.472681680272,1.54121834636981,0.358869882459519,1.54085154953852e-06,3.03184935839614e-05,"ENSG00000110799","VWF","Up","Significant"
"ENSG00000256433",7.58556226699588,1.29872870469735,0.382274906738995,6.96526970140624e-05,0.000753630036888672,"ENSG00000256433","ENSG00000256433","Up","Significant"
"ENSG00000255966",1.54091297151187,1.01719529309362,0.646312884993101,0.0116237390294036,0.0439566494906088,"ENSG00000255966","ENSG00000255966","Up","Significant"
"ENSG00000111644",656.234360218239,1.48009600664194,0.26872566181478,3.89048239013193e-09,1.65706657207425e-07,"ENSG00000111644","ACRBP","Up","Significant"
"ENSG00000111665",66.7655737887715,2.30481888326569,0.219419786762901,5.89262884764667e-27,3.03778615470449e-24,"ENSG00000111665","CDCA3","Up","Significant"
"ENSG00000177575",3828.84904114074,1.15589450295737,0.443820332655302,0.00101970878583102,0.00666460341416259,"ENSG00000177575","CD163","Up","Significant"
"ENSG00000111704",1.70205277941822,1.48224258805781,0.676447571104467,0.00200480616553054,0.0113439800406557,"ENSG00000111704","NANOG","Up","Significant"
"ENSG00000111732",6.03753837550212,1.39362585995267,0.391953653227503,3.74167101638279e-05,0.000451159929740266,"ENSG00000111732","AICDA","Up","Significant"
"ENSG00000249790",23.7225970639441,1.17020547674633,0.476013709531623,0.00138887917388015,0.00846488763869588,"ENSG00000249790","ENSG00000249790","Up","Significant"
"ENSG00000166535",4.32631432098701,1.45237839074159,0.480242344594608,0.00021223121638128,0.00188688135572309,"ENSG00000166535","A2ML1","Up","Significant"
"ENSG00000165682",164.42382347992,1.74278878858571,0.345705149431233,3.6438497654819e-08,1.21132700190013e-06,"ENSG00000165682","CLEC1B","Up","Significant"
"ENSG00000173391",285.563257376799,-2.01720153029422,1.00176980113252,0.00152520871643984,0.0091215139361546,"ENSG00000173391","OLR1","Down","Significant"
"ENSG00000245648",90.0594915741527,-1.21480013302125,0.197769569981591,1.10371965084595e-10,6.96507378158137e-09,"ENSG00000245648","KLRK1-AS1","Down","Significant"
"ENSG00000213809",70.8354316880372,-1.65787309381439,0.265937765674862,4.14483717622912e-11,2.93274013838527e-09,"ENSG00000213809","KLRK1","Down","Significant"
"ENSG00000183542",7.38384680111146,-1.03597262865787,0.33824975911188,0.000334191915967038,0.00273066006148244,"ENSG00000183542","KLRC4","Down","Significant"
"ENSG00000180574",5.78523084411026,-1.05053653667644,0.698409739472186,0.0109642170845742,0.0421443436369388,"ENSG00000180574","EIF2S3B","Down","Significant"
"ENSG00000111291",34.5843892511372,3.27814814071235,0.317384794336882,3.58934159059432e-26,1.7182178194175e-23,"ENSG00000111291","GPRC5D","Up","Significant"
"ENSG00000134531",289.723039293657,1.50361772784769,0.401924131545706,1.57937560289925e-05,0.000220605656846815,"ENSG00000134531","EMP1","Up","Significant"
"ENSG00000273079",5.38997193817799,2.01089566158038,0.493684933665261,3.07327265137489e-06,5.48361519035789e-05,"ENSG00000273079","GRIN2B","Up","Significant"
"ENSG00000121316",6254.57338481993,1.12921386109092,0.31350853349734,3.87105479864227e-05,0.000463765374500193,"ENSG00000121316","PLBD1","Up","Significant"
"ENSG00000246705",561.263339497451,1.0584608862418,0.148626888281541,1.79165594564281e-13,1.92424997059439e-11,"ENSG00000246705","H2AJ","Up","Significant"
"ENSG00000139053",8.74075929688767,1.18403956506371,0.28047758522954,3.07070234728527e-06,5.48194805301983e-05,"ENSG00000139053","PDE6H","Up","Significant"
"ENSG00000008394",435.422153176045,1.04945149445439,0.279233903843063,2.53945194375582e-05,0.000328170054698472,"ENSG00000008394","MGST1","Up","Significant"
"ENSG00000048540",1.70119825217255,1.31356282786204,0.620436523660395,0.00292826939894845,0.0153078594835201,"ENSG00000048540","LMO3","Up","Significant"
"ENSG00000255909",1.4662789877302,1.26240100138077,0.802379251247112,0.00792422542346845,0.0329486126957444,"ENSG00000255909","ENSG00000255909","Up","Significant"
"ENSG00000172572",21.0363633153215,1.3142675938736,0.446635390535731,0.0002966471709292,0.00248198503137742,"ENSG00000172572","PDE3A","Up","Significant"
"ENSG00000256663",10.7912880598582,3.86471948455648,0.41452781199515,1.06657958223183e-21,3.00336262361397e-19,"ENSG00000256663","ENSG00000256663","Up","Significant"
"ENSG00000084453",1.69533392331536,1.40739316902778,0.76764605335495,0.00429465540438684,0.0205204060951945,"ENSG00000084453","SLCO1A2","Up","Significant"
"ENSG00000134548",82.9743177684997,1.84808377402016,0.352768180525159,1.18646074265727e-08,4.45707545131193e-07,"ENSG00000134548","SPX","Up","Significant"
"ENSG00000069431",1.44334083087545,2.18802808796105,0.710637877073731,0.000142448438318567,0.00136536176190414,"ENSG00000069431","ABCC9","Up","Significant"
"ENSG00000256995",1.37434393808363,1.68833279686857,1.00247818170079,0.00386227408917297,0.0188963268293323,"ENSG00000256995","LINC02955","Up","Significant"
"ENSG00000256120",1.87265668413619,1.29922945988296,0.65302484440422,0.00363243314656994,0.0180431666629724,"ENSG00000256120","SOX5-AS1","Up","Significant"
"ENSG00000255745",1.01379928203142,2.94709530295651,1.0149552304171,7.59899371987513e-05,0.000811713996044934,"ENSG00000255745","LOC124902897","Up","Significant"
"ENSG00000278969",6.49020043428334,1.2774421073599,0.498547645687002,0.000917641387328179,0.00611803526621169,"ENSG00000278969","ENSG00000278969","Up","Significant"
"ENSG00000152936",0.432934732081466,4.31416249308258,2.44908233231849,0.0114289501209566,0.0434307881155743,"ENSG00000152936","LMNTD1","Up","Significant"
"ENSG00000246695",4.22014872141434,1.51340117970883,0.448885200593675,6.65292643129498e-05,0.000723756422974836,"ENSG00000246695","RASSF8-AS1","Up","Significant"
"ENSG00000123095",33.5070589627938,1.17570863242008,0.272248599546065,2.06898718279041e-06,3.89930773386523e-05,"ENSG00000123095","BHLHE41","Up","Significant"
"ENSG00000029153",53.7255610400337,1.92553645933248,0.298647488470342,8.50876313962533e-12,6.93722978213394e-10,"ENSG00000029153","BMAL2","Up","Significant"
"ENSG00000165935",0.856119373017487,3.26225271280237,1.0989492029627,4.28901704626441e-05,0.000505880577977029,"ENSG00000165935","SMCO2","Up","Significant"
"ENSG00000256377",1.68308887007252,-2.77557862016043,1.24460821333669,0.000896128409278445,0.00600087267516216,"ENSG00000256377","ENSG00000256377","Down","Significant"
"ENSG00000257258",4.72699767273299,1.16503184944385,0.32133319193853,3.84011216354973e-05,0.000460387543786719,"ENSG00000257258","ENSG00000257258","Up","Significant"
"ENSG00000285517",4.89834076074677,1.46244134574185,0.509713798919193,0.000326853053180155,0.00267984315121454,"ENSG00000285517","LOC645485","Up","Significant"
"ENSG00000110900",1.35911256691868,2.27335268835508,0.780321233112019,0.000174021096659591,0.00160641127492183,"ENSG00000110900","TSPAN11","Up","Significant"
"ENSG00000255867",3.88343638942929,1.74595681145896,0.394710871527067,8.67174754661135e-07,1.86869188771318e-05,"ENSG00000255867","DENND5B-AS1","Up","Significant"
"ENSG00000223722",11.7193840293497,2.40837359637517,0.41662302318078,4.60682487898148e-10,2.53065729294738e-08,"ENSG00000223722","ENSG00000223722","Up","Significant"
"ENSG00000258278",0.892064590935746,1.70589183876939,1.43524714664544,0.00752958362216856,0.0317289760557402,"ENSG00000258278","ENSG00000258278","Up","Significant"
"ENSG00000223914",5.51814096873642,1.10362730944034,0.527578462561242,0.00367537374472069,0.0181863701730428,"ENSG00000223914","LINC02471","Up","Significant"
"ENSG00000205592",8.84389575915524,1.94200365730631,0.556195150354818,2.97755432883844e-05,0.000374952529143357,"ENSG00000205592","MUC19","Up","Significant"
"ENSG00000018236",1.9829412771381,2.94840020461645,0.705696908374523,9.01825998349296e-07,1.92848036877387e-05,"ENSG00000018236","CNTN1","Up","Significant"
"ENSG00000165966",2.38406181681708,4.01479909174497,0.977625142112498,4.33205246457878e-07,1.02227285940542e-05,"ENSG00000165966","PDZRN4","Up","Significant"
"ENSG00000173157",1.00541295053222,2.88801708993177,1.04821700739465,0.000151606508141584,0.00143833026084834,"ENSG00000173157","ADAMTS20","Up","Significant"
"ENSG00000257657",1.26608118131835,3.11652754431821,1.23031463790874,0.000400216438529549,0.00314439686721844,"ENSG00000257657","ENSG00000257657","Up","Significant"
"ENSG00000139219",2.17509457112252,2.21844391016659,0.77665559347497,0.000235698922696577,0.0020589247134097,"ENSG00000139219","COL2A1","Up","Significant"
"ENSG00000177875",27.0867416811664,-1.32324023049547,0.412271808750241,0.000124901257948699,0.00122880688567321,"ENSG00000177875","CCDC184","Down","Significant"
"ENSG00000258024",0.764203696247269,3.49345513568674,1.64888812424125,0.00321643417040765,0.0164498615104075,"ENSG00000258024","OR5BT1P","Up","Significant"
"ENSG00000284723",1.14562411035291,2.90091258446117,1.30831311797762,0.00122455575154226,0.00768564125836853,"ENSG00000284723","OR8S1","Up","Significant"
"ENSG00000174233",16.272040594992,1.00979244897474,0.386166678761708,0.00121361043965939,0.00762980717120949,"ENSG00000174233","ADCY6","Up","Significant"
"ENSG00000172602",92.4422222153922,-1.02470086893878,0.596084007867118,0.00822686114849872,0.0339120305452132,"ENSG00000172602","RND1","Down","Significant"
"ENSG00000139549",0.863746619796454,1.41389631435251,0.934556754780735,0.00603566804490594,0.0267879735783779,"ENSG00000139549","DHH","Up","Significant"
"ENSG00000167553",231.755243932477,1.11717548432013,0.202389582096967,5.08290656331668e-09,2.09242157285232e-07,"ENSG00000167553","TUBA1C","Up","Significant"
"ENSG00000135451",60.1502029575342,3.29660960935116,0.300169222041799,2.90660727035766e-29,2.02911464630031e-26,"ENSG00000135451","TROAP","Up","Significant"
"ENSG00000178401",1.61314634772017,1.19486842449264,0.746638593149216,0.00822537576674362,0.0339104474123785,"ENSG00000178401","DNAJC22","Up","Significant"
"ENSG00000123352",123.150289912172,1.0718435404269,0.150740310029276,1.94838909878162e-13,2.06609399718586e-11,"ENSG00000123352","SPATS2","Up","Significant"
"ENSG00000135472",4.15718534688396,1.20932376918495,0.423520606362069,0.000491022966226114,0.00370829131739257,"ENSG00000135472","FAIM2","Up","Significant"
"ENSG00000257771",2.11875782419742,3.77463389704199,0.968441067427138,9.62839224759565e-07,2.03556968974563e-05,"ENSG00000257771","LINC02395","Up","Significant"
"ENSG00000167580",1.03788160503385,2.55030712136988,0.934579730951532,0.000149430645290177,0.0014218304034918,"ENSG00000167580","AQP2","Up","Significant"
"ENSG00000086159",1.65958792900718,1.64561480822153,0.85694527970216,0.00302404789196161,0.015694346115377,"ENSG00000086159","AQP6","Up","Significant"
"ENSG00000185958",2.74741657423485,1.85279744111501,0.560146509875993,7.35946912653144e-05,0.000790665120105618,"ENSG00000185958","FAM186A","Up","Significant"
"ENSG00000284730",3.83315628688795,1.18847348633773,0.361074510587088,0.00012482514514639,0.00122841873383564,"ENSG00000284730","TMDD1","Up","Significant"
"ENSG00000260473",2.00002847366349,1.03798269475526,0.45565834506232,0.00309913752235562,0.0159792274560108,"ENSG00000260473","ENSG00000260473","Up","Significant"
"ENSG00000139567",25.8886853769857,1.20431385045585,0.340301251725336,4.58566251051055e-05,0.000536381872805803,"ENSG00000139567","ACVRL1","Up","Significant"
"ENSG00000206992",4.12879328845529,1.12300712881126,0.469914497025376,0.00182649362523076,0.010563337053479,"ENSG00000206992","RNU6-574P","Up","Significant"
"ENSG00000167767",16.1537755946148,1.28382638339191,0.463478507464298,0.000516342387667883,0.00386898861099354,"ENSG00000167767","KRT80","Up","Significant"
"ENSG00000135480",9.44586854515158,1.43421118040647,0.418650888490317,5.44958105795871e-05,0.000618597600511987,"ENSG00000135480","KRT7","Up","Significant"
"ENSG00000274928",0.92011331324709,1.70399958826343,1.11848484992546,0.00458643978235071,0.0215913192844605,"ENSG00000274928","ENSG00000274928","Up","Significant"
"ENSG00000170421",5.26559739769158,1.09381038330594,0.304258822783451,4.68237054391908e-05,0.000544986295783899,"ENSG00000170421","KRT8","Up","Significant"
"ENSG00000135476",65.3868028928563,2.7136167331947,0.230732522864308,4.50842887345264e-33,5.20941183174223e-30,"ENSG00000135476","ESPL1","Up","Significant"
"ENSG00000135447",1.35012270285968,1.70443684116954,0.808108827914582,0.00215957876877145,0.0120548600637619,"ENSG00000135447","PPP1R1A","Up","Significant"
"ENSG00000196534",0.646564386731299,2.36362173096045,1.4229156851581,0.00640576070676919,0.0279784457146935,"ENSG00000196534","OR9K1P","Up","Significant"
"ENSG00000233606",0.96728051955958,1.98356353451058,0.950081803509482,0.00130489826644927,0.00806154793702959,"ENSG00000233606","OR6C66P","Up","Significant"
"ENSG00000272937",1.27704372048809,1.44430971422991,1.41899193031651,0.00924597035997231,0.0370557613673379,"ENSG00000272937","OR6U2P","Up","Significant"
"ENSG00000175398",1.5658847549687,1.68967602434745,1.07769939665306,0.00499250494784112,0.0230545068906079,"ENSG00000175398","OR10P1","Up","Significant"
"ENSG00000272837",1.7459058293555,1.14563007793417,0.623272305071617,0.00628912110219071,0.0275912750737508,"ENSG00000272837","OR10AE3P","Up","Significant"
"ENSG00000170439",177.995202096704,5.38813732342737,0.668021824867575,3.51033417064323e-17,6.46306525956505e-15,"ENSG00000170439","TMT1B","Up","Significant"
"ENSG00000135424",47.5431956452982,1.68701142638627,0.32535468584454,1.72311723121457e-08,6.20859519363108e-07,"ENSG00000135424","ITGA7","Up","Significant"
"ENSG00000135404",5634.56329681018,1.22288064208481,0.194246579789636,6.1053823209768e-11,4.12470274583894e-09,"ENSG00000135404","CD63","Up","Significant"
"ENSG00000196465",55.3904905325806,1.31678188882643,0.167681487091115,5.10835101083269e-16,8.43230216857107e-14,"ENSG00000196465","MYL6B","Up","Significant"
"ENSG00000139540",2.1739227388367,1.42850305476814,0.618193917262332,0.00158621329731784,0.00940917354926949,"ENSG00000139540","SLC39A5","Up","Significant"
"ENSG00000110944",141.035445393901,-1.27894146712078,0.293863857138743,1.50812924535306e-06,2.97270016956092e-05,"ENSG00000110944","IL23A","Down","Significant"
"ENSG00000175336",2.45116314557859,1.26726941309372,0.510069896738878,0.00137603066930387,0.00839727038748926,"ENSG00000175336","APOF","Up","Significant"
"ENSG00000259099",0.770288972704842,1.40842530511258,1.03992121387024,0.00760720555975008,0.031987683661898,"ENSG00000259099","ENSG00000259099","Up","Significant"
"ENSG00000166856",1.08111023876699,1.12005168787272,0.838861064625325,0.013075067123143,0.0480092509565415,"ENSG00000166856","ACKR5","Up","Significant"
"ENSG00000166886",169.500111660378,1.15182176351076,0.326381343224573,5.32288482133756e-05,0.000606236533341792,"ENSG00000166886","NAB2","Up","Significant"
"ENSG00000185633",5.01264015408757,1.0401191069095,0.398782151832544,0.00119516466823775,0.00755067361764305,"ENSG00000185633","COXFA4L2","Up","Significant"
"ENSG00000135454",1.47382122563285,1.58063022848147,0.857217177515285,0.00374786340051069,0.018452417673775,"ENSG00000135454","B4GALNT1","Up","Significant"
"ENSG00000257953",1.34785532310343,1.47177005436433,0.645451785104486,0.00194986969181813,0.0111232862620248,"ENSG00000257953","ENSG00000257953","Up","Significant"
"ENSG00000257259",1.39364330234176,1.33208944097257,0.978258245974134,0.00916309998518023,0.036807278518749,"ENSG00000257259","LINC02388","Up","Significant"
"ENSG00000139263",2.06480798134701,1.59207153024129,0.589558370766236,0.000528480175452696,0.00394055233628046,"ENSG00000139263","LRIG3","Up","Significant"
"ENSG00000196935",57.577567165273,1.26672744105213,0.368135511717702,6.10906040098482e-05,0.00067649869456907,"ENSG00000196935","SRGAP1","Up","Significant"
"ENSG00000256670",1.30104630280093,1.22558225989159,0.654515867121407,0.00568331581569814,0.0255318715200736,"ENSG00000256670","RASSF3-DT","Up","Significant"
"ENSG00000255693",0.969943121906451,3.39672576427102,1.1768948128552,9.96795726614608e-05,0.00101834231716856,"ENSG00000255693","LINC02389","Up","Significant"
"ENSG00000174099",73.5339418970792,1.63952641570823,0.263755558245553,4.30338616520256e-11,3.02310622661997e-09,"ENSG00000174099","MSRB3","Up","Significant"
"ENSG00000250280",1.53903279101105,1.45252055543187,0.73724523280543,0.00340232261597891,0.0171897156774423,"ENSG00000250280","ENSG00000250280","Up","Significant"
"ENSG00000250748",0.998618837138562,1.69970608657863,0.930983281547357,0.00268311021439745,0.0143166146774274,"ENSG00000250748","LOC105369187","Up","Significant"
"ENSG00000149948",2.90388046925206,2.19352116440785,0.67232542933325,6.46619677113904e-05,0.000708038258508909,"ENSG00000149948","HMGA2","Up","Significant"
"ENSG00000127318",2.96371360639755,2.08961039089363,0.721541661605751,0.000213656145135105,0.00189703332467732,"ENSG00000127318","IL22","Up","Significant"
"ENSG00000256325",1.46327270979358,1.29008266747355,0.655448321786336,0.00424490755939481,0.0203348974135469,"ENSG00000256325","ENSG00000256325","Up","Significant"
"ENSG00000127325",4.92346220517617,2.03170508357921,0.591436731009295,3.52935524004309e-05,0.000430995498318527,"ENSG00000127325","BEST3","Up","Significant"
"ENSG00000257302",1.18303163599864,2.98789552961003,1.21361190822026,0.000477723763087456,0.00363076561063678,"ENSG00000257302","ENSG00000257302","Up","Significant"
"ENSG00000139287",1.56317340860362,1.5764958149229,0.763308015218664,0.0024502089423256,0.0133372403262489,"ENSG00000139287","TPH2","Up","Significant"
"ENSG00000072657",1.73128128216015,1.58106295508178,0.726075695784027,0.00200475510224862,0.0113439800406557,"ENSG00000072657","TRHDE","Up","Significant"
"ENSG00000236333",2.98822294593599,1.91668638218332,0.52047760066129,1.80510664334243e-05,0.000246786285237705,"ENSG00000236333","ENSG00000236333","Up","Significant"
"ENSG00000251138",1.55260441483165,2.76328534611367,0.760509115481071,6.7953672512191e-06,0.000108379800676393,"ENSG00000251138","LINC02882","Up","Significant"
"ENSG00000258332",0.936184745160756,2.03677421515645,1.24150651814204,0.00372660010686826,0.0183689035996191,"ENSG00000258332","ENSG00000258332","Up","Significant"
"ENSG00000257941",0.854828018844582,-1.18988331555582,0.79677313495626,0.00938945396676754,0.0375231023222914,"ENSG00000257941","ENSG00000257941","Down","Significant"
"ENSG00000165891",19.4557546897873,2.60730638946699,0.331262178389109,2.38281291304197e-16,4.03260999510725e-14,"ENSG00000165891","E2F7","Up","Significant"
"ENSG00000165899",3.28469936629163,3.01496687896275,0.604322911015092,5.25781929180537e-08,1.66683317548823e-06,"ENSG00000165899","OTOGL","Up","Significant"
"ENSG00000139304",1.71831080640335,1.96927418304608,0.663192996532201,0.000232313830151038,0.00203306454283916,"ENSG00000139304","PTPRQ","Up","Significant"
"ENSG00000208022",1.07319613312457,1.22693791418226,0.95937295931774,0.0114404546408485,0.0434646479093188,"ENSG00000208022","MIR618","Up","Significant"
"ENSG00000111058",8.52777046285522,1.55656230063401,0.315962417751302,7.86272218458831e-08,2.36509836340547e-06,"ENSG00000111058","ACSS3","Up","Significant"
"ENSG00000139220",1.57152447637312,1.69783379793416,0.722544275946327,0.00129608673396125,0.00801449905301857,"ENSG00000139220","PPFIA2","Up","Significant"
"ENSG00000072041",0.940475726119641,2.21556982683972,1.04496168198441,0.00107381377619598,0.00694421629517331,"ENSG00000072041","SLC6A15","Up","Significant"
"ENSG00000182050",2.29060978195277,1.90692142018215,0.754092555904447,0.000643720310895055,0.004605128927793,"ENSG00000182050","MGAT4C","Up","Significant"
"ENSG00000165805",0.788786674268002,1.2823091998949,0.938235021622721,0.00928509749286413,0.0371992266724515,"ENSG00000165805","C12orf50","Up","Significant"
"ENSG00000257746",1.79634288980589,1.72077867505391,0.635236072317362,0.000510864522731207,0.00383566195209501,"ENSG00000257746","LOC105369908","Up","Significant"
"ENSG00000257252",2.45901383270524,2.52524608758228,0.729264967691583,3.27678437869182e-05,0.000406522649928117,"ENSG00000257252","ENSG00000257252","Up","Significant"
"ENSG00000216306",1.65140333931959,1.63946350877233,0.700480112696607,0.00134817671936033,0.00825887635997174,"ENSG00000216306","ENSG00000216306","Up","Significant"
"ENSG00000188596",13.8602862241391,1.2100507738266,0.277835567272656,1.69700886607836e-06,3.29270816985638e-05,"ENSG00000188596","CFAP54","Up","Significant"
"ENSG00000279190",0.777809272279643,2.38255012594232,1.64177197034103,0.00768250810152887,0.0322274867268567,"ENSG00000279190","ENSG00000279190","Up","Significant"
"ENSG00000255794",1.59583768956269,2.66879033748324,0.914712055948199,0.000109826972657491,0.00110157898680935,"ENSG00000255794","RMST","Up","Significant"
"ENSG00000257501",1.08419338789091,2.21443294216522,1.01853961182465,0.00114881205087056,0.0073282420256828,"ENSG00000257501","ENSG00000257501","Up","Significant"
"ENSG00000179520",0.780678448712602,1.4499670978699,1.03618612240876,0.00673122440558188,0.0291115899079302,"ENSG00000179520","SLC17A8","Up","Significant"
"ENSG00000256870",1.46530754656011,1.83787563688159,0.827929996431484,0.00153157867004274,0.00915151028075288,"ENSG00000256870","SLC5A8","Up","Significant"
"ENSG00000166211",4.08761458094449,2.78289826321703,0.667153071668788,1.93966438078895e-06,3.69506615894581e-05,"ENSG00000166211","SPIC","Up","Significant"
"ENSG00000196091",4.02552541233939,2.15728034799788,0.478667797199529,4.79340644166402e-07,1.11388527360416e-05,"ENSG00000196091","MYBPC1","Up","Significant"
"ENSG00000258308",1.36680531973242,1.56940053490374,0.747508086766012,0.00251381700769264,0.0136083189193494,"ENSG00000258308","DRAM1-AS1","Up","Significant"
"ENSG00000185480",60.3956093449236,1.20770352763098,0.189231252978393,2.40852984702233e-11,1.80553527167497e-09,"ENSG00000185480","PARPBP","Up","Significant"
"ENSG00000281344",36.4570935686231,1.66211131570823,0.34812757981073,1.45891256255551e-07,4.03355619295977e-06,"ENSG00000281344","ENSG00000281344","Up","Significant"
"ENSG00000017427",6.56366567960054,3.89738867089552,0.595709473218303,4.75403086084112e-12,4.0126654941039e-10,"ENSG00000017427","IGF1","Up","Significant"
"ENSG00000136011",4.53601025749768,1.08029297205326,0.508135030554185,0.0035486498330199,0.017726196450098,"ENSG00000136011","STAB2","Up","Significant"
"ENSG00000136010",20.9967663400269,1.98280105146247,0.266072910692766,7.34019242143243e-15,9.72183825493199e-13,"ENSG00000136010","ALDH1L2","Up","Significant"
"ENSG00000257859",0.774699983785502,1.83241220775836,1.06747742397866,0.0033805897606041,0.0171066418435643,"ENSG00000257859","CASC18","Up","Significant"
"ENSG00000257398",0.770678005509808,2.97348616481313,1.16318330301267,0.000343356539332351,0.00278856110447533,"ENSG00000257398","ENSG00000257398","Up","Significant"
"ENSG00000075035",5.33771953893921,1.4707946783484,0.541605320096457,0.000499757925030644,0.00376492542937317,"ENSG00000075035","WSCD2","Up","Significant"
"ENSG00000183160",45.0416639434107,1.87478922570837,0.310766948117783,1.18683050459026e-10,7.46144528673828e-09,"ENSG00000183160","TMEM119","Up","Significant"
"ENSG00000166111",1.9316854317966,2.32247482109546,0.636182495656512,2.0768128317282e-05,0.000276927660876961,"ENSG00000166111","SVOP","Up","Significant"
"ENSG00000139445",0.7482146986068,1.54491437790985,0.92253735809892,0.0043132793834553,0.0205829790458849,"ENSG00000139445","FOXN4","Up","Significant"
"ENSG00000255650",2.92860539663695,-1.3027436366054,1.0053674213804,0.00905505275880892,0.0364694426556404,"ENSG00000255650","FAM222A-AS1","Down","Significant"
"ENSG00000279925",0.798316806688424,2.06655362295812,0.960258567501303,0.00110293923748531,0.00708965872029453,"ENSG00000279925","ENSG00000279925","Up","Significant"
"ENSG00000173093",0.82140731422755,1.67155042377248,0.952503820419786,0.00319424502919305,0.0163688571162609,"ENSG00000173093","CCDC63","Up","Significant"
"ENSG00000185847",0.855731339376965,1.14882374241502,1.06379558137977,0.011988404202385,0.0450560157489589,"ENSG00000185847","VHRT","Up","Significant"
"ENSG00000238168",2.28759572951669,1.40048604223328,0.490247655791265,0.00041910403720226,0.00326371303337452,"ENSG00000238168","ENSG00000238168","Up","Significant"
"ENSG00000249550",3.02890152111705,1.40145778905088,0.516206904372997,0.000563361081854473,0.00414984974540812,"ENSG00000249550","LINC01234","Up","Significant"
"ENSG00000089225",0.827040823019957,1.38194853154836,1.16246854319753,0.00857305359738033,0.034943979198956,"ENSG00000089225","TBX5","Up","Significant"
"ENSG00000258018",0.829632299156289,1.26340599256748,0.967898087810009,0.00916721950640363,0.0368105881893444,"ENSG00000258018","ENSG00000258018","Up","Significant"
"ENSG00000277840",1.26149210247484,1.23667421841322,0.696913590025227,0.00646013989442398,0.0281755600315311,"ENSG00000277840","ENSG00000277840","Up","Significant"
"ENSG00000089250",2.64377815176811,2.18568940504823,0.752322553280482,0.000199344718235128,0.00179132265039982,"ENSG00000089250","NOS1","Up","Significant"
"ENSG00000139767",2.40062196316091,2.41215093900373,0.710903408208803,4.70462929502905e-05,0.000547007019594478,"ENSG00000139767","SRRM4","Up","Significant"
"ENSG00000248636",1.74393211743713,1.45039144265419,0.829972269030176,0.00478268676374891,0.022285682136623,"ENSG00000248636","PRKAB1-AS1","Up","Significant"
"ENSG00000224982",0.954332642712893,2.63917359469018,1.20637695455022,0.00116146169226737,0.00738789290929901,"ENSG00000224982","TMEM233","Up","Significant"
"ENSG00000122966",48.6023604467001,1.63640528763743,0.237764673321594,5.42513636288831e-13,5.41044328523882e-11,"ENSG00000122966","CIT","Up","Significant"
"ENSG00000219355",1.94719008126505,1.40412654212013,0.485302778918763,0.000403167618887034,0.00315943492546436,"ENSG00000219355","RPL31P52","Up","Significant"
"ENSG00000157782",2.33731906962518,1.24908043801816,0.465580008221534,0.000787440938734305,0.00543152705147135,"ENSG00000157782","CABP1","Up","Significant"
"ENSG00000241388",1.44723220808611,2.47122434369645,0.890512942745314,0.000157387838033776,0.00148060333090225,"ENSG00000241388","HNF1A-AS1","Up","Significant"
"ENSG00000135114",1222.38596207832,1.17978643967344,0.345451126587606,7.61247495222972e-05,0.000812894911326532,"ENSG00000135114","OASL","Up","Significant"
"ENSG00000158023",7.28599214419146,1.38986815839903,0.375276578520109,2.05664668692847e-05,0.000274566429610702,"ENSG00000158023","CFAP251","Up","Significant"
"ENSG00000257097",1.64233005065958,1.06865305253487,0.60656753871692,0.00793511321401532,0.0329856976415382,"ENSG00000257097","ENSG00000257097","Up","Significant"
"ENSG00000182782",491.461718328759,-1.39292414482927,0.323755767621941,1.6451026213285e-06,3.21058495853796e-05,"ENSG00000182782","HCAR2","Down","Significant"
"ENSG00000255398",339.366284500398,-1.08505229387158,0.272944941906235,9.9517658344817e-06,0.000150145754771566,"ENSG00000255398","HCAR3","Down","Significant"
"ENSG00000150967",102.87673070011,1.32505907195479,0.212097419563126,4.83754943374727e-11,3.38416375731602e-09,"ENSG00000150967","ABCB9","Up","Significant"
"ENSG00000278973",2.33450328901423,1.86930560846052,0.629565158615765,0.000210251344850175,0.00187325506902008,"ENSG00000278973","ENSG00000278973","Up","Significant"
"ENSG00000280117",1.45850339535619,1.9434288915672,0.704450001129946,0.000422081297808031,0.0032830831495472,"ENSG00000280117","ENSG00000280117","Up","Significant"
"ENSG00000249267",1.40873762162228,1.60591310336705,1.15038783208421,0.00600295372083995,0.0266710390124139,"ENSG00000249267","LINC00939","Up","Significant"
"ENSG00000275212",1.08942860825114,2.68967634665807,0.915101455520405,6.92374857703058e-05,0.000750348936182787,"ENSG00000275212","LINC02826","Up","Significant"
"ENSG00000214043",1.6480954364332,2.3054511237553,0.800628525645619,0.000206444951558558,0.00184621400634526,"ENSG00000214043","LINC02347","Up","Significant"
"ENSG00000255998",1.77765076921418,1.19024798587402,0.697989791922483,0.00709864427167977,0.0303287607930278,"ENSG00000255998","LINC02824","Up","Significant"
"ENSG00000256286",0.558330697169471,3.07997611019372,1.51223088085592,0.00385908270595609,0.0188862278945352,"ENSG00000256286","LOC105370061","Up","Significant"
"ENSG00000288523",0.681736488413155,2.54055040234423,1.3153099251813,0.00311675953954161,0.016062622105895,"ENSG00000288523","ENSG00000288523","Up","Significant"
"ENSG00000286662",1.70663241916018,3.05439899552676,1.0159229475377,8.24780626859077e-05,0.000869181742793028,"ENSG00000286662","ENSG00000286662","Up","Significant"
"ENSG00000256193",1.6260698618419,2.02609882905733,0.876527096941124,0.0011571229535153,0.00736506421621038,"ENSG00000256193","LINC00507","Up","Significant"
"ENSG00000287311",0.671677914782285,1.59476648133453,1.52641550383878,0.0126961958251409,0.0468852574283277,"ENSG00000287311","ENSG00000287311","Up","Significant"
"ENSG00000256551",0.527366269493714,2.96699341533587,1.47608877972455,0.00370481610770659,0.0182807661541953,"ENSG00000256551","LINC02369","Up","Significant"
"ENSG00000214039",1.08108745932403,2.28062737830499,0.875386576501191,0.000258184292284823,0.00222292846861144,"ENSG00000214039","LINC02418","Up","Significant"
"ENSG00000250208",1.46316311399397,2.64522308595618,0.764912579293697,1.37533839608688e-05,0.00019705958331244,"ENSG00000250208","FZD10-AS1","Up","Significant"
"ENSG00000111452",77.0841839719212,-1.26653943838971,0.220199680050147,1.08268619550171e-09,5.35099287980334e-08,"ENSG00000111452","ADGRD1","Down","Significant"
"ENSG00000204603",0.999024076464197,1.3897113008635,0.974628881874139,0.00745317485694254,0.0314903076293683,"ENSG00000204603","LINC01257","Up","Significant"
"ENSG00000226356",0.801199003194352,2.79881546917453,1.38366883071477,0.0026348339837333,0.014121985278458,"ENSG00000226356","ENSG00000226356","Up","Significant"
"ENSG00000287792",1.01331369203633,2.39308336028098,1.07233957704318,0.000925846876261439,0.00615926205611367,"ENSG00000287792","ENSG00000287792","Up","Significant"
"ENSG00000256955",1.61178944986297,1.65298308706172,0.802668093070719,0.00238167341563375,0.0130447032501588,"ENSG00000256955","ENSG00000256955","Up","Significant"
"ENSG00000227059",0.719714488033611,1.56715509738013,1.18869447344892,0.00797122159599028,0.0331029451555383,"ENSG00000227059","ANHX","Up","Significant"
"ENSG00000279516",14.4937282334214,2.1400493901458,0.567607133969798,9.26710453535811e-06,0.000141343380006971,"ENSG00000279516","FAM230C","Up","Significant"
"ENSG00000280208",3.54116439271656,1.81672289108824,0.509332954239875,2.64492084793953e-05,0.000338957430357598,"ENSG00000280208","ENSG00000280208","Up","Significant"
"ENSG00000206192",3.1903666607658,2.81415189504702,0.639698881705607,8.04634563022717e-07,1.75264463046833e-05,"ENSG00000206192","ENSG00000206192","Up","Significant"
"ENSG00000232894",1.24781363548056,1.11256123112139,0.652608594519601,0.00879088061244808,0.035658348679642,"ENSG00000232894","ENSG00000232894","Up","Significant"
"ENSG00000165474",20.6160243709086,-2.19286631800653,1.1742377259691,0.00179729803405622,0.0104196643292716,"ENSG00000165474","GJB2","Down","Significant"
"ENSG00000165480",56.593265639039,3.14274101439639,0.31123168614297,3.98462921619735e-25,1.71180692827637e-22,"ENSG00000165480","SKA3","Up","Significant"
"ENSG00000230022",1.37432395506931,1.02027205776447,0.61124098960813,0.0106175171881227,0.0411214035433199,"ENSG00000230022","ENSG00000230022","Up","Significant"
"ENSG00000262619",1.43657758903576,1.47193607083635,0.973501065417116,0.00681173452230156,0.0293650343635408,"ENSG00000262619","ENSG00000262619","Up","Significant"
"ENSG00000232163",1.03848451224123,1.2030043174353,0.960098384960237,0.0118403519264896,0.0446018838450478,"ENSG00000232163","RPLP1P13","Up","Significant"
"ENSG00000240654",0.86147700686875,1.87131593563902,1.22327553077198,0.00473469221876499,0.0221152497293833,"ENSG00000240654","C1QTNF9","Up","Significant"
"ENSG00000132972",11.8207360603651,2.90967092590206,0.957034691086563,2.40796747622711e-07,6.25008382346198e-06,"ENSG00000132972","RNF17","Up","Significant"
"ENSG00000253771",1.75584346048194,3.01036941314756,0.696744941373293,1.98548915700735e-07,5.26775583231665e-06,"ENSG00000253771","ENSG00000253771","Up","Significant"
"ENSG00000165566",1.17519560182318,1.93941696263182,0.775614033170993,0.00058678271568427,0.00427631622876559,"ENSG00000165566","AMER2","Up","Significant"
"ENSG00000234706",0.833311171983558,1.92757911030752,1.6899965974545,0.0101635764536858,0.0397910133644768,"ENSG00000234706","ENSG00000234706","Up","Significant"
"ENSG00000132970",10.5226573936018,1.33899388304145,0.443787477942499,0.000230858091306386,0.00202138065889357,"ENSG00000132970","WASF3","Up","Significant"
"ENSG00000237001",0.657344353671224,2.45054201069242,1.35212638128666,0.00452233281975914,0.0213495140120187,"ENSG00000237001","ENSG00000237001","Up","Significant"
"ENSG00000230641",2.88552592940394,1.57005538960819,0.489545372765552,0.000122322480423496,0.00120929766281862,"ENSG00000230641","ENSG00000230641","Up","Significant"
"ENSG00000275294",9.74980110891468,1.34206609082717,0.307216816016602,1.33144698666062e-06,2.66679360884702e-05,"ENSG00000275294","ENSG00000275294","Up","Significant"
"ENSG00000247381",0.760728040809151,2.86650699555474,1.21913574553892,0.00081799870618407,0.00558824029470377,"ENSG00000247381","ENSG00000247381","Up","Significant"
"ENSG00000122025",486.756943443949,1.099781890081,0.386043591439259,0.000542230197167672,0.00403052166745597,"ENSG00000122025","FLT3","Up","Significant"
"ENSG00000179141",1.37011315887842,2.04156924625336,0.755676181511532,0.00043050442693588,0.00333160612841499,"ENSG00000179141","ENSG00000179141","Up","Significant"
"ENSG00000278172",1.22969163861599,2.42498245986175,1.01171862343084,0.000551953870337227,0.00408377616275781,"ENSG00000278172","ENSG00000278172","Up","Significant"
"ENSG00000224511",0.581520794313688,3.00179009987929,1.65721092097226,0.00800754524966709,0.0332085190310761,"ENSG00000224511","LINC00365","Up","Significant"
"ENSG00000224743",2.21989788713397,2.26368573085548,0.65522141501936,3.88115758660565e-05,0.000464809540992025,"ENSG00000224743","TEX26-AS1","Up","Significant"
"ENSG00000189167",2.69593612830095,1.22304738671194,0.506133551323693,0.00159926685366979,0.00946649584872304,"ENSG00000189167","ZAR1L","Up","Significant"
"ENSG00000133116",13.1250757541896,-1.05087517773604,0.411628783083821,0.00132238144565555,0.00814702700174143,"ENSG00000133116","KL","Down","Significant"
"ENSG00000133083",1.66639943104094,2.51652395578201,0.846423402820828,0.000109301574880759,0.00109828647577755,"ENSG00000133083","DCLK1","Up","Significant"
"ENSG00000133101",6.36444387020665,1.88615554829424,0.599896734366954,0.000101090708154277,0.00102993266632462,"ENSG00000133101","CCNA1","Up","Significant"
"ENSG00000133110",1.13594419205792,2.23821539138257,1.01171955755231,0.00088846200492284,0.00596383680347746,"ENSG00000133110","POSTN","Up","Significant"
"ENSG00000133107",0.519814383863488,4.5945037561146,2.54761187469564,0.0104988558122543,0.0408127795142492,"ENSG00000133107","TRPC4","Up","Significant"
"ENSG00000274317",2.50575998321993,1.31190458314805,0.73771585930664,0.00485301261832255,0.0225413018374507,"ENSG00000274317","ENSG00000274317","Up","Significant"
"ENSG00000150893",3.21673748702173,2.37997258596647,0.698783706188747,3.76185330930655e-05,0.000453112661903498,"ENSG00000150893","FREM2","Up","Significant"
"ENSG00000183722",28.5387097968564,1.0463435750631,0.404594103316372,0.00123837368556032,0.00775107199527408,"ENSG00000183722","LHFPL6","Up","Significant"
"ENSG00000233821",1.13734033658168,1.55652967144318,0.82342600072968,0.00346813380781516,0.0174285686511815,"ENSG00000233821","ENSG00000233821","Up","Significant"
"ENSG00000230731",4.07269997783115,1.21383129198857,0.53175304097307,0.00211622216223088,0.0118474033183744,"ENSG00000230731","ENSG00000230731","Up","Significant"
"ENSG00000235366",0.76963556937178,1.40578485770373,1.07428269015307,0.00822778382919762,0.0339120305452132,"ENSG00000235366","ENSG00000235366","Up","Significant"
"ENSG00000240767",2.12216631784686,1.41320210351305,0.466661963403006,0.000265061062305543,0.00227159364112441,"ENSG00000240767","RN7SL288P","Up","Significant"
"ENSG00000223336",4.34297116525898,-1.58561573928017,0.513608710652517,0.000163579870685298,0.00152975765871534,"ENSG00000223336","RNU2-6P","Down","Significant"
"ENSG00000231817",2.87793285057086,1.36781893293884,0.887522014405749,0.00664578017194882,0.0288238995316895,"ENSG00000231817","LINC01198","Up","Significant"
"ENSG00000102468",2.8244113880973,1.23828661413922,0.623604834511242,0.00384654126075771,0.0188331021488501,"ENSG00000102468","HTR2A","Up","Significant"
"ENSG00000152207",194.148239215839,-1.72093972830793,0.242171068805672,1.00905022248271e-13,1.11961138758851e-11,"ENSG00000152207","CYSLTR2","Down","Significant"
"ENSG00000102539",0.779776646901553,3.00586315091728,1.15589229030426,0.000286174986862448,0.00241730215144285,"ENSG00000102539","MLNR","Up","Significant"
"ENSG00000150510",8.27413554727679,1.58211274711358,0.452951400446929,3.72935649385704e-05,0.000450169332682476,"ENSG00000150510","FAM124A","Up","Significant"
"ENSG00000281106",20.445262752721,-1.27516080651239,0.281445265134204,7.02526121679833e-07,1.55694099281545e-05,"ENSG00000281106","TMEM272","Down","Significant"
"ENSG00000136099",0.905571468315712,2.98084815773298,1.42497852305064,0.0021868468570305,0.0121827184259742,"ENSG00000136099","PCDH8","Up","Significant"
"ENSG00000102837",1.1682477250924,4.58387311922919,1.39595516755847,4.65983433072894e-06,7.78784980490754e-05,"ENSG00000102837","OLFM4","Up","Significant"
"ENSG00000287460",1.17624149718762,2.76342840665144,1.03016176350256,0.000244010104525549,0.00211882212815408,"ENSG00000287460","ENSG00000287460","Up","Significant"
"ENSG00000118946",1.49226632825592,2.58718619793484,0.832664717481774,5.07812874785906e-05,0.000581922336975677,"ENSG00000118946","PCDH17","Up","Significant"
"ENSG00000277448",0.807383368147627,2.76263037517107,1.42053183916356,0.0032718356765479,0.0166619972166328,"ENSG00000277448","LINC02338","Up","Significant"
"ENSG00000288015",0.633522966318386,3.36656554091207,1.49629349062384,0.0018327819360923,0.0105869143072775,"ENSG00000288015","ENSG00000288015","Up","Significant"
"ENSG00000139734",24.5938330870933,3.02372039305451,0.321001941765669,3.06459540354109e-22,9.33559339793258e-20,"ENSG00000139734","DIAPH3","Up","Significant"
"ENSG00000227528",0.7633075635329,1.9781689724671,1.43130043166318,0.00778361017096922,0.0325497308397613,"ENSG00000227528","DIAPH3-AS1","Up","Significant"
"ENSG00000225249",0.690762878027119,2.67918641185407,1.21908810062787,0.00134915078633753,0.00826182267898106,"ENSG00000225249","ENSG00000225249","Up","Significant"
"ENSG00000227510",0.959183132590043,1.16952191307965,1.04200935046323,0.0128897961142168,0.0474329209302978,"ENSG00000227510","LINC01442","Up","Significant"
"ENSG00000287996",1.33761360581366,1.70567968997769,0.776277879895646,0.0018379032641226,0.0106016027688906,"ENSG00000287996","LOC124903236","Up","Significant"
"ENSG00000227674",1.53849666359911,1.51062233891064,0.975016446005032,0.00592550490947738,0.0264004446232785,"ENSG00000227674","LINC00355","Up","Significant"
"ENSG00000236678",0.539768357343206,2.16371695527329,1.27660049251207,0.00606120956294208,0.0268667785956348,"ENSG00000236678","LINC00347","Up","Significant"
"ENSG00000228002",2.41663416672609,2.15510938556811,0.538108020073997,5.58148342209924e-06,9.11451890794949e-05,"ENSG00000228002","ENSG00000228002","Up","Significant"
"ENSG00000136160",11.0941162362174,2.67015374650597,0.568748386131108,1.47365941846767e-07,4.06092544847312e-06,"ENSG00000136160","EDNRB","Up","Significant"
"ENSG00000234377",0.779832971788426,2.12166576035895,1.28954629408728,0.00441447965325878,0.0209643989088787,"ENSG00000234377","OBI1-AS1","Up","Significant"
"ENSG00000152192",1.19828475005956,1.44032376923731,0.80880990796259,0.00483485297730105,0.0224640998913451,"ENSG00000152192","POU4F1","Up","Significant"
"ENSG00000284196",1.79758992705759,2.09160304601195,0.764996277849611,0.000389016289708482,0.00307152376339338,"ENSG00000284196","ENSG00000284196","Up","Significant"
"ENSG00000136158",114.934548231417,1.45738405878966,0.382866381727724,1.2720003415828e-05,0.0001845171404593,"ENSG00000136158","SPRY2","Up","Significant"
"ENSG00000228824",2.48700322436453,2.06598537979794,0.783592138530665,0.000451015015313622,0.00346312148215952,"ENSG00000228824","MIR4500HG","Up","Significant"
"ENSG00000229443",0.893396095754676,2.43738449069939,1.2008525382307,0.00156082841813026,0.00929644498100371,"ENSG00000229443","LINC00560","Up","Significant"
"ENSG00000183098",1.21599722968834,2.77735368198942,1.0099255863471,0.000157198634322459,0.00147923870752914,"ENSG00000183098","GPC6","Up","Significant"
"ENSG00000227640",1.45161748473801,4.13696048947903,1.12064116066936,8.41650754137401e-07,1.82189115764794e-05,"ENSG00000227640","SOX21-AS1","Up","Significant"
"ENSG00000125285",0.794881080169103,1.31458400624922,1.1826659314309,0.0104705112735392,0.0407214905135822,"ENSG00000125285","SOX21","Up","Significant"
"ENSG00000134873",1.9023157325063,1.19682342950012,0.801400231944693,0.00902723562650654,0.036402515743478,"ENSG00000134873","CLDN10","Up","Significant"
"ENSG00000134874",1.98192008084963,1.81156810632507,0.721890362626422,0.000750654946509438,0.00521904958031695,"ENSG00000134874","DZIP1","Up","Significant"
"ENSG00000125245",370.525014258682,-1.35901349891157,0.298004352024158,5.248130259238e-07,1.20451778669045e-05,"ENSG00000125245","GPR18","Down","Significant"
"ENSG00000233009",1.04366656552549,2.03256034054024,1.08598631129928,0.00228953947454299,0.0126413211818193,"ENSG00000233009","NALCN-AS1","Up","Significant"
"ENSG00000102452",1.89223040455805,2.07669261431146,0.690639741402191,0.000180124115742603,0.00165409125634938,"ENSG00000102452","NALCN","Up","Significant"
"ENSG00000134901",18.505884231588,1.14106624212007,0.25976796733608,1.57555646181888e-06,3.09106097652745e-05,"ENSG00000134901","POGLUT2","Up","Significant"
"ENSG00000226620",1.73490084398242,2.73962611337782,0.996063144453465,0.000191026393606287,0.00173002795225759,"ENSG00000226620","LINC00343","Up","Significant"
"ENSG00000287923",1.12733410530224,1.81331790097227,1.03350257420397,0.00257804220646566,0.0138842199126419,"ENSG00000287923","ENSG00000287923","Up","Significant"
"ENSG00000287546",0.516604880783469,1.90169700427408,1.41158088016078,0.0125902908527473,0.0466069565943652,"ENSG00000287546","ENSG00000287546","Up","Significant"
"ENSG00000275216",0.616021127247955,1.57250372843126,1.39984255909283,0.0132069637977758,0.0483436075589714,"ENSG00000275216","ENSG00000275216","Up","Significant"
"ENSG00000187498",5.12421794731001,1.41371931724391,0.412204658537305,5.57988565714719e-05,0.000630824522555145,"ENSG00000187498","COL4A1","Up","Significant"
"ENSG00000153495",5.06857333808394,1.00492662199344,0.363627504831783,0.000871821776344354,0.00587213586000461,"ENSG00000153495","TEX29","Up","Significant"
"ENSG00000260343",2.53625898086442,1.95082198740275,0.71075568382207,0.00036584246970409,0.00291534252492613,"ENSG00000260343","LINC01043","Up","Significant"
"ENSG00000139835",12.6942378350903,1.02657326460911,0.423198514743681,0.00194520964283673,0.0111004819349142,"ENSG00000139835","GRTP1","Up","Significant"
"ENSG00000279770",1.22787048781018,3.32258675731214,0.97318346388107,5.91641148343917e-06,9.59134167385405e-05,"ENSG00000279770","LINC00552","Up","Significant"
"ENSG00000184497",38.752622085061,1.51813584602854,0.268459214285172,1.42408075719212e-09,6.7686655523341e-08,"ENSG00000184497","TMEM255B","Up","Significant"
"ENSG00000183087",423.635793128856,1.75192665623822,0.229708240395809,2.20752057121736e-15,3.24437749214572e-13,"ENSG00000183087","GAS6","Up","Significant"
"ENSG00000272695",1.08033895210368,2.63133677792596,0.966280357763178,0.000168624828288665,0.00156565513192709,"ENSG00000272695","GAS6-DT","Up","Significant"
"ENSG00000229373",1.30727669276282,2.68937212116357,0.866524907322829,4.42756406387847e-05,0.000520572786724575,"ENSG00000229373","LINC00452","Up","Significant"
"ENSG00000274827",0.979778999514526,1.95890968394712,1.01207886179679,0.00192184975790267,0.0110065396577612,"ENSG00000274827","ENSG00000274827","Up","Significant"
"ENSG00000182652",0.997021979689596,1.90744071862986,1.10242262998394,0.00312692572918504,0.0160977345612631,"ENSG00000182652","OR4Q3","Up","Significant"
"ENSG00000165762",1.4260457761837,1.59876556479377,1.17360977193844,0.00605901617285619,0.0268643007727926,"ENSG00000165762","OR4K2","Up","Significant"
"ENSG00000155249",0.68301302100441,2.45212451585317,1.415440115852,0.0053433045900178,0.0243570661824114,"ENSG00000155249","OR4K1","Up","Significant"
"ENSG00000176230",1.10692099244353,1.96488516139943,0.889473269763954,0.000938189073532639,0.00623023734938669,"ENSG00000176230","OR4K17","Up","Significant"
"ENSG00000214274",43.8833060654782,1.29669682114481,0.273792449950282,2.46734233187935e-07,6.37457010014996e-06,"ENSG00000214274","ANG","Up","Significant"
"ENSG00000129538",310.036121626905,4.95452547071246,0.459208103277964,2.11305233673337e-28,1.26439769199283e-25,"ENSG00000129538","RNASE1","Up","Significant"
"ENSG00000169397",62.1584736273573,2.46195245843832,0.58906455020739,1.56329436657472e-06,3.07059970278735e-05,"ENSG00000169397","RNASE3","Up","Significant"
"ENSG00000136315",52.0690199818191,1.8263865367861,0.516356391224157,2.64305187131691e-05,0.000338943839096665,"ENSG00000136315","ENSG00000136315","Up","Significant"
"ENSG00000169385",1372.00731050083,2.38822417528066,0.362462558692108,2.89714852608068e-12,2.5413756534146e-10,"ENSG00000169385","RNASE2","Up","Significant"
"ENSG00000169327",0.866423934189594,1.91113479431681,1.14167397470845,0.00319285523036687,0.0163643667325833,"ENSG00000169327","OR5AU1","Up","Significant"
"ENSG00000211821",106.737801491301,-2.16540859280326,0.648152583309049,4.17062117558615e-05,0.000493305135802035,"ENSG00000211821","TRDV2","Down","Significant"
"ENSG00000211835",2.49183283753254,-1.41719756330517,0.56824816128116,0.00112414794426105,0.00719699531223604,"ENSG00000211835","TRAJ56","Down","Significant"
"ENSG00000211848",5.05354740788572,-1.19160782517063,0.358499262569768,0.000120122233032788,0.00119229144155678,"ENSG00000211848","TRAJ41","Down","Significant"
"ENSG00000211851",5.4747759098418,-1.00091260026834,0.298999900582883,0.000141527314624254,0.00135847573352739,"ENSG00000211851","TRAJ38","Down","Significant"
"ENSG00000211856",7.57783582866065,-1.69232760779473,0.306415955786748,3.65002776847315e-09,1.566053527449e-07,"ENSG00000211856","TRAJ33","Down","Significant"
"ENSG00000211875",1.4639377536696,-1.47032275598973,0.668257448813667,0.00256998099148202,0.0138452561163297,"ENSG00000211875","TRAJ14","Down","Significant"
"ENSG00000211886",2.12061292974381,-1.19377602405816,0.549298006970463,0.00336782122157515,0.0170626430773755,"ENSG00000211886","TRAJ3","Down","Significant"
"ENSG00000100842",0.878620465281392,1.71261470308611,1.43210488337916,0.00805102618650897,0.0333434478412716,"ENSG00000100842","EFS","Up","Significant"
"ENSG00000166091",196.398050527712,2.66190533418494,0.362030828191677,1.17590116497475e-14,1.51551046681304e-12,"ENSG00000166091","CMTM5","Up","Significant"
"ENSG00000197616",1.98387018164619,2.24427186332351,0.995544382674877,0.00109960462524338,0.00707638928379982,"ENSG00000197616","MYH6","Up","Significant"
"ENSG00000092054",1.89984854609961,2.35410987102381,0.767734573277933,0.00012425707828232,0.0012239066537808,"ENSG00000092054","MYH7","Up","Significant"
"ENSG00000136367",4.47298851204817,1.16954826202476,0.389890274942737,0.000320109378226258,0.00263551478009427,"ENSG00000136367","ZFHX2","Up","Significant"
"ENSG00000100867",1.88973385233389,1.14976325828385,0.620567714123006,0.00589338457038621,0.0262833292248188,"ENSG00000100867","DHRS2","Up","Significant"
"ENSG00000258464",0.939563459863673,2.62972135960457,1.13683332292709,0.000714381242514901,0.00502059585894124,"ENSG00000258464","LOC105370409","Up","Significant"
"ENSG00000092009",0.792341104950555,2.41456772282449,1.05066600088248,0.000727282965008239,0.00509523831788858,"ENSG00000092009","CMA1","Up","Significant"
"ENSG00000100448",13.9137028529328,1.86721801938802,1.07324119852131,0.00280670994549617,0.014825038392754,"ENSG00000100448","CTSG","Up","Significant"
"ENSG00000257976",0.740723857608991,1.41893654807876,0.979085215597267,0.00652637808193306,0.0284126806739632,"ENSG00000257976","ENSG00000257976","Up","Significant"
"ENSG00000139910",1.448660463701,2.37744344309335,0.742863285736347,5.8484880057619e-05,0.000654128786999585,"ENSG00000139910","NOVA1","Up","Significant"
"ENSG00000257842",1.06298084551248,1.96441972941003,0.812374137358565,0.000552485928270452,0.00408590840221023,"ENSG00000257842","NOVA1-DT","Up","Significant"
"ENSG00000257612",0.867359411376708,2.98022784921569,1.32526543210513,0.00123658029764771,0.00774660108317017,"ENSG00000257612","MIR4307HG","Up","Significant"
"ENSG00000186960",1.33839212080846,2.36410641742989,0.911508065813396,0.000341073731472142,0.00277202029296629,"ENSG00000186960","LINC01551","Up","Significant"
"ENSG00000258038",1.93941338777667,1.64963816091906,0.852888751641579,0.00285809509611193,0.0150442834708788,"ENSG00000258038","LINC02327","Up","Significant"
"ENSG00000257522",1.25877002289934,1.91716554108405,0.880541872453626,0.00118235784439985,0.00748953289376078,"ENSG00000257522","LOC102724934","Up","Significant"
"ENSG00000184304",6.00978373867467,1.44764124635273,0.451203702357451,0.000114552106659466,0.00114412117497826,"ENSG00000184304","PRKD1","Up","Significant"
"ENSG00000151322",1.43556552129068,1.82206075335209,0.808514647224626,0.00151470814465266,0.00907822486481238,"ENSG00000151322","NPAS3","Up","Significant"
"ENSG00000257957",30.2135759505699,-1.14185739271384,0.386885395081547,0.000364099372811637,0.00290490616274884,"ENSG00000257957","QRSL1P3","Down","Significant"
"ENSG00000258342",1.10221080443392,1.68240830194562,1.15490081944467,0.00496624716340048,0.0229631538841433,"ENSG00000258342","ENSG00000258342","Up","Significant"
"ENSG00000229415",1.0055049867371,3.27838465281186,1.34264008538846,0.000757655877011926,0.00525641956781504,"ENSG00000229415","SFTA3","Up","Significant"
"ENSG00000136352",0.718928349365833,1.51223879665746,1.18323034691645,0.0078871805377369,0.032847568063513,"ENSG00000136352","NKX2-1","Up","Significant"
"ENSG00000151338",3.02702382844126,1.20445870650398,0.50778851589899,0.00175685215846039,0.0102258744099095,"ENSG00000151338","MIPOL1","Up","Significant"
"ENSG00000286099",0.75202544829773,1.4309230116107,0.984758521389136,0.00638645699736106,0.0279161339528781,"ENSG00000286099","ENSG00000286099","Up","Significant"
"ENSG00000251363",2.61568754380017,1.60499485034739,0.833763280407706,0.00281404586940419,0.0148567611529644,"ENSG00000251363","ENSG00000251363","Up","Significant"
"ENSG00000139915",1.33680098896472,1.49612210568923,0.798096194018423,0.00407904378636971,0.0197118306731084,"ENSG00000139915","MDGA2","Up","Significant"
"ENSG00000244053",1.33096190916962,1.15683510152464,0.726294606778569,0.00931283928596212,0.0372747171086126,"ENSG00000244053","RPL13AP2","Up","Significant"
"ENSG00000259129",1.05597243792008,1.92627294410582,0.872079714740339,0.00107507178415745,0.0069491860369082,"ENSG00000259129","LINC00648","Up","Significant"
"ENSG00000100479",34.8666335743988,1.93867960948967,0.253532577034471,1.66304992401569e-15,2.52159004089782e-13,"ENSG00000100479","POLE2","Up","Significant"
"ENSG00000258711",1.21488537697955,2.23068861951559,0.846825587060697,0.000295733041603915,0.00247742962277639,"ENSG00000258711","ENSG00000258711","Up","Significant"
"ENSG00000258955",0.756414468971641,2.30563131596853,1.09912010587651,0.00144203174843875,0.00873008886331236,"ENSG00000258955","ENSG00000258955","Up","Significant"
"ENSG00000258537",0.644221579234747,1.75229360643847,1.28308909349058,0.0083422021338629,0.0342530144962152,"ENSG00000258537","FRMD6-AS1","Up","Significant"
"ENSG00000258535",2.09799332377471,2.19631478952246,0.626663822446173,3.53530648135785e-05,0.000431407810938893,"ENSG00000258535","ENSG00000258535","Up","Significant"
"ENSG00000125378",2.30063178236349,-1.51774291122475,0.550876099040269,0.000545297178690843,0.00404703503006677,"ENSG00000125378","BMP4","Down","Significant"
"ENSG00000100526",84.5069619426194,2.64220122616299,0.26046813808918,2.40961321272452e-25,1.07658305526914e-22,"ENSG00000100526","CDKN3","Up","Significant"
"ENSG00000258872",7.13797618362313,-1.24142130485813,0.354749689523062,5.32023007119444e-05,0.000606173374551699,"ENSG00000258872","FDPSP3","Down","Significant"
"ENSG00000126787",93.9845987300597,3.68141984474563,0.329520390824543,3.63766174251166e-30,2.7087646073294e-27,"ENSG00000126787","DLGAP5","Up","Significant"
"ENSG00000258791",2.73938318617939,1.48160470324709,0.81466372093154,0.00381530292601706,0.0187102276815316,"ENSG00000258791","LINC00520","Up","Significant"
"ENSG00000259483",8.44697649563918,1.52059293328149,0.447178056803511,5.31989358542991e-05,0.000606173374551699,"ENSG00000259483","ENSG00000259483","Up","Significant"
"ENSG00000259719",58.8466500002018,2.41564283488852,0.362085468134907,1.60690934273236e-12,1.47523082645531e-10,"ENSG00000259719","LINC02284","Up","Significant"
"ENSG00000151812",1.520949995078,1.2607126858663,0.586793548850151,0.00306238481334751,0.0158507032299138,"ENSG00000151812","SLC35F4","Up","Significant"
"ENSG00000258583",2.90912709845603,1.21537118668458,0.645182803932014,0.00479643454249809,0.0223196396451282,"ENSG00000258583","LINC01500","Up","Significant"
"ENSG00000139970",1115.70591468218,-1.17433253586954,0.258194278554695,5.92454017749949e-07,1.33687149365542e-05,"ENSG00000139970","RTN1","Down","Significant"
"ENSG00000139973",2.0151199420965,1.47856439160669,0.946562463485718,0.00578369280172204,0.0258994737528937,"ENSG00000139973","SYT16","Up","Significant"
"ENSG00000140015",2.48323805163759,2.63520745313339,0.797768892186957,5.29789535777686e-05,0.000604039385994369,"ENSG00000140015","KCNH5","Up","Significant"
"ENSG00000126785",0.624087642354141,2.08724899945042,1.61866765894408,0.0131446767855214,0.0481961893430394,"ENSG00000126785","RHOJ","Up","Significant"
"ENSG00000070182",148.118932126293,2.79755150124028,0.437906105894072,9.5806065212415e-12,7.71722461346831e-10,"ENSG00000070182","SPTB","Up","Significant"
"ENSG00000172717",2.51457485657215,1.36791588672194,0.427509620090422,0.000150228327206598,0.00142768037900337,"ENSG00000172717","GARIN2","Up","Significant"
"ENSG00000100558",20.0349581292055,1.02083450422624,0.352523207788012,0.000541587361802642,0.00402663654462941,"ENSG00000100558","PLEK2","Up","Significant"
"ENSG00000139988",3.93621764495724,1.1807284151891,0.411961845028681,0.000472721042496365,0.00359600667718745,"ENSG00000139988","RDH12","Up","Significant"
"ENSG00000287167",1.45491001310814,1.04974018796021,0.593532634192328,0.00863891279682861,0.0351439105509976,"ENSG00000287167","ENSG00000287167","Up","Significant"
"ENSG00000100626",3.28611226165207,1.09568037998975,0.571570701194222,0.00542798291866365,0.0246592027686416,"ENSG00000100626","GALNT16","Up","Significant"
"ENSG00000198732",2.08853824998329,1.74815098303586,0.658017496445574,0.000554808398770268,0.00409946518950229,"ENSG00000198732","SMOC1","Up","Significant"
"ENSG00000100678",24.2959198587204,2.04446910110192,0.405335452829002,3.02094461210512e-08,1.03611906864924e-06,"ENSG00000100678","SLC8A3","Up","Significant"
"ENSG00000182732",67.2505689636752,1.81830392006063,0.323670528342676,1.51020337240543e-09,7.13757472580162e-08,"ENSG00000182732","RGS6","Up","Significant"
"ENSG00000258944",7.12700059676226,1.20635961339913,0.276576753950587,1.67205097835824e-06,3.2518140588396e-05,"ENSG00000258944","ENSG00000258944","Up","Significant"
"ENSG00000119614",0.593553219482431,2.03470570890817,1.51379721566284,0.0111976274352493,0.0427866102739692,"ENSG00000119614","VSX2","Up","Significant"
"ENSG00000242951",5.16577321769214,2.47997508682956,0.462970774486141,5.90368610387309e-09,2.39789839581434e-07,"ENSG00000242951","ENSG00000242951","Up","Significant"
"ENSG00000258569",1.04035360061546,1.22031251793056,0.888076514086171,0.00999899657981806,0.0393535795622649,"ENSG00000258569","ENSG00000258569","Up","Significant"
"ENSG00000258819",2.0274536332305,1.18017031505067,0.729794192043896,0.00795433586494487,0.0330492052694901,"ENSG00000258819","LINC02289","Up","Significant"
"ENSG00000021645",3.27681277006799,2.48567673150254,0.590110924159235,1.65704284708756e-06,3.23012500075957e-05,"ENSG00000021645","NRXN3","Up","Significant"
"ENSG00000211448",2.10785894840493,1.2150441914149,0.786162520817373,0.00823908890469121,0.0339377541619297,"ENSG00000211448","DIO2","Up","Significant"
"ENSG00000165409",26.7192649176194,2.32939656040859,0.2354340929508,2.92572478878213e-24,1.08931235497001e-21,"ENSG00000165409","TSHR","Up","Significant"
"ENSG00000140022",189.406500194543,1.56230480046353,0.345263827820546,5.22094777361636e-07,1.19910033547711e-05,"ENSG00000140022","STON2","Up","Significant"
"ENSG00000185070",7.02048873752435,2.46262910822984,0.572307941220871,9.26905282780709e-07,1.96954147880144e-05,"ENSG00000185070","FLRT2","Up","Significant"
"ENSG00000165914",169.636863894026,1.78493057777302,0.293336418034439,9.42988322350563e-11,6.10011499877317e-09,"ENSG00000165914","TTC7B","Up","Significant"
"ENSG00000258884",1.8379850214293,1.78691596602463,0.61274670741885,0.0002762384690706,0.00235055227528865,"ENSG00000258884","LINC02321","Up","Significant"
"ENSG00000258584",0.884523191934908,1.4844451693256,1.6637635435991,0.0103364999577579,0.0403124885866423,"ENSG00000258584","FAM181A-AS1","Up","Significant"
"ENSG00000175699",0.561938812524096,2.00359493943617,1.50327794498498,0.0130388297104727,0.0479234556069136,"ENSG00000175699","CCDC197","Up","Significant"
"ENSG00000165948",83.6417232263809,1.31441808092353,0.162464239071393,7.27660618028806e-17,1.2969776409323e-14,"ENSG00000165948","IFI27L1","Up","Significant"
"ENSG00000165949",3908.24683203092,8.54624915290092,0.625881953186111,1.1454829129373e-43,5.48342670423087e-40,"ENSG00000165949","IFI27","Up","Significant"
"ENSG00000140093",1.02873049570831,2.41068443139488,1.08357126125127,0.000955319853567701,0.00632769578438428,"ENSG00000140093","SERPINA10","Up","Significant"
"ENSG00000239269",0.920716294821746,1.87200150728901,0.981853076567373,0.00208518335616884,0.0117058819034782,"ENSG00000239269","RPSAP4","Up","Significant"
"ENSG00000258572",11.9945267618036,1.95364872428685,0.294629954806092,2.95292086854292e-12,2.57680795270845e-10,"ENSG00000258572","SYNE3-AS1","Up","Significant"
"ENSG00000258511",29.6529080295049,-1.02464251165264,0.350570641641806,0.000501430536344069,0.00377497996907513,"ENSG00000258511","ENSG00000258511","Down","Significant"
"ENSG00000183092",24.5046205712704,-1.01978475988654,0.312132162932911,0.000163227689142013,0.00152782028923456,"ENSG00000183092","BEGAIN","Down","Significant"
"ENSG00000196273",0.791784184507939,2.056011722067,1.38910313520085,0.00625377494333045,0.0274938001280582,"ENSG00000196273","LINC00523","Up","Significant"
"ENSG00000225746",5.12736304044439,1.60408544988607,0.514904996085439,0.000134950314281528,0.00130695089053749,"ENSG00000225746","ENSG00000225746","Up","Significant"
"ENSG00000259161",15.4836499840572,-1.41459155339033,0.384579922053726,2.16592569969255e-05,0.000286642986852281,"ENSG00000259161","ENSG00000259161","Down","Significant"
"ENSG00000156381",231.003303611514,1.44234119977235,0.277887399782945,2.12714675765153e-08,7.48724377123372e-07,"ENSG00000156381","ANKRD9","Up","Significant"
"ENSG00000205436",3.12179659964593,2.45695877724717,0.542202931864192,0.00413612946006067,0.0199334908783508,"ENSG00000205436","EXOC3L4","Up","Significant"
"ENSG00000227729",2.24526872599036,2.16829735435672,0.698082106400479,0.000130383498247246,0.0012710332254615,"ENSG00000227729","RD3L","Up","Significant"
"ENSG00000166183",3.11475929969088,1.78882608824192,0.551614333643207,8.63965336615416e-05,0.000903859333894661,"ENSG00000166183","ASPG","Up","Significant"
"ENSG00000258986",1.24618617220177,1.57694900912653,0.720101221627307,0.0020660669766847,0.0116188071083553,"ENSG00000258986","TMEM179","Up","Significant"
"ENSG00000184601",0.816392188041484,1.69303590820854,1.95480624611787,0.0127583445772759,0.047042184027282,"ENSG00000184601","C14orf180","Up","Significant"
"ENSG00000256050",6.36936898449914,2.71151081700319,0.706915816732761,6.15611764215219e-06,9.91756471494605e-05,"ENSG00000256050","ENSG00000256050","Up","Significant"
"ENSG00000183484",957.077995306267,-1.06216984428797,0.213516510556613,1.06540664974022e-07,3.08829683617173e-06,"ENSG00000183484","GPR132","Down","Significant"
"ENSG00000182809",364.498054833585,-1.28583138938468,0.266428260418845,1.58599143373539e-07,4.34191069877771e-06,"ENSG00000182809","CRIP2","Down","Significant"
"ENSG00000211890",6033.22666052074,3.2360524301491,0.425758557506142,1.84423409700577e-15,2.74659734918073e-13,"ENSG00000211890","IGHA2","Up","Significant"
"ENSG00000211892",1684.9326468797,2.36722840633486,0.531247782696896,4.74823557367207e-07,1.10568885224585e-05,"ENSG00000211892","IGHG4","Up","Significant"
"ENSG00000211893",5121.59944105371,1.99158821327106,0.4257921841371,2.07984878270718e-07,5.46410317344058e-06,"ENSG00000211893","IGHG2","Up","Significant"
"ENSG00000253755",310.625199012203,2.02322643247047,0.799370294629324,0.000518851718360976,0.00388425297115584,"ENSG00000253755","ENSG00000253755","Up","Significant"
"ENSG00000211895",42602.8045543686,3.10466920375795,0.432342290613258,3.73412805791815e-14,4.43712401038224e-12,"ENSG00000211895","IGHA1","Up","Significant"
"ENSG00000211896",47046.9350758604,5.13031387668635,0.434123325200153,1.75515984059173e-33,2.17828337401438e-30,"ENSG00000211896","IGHG1","Up","Significant"
"ENSG00000211897",7774.04776735011,4.02234382359853,0.471941727206487,8.6117735731219e-19,1.87384364066066e-16,"ENSG00000211897","IGHG3","Up","Significant"
"ENSG00000211899",33748.2831700035,1.4449752971904,0.273075020295621,1.05751973834178e-08,4.03603973941854e-07,"ENSG00000211899","IGHM","Up","Significant"
"ENSG00000211900",19.3859456227702,1.49487375390566,0.298170138191295,5.10711469113578e-08,1.62366514407276e-06,"ENSG00000211900","IGHJ6","Up","Significant"
"ENSG00000237111",31.4543391922517,1.46005303780165,0.29311056440491,6.0877630560197e-08,1.88796832802039e-06,"ENSG00000237111","IGHJ3P","Up","Significant"
"ENSG00000242472",23.206192583332,1.58606353951515,0.307352190909217,2.19863742006736e-08,7.71456977057981e-07,"ENSG00000242472","IGHJ5","Up","Significant"
"ENSG00000240041",8.81258752024574,1.24652893034754,0.367819457688623,7.75742324473503e-05,0.00082521744605659,"ENSG00000240041","IGHJ4","Up","Significant"
"ENSG00000225825",3.86343915574138,1.76054742119585,0.475440296806982,1.70229938571281e-05,0.000234838823037671,"ENSG00000225825","IGHD6-25","Up","Significant"
"ENSG00000211912",0.583889661519788,2.47962438715958,1.17408435592521,0.00178772063047638,0.0103767071897858,"ENSG00000211912","IGHD2-21","Up","Significant"
"ENSG00000211917",1.55562681944766,1.56939362365755,0.846569068425898,0.00379730192814451,0.0186576508052647,"ENSG00000211917","IGHD3-16","Up","Significant"
"ENSG00000211920",1.16427549368039,2.85553837043515,0.857526907103308,1.06039204531404e-05,0.000158063509993007,"ENSG00000211920","IGHD6-13","Up","Significant"
"ENSG00000211930",10.1930959670391,1.3960315057516,0.359250425022961,1.0018847862985e-05,0.000150886100243041,"ENSG00000211930","IGHD3-3","Up","Significant"
"ENSG00000211933",221.105520890726,2.46876152987862,0.378029106703571,4.10829267059033e-12,3.52986613073876e-10,"ENSG00000211933","IGHV6-1","Up","Significant"
"ENSG00000211934",2484.39719692795,3.51034196339666,0.431770559031202,2.51112318810853e-17,4.72725993878252e-15,"ENSG00000211934","IGHV1-2","Up","Significant"
"ENSG00000211935",293.659361311054,2.93325298384347,0.542127627065956,3.35823253354145e-09,1.45576990900958e-07,"ENSG00000211935","IGHV1-3","Up","Significant"
"ENSG00000276775",262.033619598652,3.53741596106341,0.74683228655557,1.0355753177233e-07,3.02011256062576e-06,"ENSG00000276775","IGHV4-4","Up","Significant"
"ENSG00000282122",623.244056923069,4.60322258881198,1.14291825432225,1.95969189808134e-06,3.73109748936408e-05,"ENSG00000282122","IGHV7-4-1","Up","Significant"
"ENSG00000211937",597.848609483867,2.75162200783655,0.372174643996623,8.58747851853271e-15,1.12846203010789e-12,"ENSG00000211937","IGHV2-5","Up","Significant"
"ENSG00000211938",1111.88929902985,2.47270069896507,0.345741712815241,5.68600399679348e-14,6.59281342313331e-12,"ENSG00000211938","IGHV3-7","Up","Significant"
"ENSG00000282651",319.526064196573,3.64460567012026,1.67608531444737,0.000593715730296912,0.00430903625872194,"ENSG00000282651","ENSG00000282651","Up","Significant"
"ENSG00000211941",596.572778245141,2.94841329230892,0.341543427010589,3.55141024121508e-19,7.98685944784404e-17,"ENSG00000211941","IGHV3-11","Up","Significant"
"ENSG00000254174",2.49938072605094,3.84370644653402,0.833317138682969,2.97228955437073e-08,1.02047592907181e-06,"ENSG00000254174","IGHV1-12","Up","Significant"
"ENSG00000211942",273.92118555495,3.15496808050137,0.587797692841745,4.10214916005447e-09,1.73340373523664e-07,"ENSG00000211942","IGHV3-13","Up","Significant"
"ENSG00000253709",58.7208923480116,6.2951471791485,0.772887357516627,1.93007268307934e-17,3.67470486007419e-15,"ENSG00000253709","IGHV1-14","Up","Significant"
"ENSG00000211943",725.599505781538,2.44488898982553,0.367382249470835,1.80859759489393e-12,1.65585510402461e-10,"ENSG00000211943","IGHV3-15","Up","Significant"
"ENSG00000254046",4.92015180508976,2.07878509729417,0.518101127009659,4.09203153492128e-06,6.98878107562065e-05,"ENSG00000254046","IGHV1-17","Up","Significant"
"ENSG00000211945",1008.11515905813,3.53620927604965,0.312977135357997,7.75402450776815e-31,6.49574018077007e-28,"ENSG00000211945","IGHV1-18","Up","Significant"
"ENSG00000253883",1.91969618241653,2.72489108354346,0.877542917133785,5.9889689289015e-05,0.000666061599198673,"ENSG00000253883","IGHV3-19","Up","Significant"
"ENSG00000211946",1254.13390304516,4.64804064138064,0.530747313600774,1.03979764077085e-19,2.50666037011441e-17,"ENSG00000211946","IGHV3-20","Up","Significant"
"ENSG00000211947",1423.83917791028,2.96706776305185,0.315719908006962,3.36571142804507e-22,1.00697878787823e-19,"ENSG00000211947","IGHV3-21","Up","Significant"
"ENSG00000253957",4.18837542680315,2.01332840111321,0.538524853194774,1.28565775513832e-05,0.000186256401716083,"ENSG00000253957","IGHV3-22","Up","Significant"
"ENSG00000211949",3276.79470779347,3.06818247700761,0.331698241863318,1.32705512079357e-21,3.6750652927828e-19,"ENSG00000211949","IGHV3-23","Up","Significant"
"ENSG00000211950",1303.24098165799,5.68107014545259,0.442625073694409,5.66997660555574e-39,1.404879075592e-35,"ENSG00000211950","IGHV1-24","Up","Significant"
"ENSG00000211951",123.321133039029,5.18437147114933,0.348820634092076,2.82364789789292e-11,2.07494775023013e-09,"ENSG00000211951","IGHV2-26","Up","Significant"
"ENSG00000211952",107.560393291055,2.93193902427145,0.357107577511004,1.3271726539689e-17,2.58559467801417e-15,"ENSG00000211952","IGHV4-28","Up","Significant"
"ENSG00000270550",1748.34638417333,2.94173893480905,0.358140153862843,1.37221766002797e-17,2.65789835664031e-15,"ENSG00000270550","IGHV3-30","Up","Significant"
"ENSG00000231475",293.853196900754,2.64179611119424,0.394952345241081,1.37626755006604e-12,1.27748890125106e-10,"ENSG00000231475","IGHV4-30-2","Up","Significant"
"ENSG00000211955",1174.85852773622,3.32415340729631,0.344641022892267,2.95724666959749e-23,9.71513516191592e-21,"ENSG00000211955","IGHV3-33","Up","Significant"
"ENSG00000211956",3037.0595447636,4.13230281421409,0.365099069357744,6.03576309557338e-31,5.1859586043479e-28,"ENSG00000211956","IGHV4-34","Up","Significant"
"ENSG00000211957",3.35737745552472,1.18022053236832,0.532344648556425,0.00264211121336108,0.0141510304494001,"ENSG00000211957","IGHV3-35","Up","Significant"
"ENSG00000211958",1.783760592944,2.05888030733964,0.778920349929902,0.00049744962190383,0.00374922163301292,"ENSG00000211958","IGHV3-38","Up","Significant"
"ENSG00000211959",1886.24034017024,3.17349737867826,0.517747596624655,4.87374929291394e-11,3.39531112383063e-09,"ENSG00000211959","IGHV4-39","Up","Significant"
"ENSG00000278473",2.50369814620097,2.03565435947119,0.705932616443062,0.000239534261264184,0.00208698740527861,"ENSG00000278473","IGHV3-41","Up","Significant"
"ENSG00000232216",317.944523184334,3.40291730647829,0.482340038818863,9.35962345153436e-14,1.05245510817941e-11,"ENSG00000232216","IGHV3-43","Up","Significant"
"ENSG00000211961",78.2500942687099,4.36117426655625,0.919181799626447,8.23940911893934e-08,2.46512821577266e-06,"ENSG00000211961","IGHV1-45","Up","Significant"
"ENSG00000211962",995.227524635364,3.40169353540731,0.310471495789526,3.78988850821142e-29,2.59174232697258e-26,"ENSG00000211962","IGHV1-46","Up","Significant"
"ENSG00000211964",1288.27045959231,2.81161969304557,0.452943223785814,3.2819799250554e-11,2.3804299850364e-09,"ENSG00000211964","IGHV3-48","Up","Significant"
"ENSG00000211965",503.91837104023,2.94373866777779,0.374860152046834,2.36962365628855e-16,4.03064563952148e-14,"ENSG00000211965","IGHV3-49","Up","Significant"
"ENSG00000211966",913.410294288886,2.90447991706346,0.30883431779086,3.2029413462032e-22,9.66913167296605e-20,"ENSG00000211966","IGHV5-51","Up","Significant"
"ENSG00000253545",2.83918210499313,3.39221691127461,0.702105662397508,7.55888081676572e-08,2.288080734318e-06,"ENSG00000253545","IGHV3-52","Up","Significant"
"ENSG00000211967",293.153074093703,2.38499344808359,0.381103580430155,2.45032161406069e-11,1.83276399476695e-09,"ENSG00000211967","IGHV3-53","Up","Significant"
"ENSG00000254395",80.7061828622414,2.47190089319808,0.407320251808439,7.93924626107057e-11,5.22089219053598e-09,"ENSG00000254395","IGHV4-55","Up","Significant"
"ENSG00000211968",52.0650780761448,2.2457497251234,0.487904996350235,2.50148179291677e-07,6.44290187539187e-06,"ENSG00000211968","IGHV1-58","Up","Significant"
"ENSG00000224373",1054.33375875657,3.67859003489224,0.293968562630356,3.68477907980328e-37,5.87967915167278e-34,"ENSG00000224373","IGHV4-59","Up","Significant"
"ENSG00000211970",436.964630023815,3.38975108930853,0.429651226361595,1.70151367382433e-16,2.95419801534609e-14,"ENSG00000211970","IGHV4-61","Up","Significant"
"ENSG00000253132",4.16090090798663,2.4934169299073,0.624645238406797,4.26672360808337e-06,7.24939358150706e-05,"ENSG00000253132","IGHV3-62","Up","Significant"
"ENSG00000223648",101.886081890781,3.28511710155001,0.638194222521911,1.31582823981146e-08,4.89912094309356e-07,"ENSG00000223648","IGHV3-64","Up","Significant"
"ENSG00000253209",5.82239075076661,2.54918427919111,0.560615207260243,3.20842518101829e-07,7.9520058720963e-06,"ENSG00000253209","IGHV3-65","Up","Significant"
"ENSG00000211972",117.524902124496,2.7834969242746,0.377418380996973,9.82048070515873e-15,1.28544721855142e-12,"ENSG00000211972","IGHV3-66","Up","Significant"
"ENSG00000253274",5.14001932251009,4.15227627621155,0.725832181215098,8.81132397322722e-10,4.50089413138523e-08,"ENSG00000253274","IGHV1-67","Up","Significant"
"ENSG00000211973",270.18675176035,2.62728650893952,0.533973719587598,4.75512091679418e-08,1.52623895403119e-06,"ENSG00000211973","IGHV1-69","Up","Significant"
"ENSG00000211974",110.615533678652,3.01805560865582,0.783059056683619,5.14179431077477e-06,8.50846348443218e-05,"ENSG00000211974","IGHV2-70D","Up","Significant"
"ENSG00000282600",52.3451146156985,3.29111631218773,0.39259133406973,3.06287509819942e-18,6.41461760409777e-16,"ENSG00000282600","IGHV3-69-1","Up","Significant"
"ENSG00000281990",577.172510704132,5.27089845398008,0.870991771866834,6.19486315974885e-11,4.17673379517151e-09,"ENSG00000281990","IGHV1-69-2","Up","Significant"
"ENSG00000280411",895.621205383645,1.15691978445514,0.665179407758572,0.00638649565438429,0.0279161339528781,"ENSG00000280411","IGHV1-69D","Up","Significant"
"ENSG00000274576",200.796030376155,3.7228349185177,0.666574527322565,1.12160698342612e-09,5.52704829523908e-08,"ENSG00000274576","IGHV2-70","Up","Significant"
"ENSG00000254056",4.27106275016195,2.04123371323597,0.550038395703579,1.40369342778e-05,0.000200239944961601,"ENSG00000254056","IGHV3-71","Up","Significant"
"ENSG00000225698",162.737488794688,2.09553767161183,0.553325755226532,8.84880033833062e-06,0.00013582888251815,"ENSG00000225698","IGHV3-72","Up","Significant"
"ENSG00000211976",140.695922829189,3.23417444200071,0.458688977221853,1.16449931763544e-06,2.38370236008833e-05,"ENSG00000211976","IGHV3-73","Up","Significant"
"ENSG00000224650",827.33938958044,2.45647983252131,0.42190787796955,3.62938169435243e-10,2.0337282808705e-08,"ENSG00000224650","IGHV3-74","Up","Significant"
"ENSG00000283906",0.964858825374904,1.25697153022889,1.01275712751453,0.0106232538641017,0.0411293603387848,"ENSG00000283906","IGHV4-80","Up","Significant"
"ENSG00000211979",2.45440247611456,1.67559502811098,0.660003819382873,0.000729196638115409,0.00510331038985155,"ENSG00000211979","IGHV7-81","Up","Significant"
"ENSG00000188403",3.95972255220436,4.83250716030573,0.960548741138117,1.44296175698088e-09,6.83906725808661e-08,"ENSG00000188403","IGHV1OR15-9","Up","Significant"
"ENSG00000259337",2.4568708102837,3.35536917365431,0.698908148253401,4.38426959561069e-08,1.41670674907732e-06,"ENSG00000259337","ENSG00000259337","Up","Significant"
"ENSG00000259490",8.16929795678156,3.60878546310617,0.476837758371519,3.35337231817746e-15,4.76136241566986e-13,"ENSG00000259490","ENSG00000259490","Up","Significant"
"ENSG00000278935",0.948373421731889,2.43361166630032,1.37223923526968,0.00324765411173454,0.0165715915380102,"ENSG00000278935","ENSG00000278935","Up","Significant"
"ENSG00000258628",3.81095771682407,2.00759340932628,0.613752523174906,6.44096076011835e-05,0.000705993313911989,"ENSG00000258628","ENSG00000258628","Up","Significant"
"ENSG00000276550",329.648123506352,-1.01163453528928,0.258348129844439,1.43604815210437e-05,0.000203815276105137,"ENSG00000276550","ENSG00000276550","Down","Significant"
"ENSG00000277435",19.2784414359509,1.44009209546989,0.373825993563393,1.08836704184586e-05,0.000161586580439579,"ENSG00000277435","ENSG00000277435","Up","Significant"
"ENSG00000274099",1.55996687318068,1.67344358805349,1.11477457564629,0.00527893162762031,0.0241128298677657,"ENSG00000274099","ENSG00000274099","Up","Significant"
"ENSG00000259905",6.60272460185987,2.4080432140062,0.648168468108909,1.06518230539439e-05,0.000158636417206492,"ENSG00000259905","PWRN1","Up","Significant"
"ENSG00000185823",1.45609082358378,1.68054315655803,0.965044629255029,0.00409018899666654,0.0197547049710722,"ENSG00000185823","NPAP1","Up","Significant"
"ENSG00000280118",1.08661764759056,2.8570980778845,1.18820430675964,0.000557317694884059,0.00411709846513887,"ENSG00000280118","ENSG00000280118","Up","Significant"
"ENSG00000206187",2.37534327903423,1.48288978139122,0.691375233334222,0.00216171637311401,0.0120647824694666,"ENSG00000206187","LINC02346","Up","Significant"
"ENSG00000235160",0.657701399970795,1.65300135824229,1.41765225595581,0.0113672175429699,0.0432550638936384,"ENSG00000235160","LINC02248","Up","Significant"
"ENSG00000182256",2.66307937506131,1.64385883534344,0.626192597899869,0.000583842592345426,0.00426044891700846,"ENSG00000182256","GABRG3","Up","Significant"
"ENSG00000260844",12.0140865396542,1.47039877446688,0.454785295054528,9.98907011315956e-05,0.00101987736265041,"ENSG00000260844","ENSG00000260844","Up","Significant"
"ENSG00000104059",1.22064649536501,1.02288210215923,0.64526347902472,0.0120538493037181,0.0452360215386145,"ENSG00000104059","ENTREP2","Up","Significant"
"ENSG00000259814",0.680597763895164,1.8783212348326,1.30703595686492,0.00755349198099318,0.0318057254072757,"ENSG00000259814","ENSG00000259814","Up","Significant"
"ENSG00000104067",3.48494873294347,2.76075951519479,0.551997638614233,4.54001541249111e-08,1.46139650775374e-06,"ENSG00000104067","TJP1","Up","Significant"
"ENSG00000103832",0.617330626737555,1.69021738379312,1.31219356326972,0.0101756735921669,0.0398337203738226,"ENSG00000103832","ENSG00000103832","Up","Significant"
"ENSG00000134160",2.79290931485539,2.09234031834761,0.644762944572142,7.73976863321593e-05,0.000823600848302422,"ENSG00000134160","TRPM1","Up","Significant"
"ENSG00000259448",23.2731300120712,1.03071084695771,0.19879797781876,3.64163033569428e-08,1.21132700190013e-06,"ENSG00000259448","LINC02352","Up","Significant"
"ENSG00000259772",49.6692722604051,2.13314169447672,0.247334638842718,4.89341491950585e-19,1.08591682475312e-16,"ENSG00000259772","LINC03034","Up","Significant"
"ENSG00000166922",4.60183482130324,1.03142327853193,0.368387858847653,0.000753401226631241,0.00523118974371866,"ENSG00000166922","SCG5","Up","Significant"
"ENSG00000166923",2.9214015392334,1.96509358501584,0.591214916071479,5.90298661327921e-05,0.000658246849997914,"ENSG00000166923","GREM1","Up","Significant"
"ENSG00000248905",129.231715938889,1.24680615316127,0.328775027589542,1.68337232366328e-05,0.000232689713859563,"ENSG00000248905","FMN1","Up","Significant"
"ENSG00000250007",0.551545576712352,1.97649494940382,1.4717765829728,0.0123834010847085,0.0460959105695951,"ENSG00000250007","GJD2-DT","Up","Significant"
"ENSG00000134138",2.85355075569657,1.23071765262742,0.625958109495363,0.00398043145575436,0.0193416875943841,"ENSG00000134138","MEIS2","Up","Significant"
"ENSG00000156970",70.1228573354102,2.67603109547529,0.242601884236038,1.75670471571606e-29,1.25245570891339e-26,"ENSG00000156970","BUB1B","Up","Significant"
"ENSG00000279537",0.660778525671848,2.37171060001379,1.47099666804688,0.00740555548942609,0.0313126509646914,"ENSG00000279537","ENSG00000279537","Up","Significant"
"ENSG00000279409",0.987058322441549,1.37941785242327,0.911757637294994,0.00624043745890808,0.0274567776799568,"ENSG00000279409","ENSG00000279409","Up","Significant"
"ENSG00000137812",84.2426735035826,1.93175612952232,0.225955836242522,9.8835660740125e-19,2.12300266393644e-16,"ENSG00000137812","KNL1","Up","Significant"
"ENSG00000051180",100.537330193306,2.40921820253069,0.238968553284395,4.65696374372915e-25,1.97531896314709e-22,"ENSG00000051180","RAD51","Up","Significant"
"ENSG00000104147",11.8449850741889,2.10800725745639,0.260666307969092,5.71742608682188e-17,1.02451995049901e-14,"ENSG00000104147","OIP5","Up","Significant"
"ENSG00000092445",8.5644033310491,1.12850096362212,0.334128525150394,9.27076192455107e-05,0.000958217030628568,"ENSG00000092445","TYRO3","Up","Significant"
"ENSG00000159337",1.71898201637649,1.94001334553109,0.816111024403542,0.000998217883242578,0.00656125599246284,"ENSG00000159337","PLA2G4D","Up","Significant"
"ENSG00000168907",1.39812411061059,3.47874794930193,1.05264439882675,1.40563917173198e-05,0.000200432183002413,"ENSG00000168907","PLA2G4F","Up","Significant"
"ENSG00000166947",133.091688021179,5.24779208530405,0.805111472736802,2.98379885182398e-12,2.59699001885116e-10,"ENSG00000166947","EPB42","Up","Significant"
"ENSG00000159495",0.814867900190391,1.68360257307428,0.9593708967715,0.00339012498831606,0.0171471242616578,"ENSG00000159495","TGM7","Up","Significant"
"ENSG00000166963",327.651618675987,1.24523658110429,0.318367879358465,1.04857402916128e-05,0.000156650321636939,"ENSG00000166963","MAP1A","Up","Significant"
"ENSG00000140279",2.7040762962844,1.99183944067963,0.655695043318306,0.000151151612823764,0.00143497797408299,"ENSG00000140279","DUOX2","Up","Significant"
"ENSG00000137872",1.4692848397315,2.91158164067179,0.858528065840571,1.4613190598634e-05,0.000206526108717683,"ENSG00000137872","SEMA6D","Up","Significant"
"ENSG00000287439",1.09466899416711,1.15612155399088,0.884777430505487,0.013241940199226,0.0484467926777886,"ENSG00000287439","ENSG00000287439","Up","Significant"
"ENSG00000166147",13.3939302554646,1.30425705748777,0.347835121633322,1.84700045529931e-05,0.000251294716559308,"ENSG00000166147","FBN1","Up","Significant"
"ENSG00000259188",2.06699212561745,1.02926332334196,0.533582200122092,0.00634088942888229,0.0277707762678114,"ENSG00000259188","LOC102724587","Up","Significant"
"ENSG00000140284",30.9463316082031,1.37872519567366,0.32110173191326,1.79821785439594e-06,3.46468743616739e-05,"ENSG00000140284","SLC27A2","Up","Significant"
"ENSG00000259773",0.934893251035807,1.97594266061789,0.926562250462118,0.00117097395175155,0.00743147086159899,"ENSG00000259773","ENSG00000259773","Up","Significant"
"ENSG00000183578",8.0880450756837,3.20975261226056,0.541075320085432,1.80243104542117e-10,1.08628888311183e-08,"ENSG00000183578","TNFAIP8L3","Up","Significant"
"ENSG00000137869",17.5330336975108,4.98233581893145,0.846226930324601,1.87884240709807e-10,1.12828190357436e-08,"ENSG00000137869","CYP19A1","Up","Significant"
"ENSG00000186417",4.42813506428871,2.49380107296036,0.44847802995005,0.00189931885667008,0.0109054618862505,"ENSG00000186417","GLDN","Up","Significant"
"ENSG00000259712",3.59768469047922,1.15139404374719,0.46955472489063,0.00153192708288607,0.00915196017479575,"ENSG00000259712","ENSG00000259712","Up","Significant"
"ENSG00000169856",0.789013165852874,2.14356460098762,1.31028837059602,0.00468556252113521,0.0219316265568822,"ENSG00000169856","ONECUT1","Up","Significant"
"ENSG00000166415",1.4454656442339,2.21092970227676,0.88343734866354,0.000457411874038531,0.00350121388167034,"ENSG00000166415","WDR72","Up","Significant"
"ENSG00000280362",0.918103929992367,2.44568483777907,1.29197338081804,0.00254175626554725,0.0137196698940436,"ENSG00000280362","ENSG00000280362","Up","Significant"
"ENSG00000137766",2.45926524883997,1.70182128410688,0.617201074340148,0.000401516535239831,0.00315091746589028,"ENSG00000137766","UNC13C","Up","Significant"
"ENSG00000171016",0.892506190995382,3.17705948006801,1.22867659725137,0.000376883375465948,0.00299335980765311,"ENSG00000171016","PYGO1","Up","Significant"
"ENSG00000263155",28.043710632283,1.24970061414721,0.462972752084557,0.000657251048986195,0.00468492350573887,"ENSG00000263155","MYZAP","Up","Significant"
"ENSG00000137878",43.5756223768391,1.17821022221737,0.475679621314573,0.00132554508700122,0.00816190680606922,"ENSG00000137878","GCOM1","Up","Significant"
"ENSG00000259476",4.50716810094584,1.13725804107911,0.46519886763195,0.00157745006939928,0.00936756266513431,"ENSG00000259476","ENSG00000259476","Up","Significant"
"ENSG00000259402",0.613984564010291,2.25891129539788,1.40899065204589,0.00736506932356356,0.0311847495531073,"ENSG00000259402","ENSG00000259402","Up","Significant"
"ENSG00000157456",146.915944194192,3.30484838551658,0.277939975915224,8.19317589249464e-34,1.09818052392641e-30,"ENSG00000157456","CCNB2","Up","Significant"
"ENSG00000140297",2.6942661012251,1.47247562420774,0.57162404341127,0.000786345895220201,0.00542509050914838,"ENSG00000140297","GCNT3","Up","Significant"
"ENSG00000171956",4.51470402931564,1.25452281762479,0.39978727441436,0.000191341658244307,0.00173241492194231,"ENSG00000171956","FOXB1","Up","Significant"
"ENSG00000259513",1.90245357628183,-1.20035726728172,0.570980866557948,0.0037369806719642,0.0184096567681341,"ENSG00000259513","ENSG00000259513","Down","Significant"
"ENSG00000166104",1.20046684277669,2.37032361657042,1.01497466711941,0.000656819507283056,0.00468284358926552,"ENSG00000166104","ENSG00000166104","Up","Significant"
"ENSG00000259370",1.73631919293317,1.95410480025789,0.693304412207992,0.0003495326966259,0.00282533310694912,"ENSG00000259370","ENSG00000259370","Up","Significant"
"ENSG00000074410",2.47918562791463,1.220957341709,0.612160651424915,0.00389777249218107,0.0190255584035682,"ENSG00000074410","CA12","Up","Significant"
"ENSG00000166803",27.840713127949,3.02643037142942,0.316701569490043,8.7306636233604e-23,2.75996044674701e-20,"ENSG00000166803","PCLAF","Up","Significant"
"ENSG00000166831",54.2058649320935,1.50883300791012,0.553482107195789,0.000455883820246617,0.00349257453565172,"ENSG00000166831","RBPMS2","Up","Significant"
"ENSG00000140451",67.6192126228415,1.56348789617884,0.190374117797599,2.14691279091083e-17,4.06445766726728e-15,"ENSG00000140451","PIF1","Up","Significant"
"ENSG00000249240",0.603935171857366,1.26140789221377,1.13517861893284,0.0137089451028904,0.0496941844929418,"ENSG00000249240","ENSG00000249240","Up","Significant"
"ENSG00000287494",9.5558398478676,1.10016334678221,0.26639240396677,5.30058335636753e-06,8.71527221239056e-05,"ENSG00000287494","ENSG00000287494","Up","Significant"
"ENSG00000274383",1.03579191856269,1.06632993228579,0.692705175748198,0.0124996785150621,0.0463536661532995,"ENSG00000274383","ENSG00000274383","Up","Significant"
"ENSG00000261102",1.13278751385709,2.45307436087121,0.811636800019003,5.5819945587868e-05,0.000630850103441439,"ENSG00000261102","ENSG00000261102","Up","Significant"
"ENSG00000285919",0.810585513898899,3.10693058123603,1.15101917985087,0.000201064559536634,0.00180339195008379,"ENSG00000285919","ENSG00000285919","Up","Significant"
"ENSG00000255346",2.58224146567382,1.39618724835976,0.654249714383828,0.00239398624722913,0.013089061104567,"ENSG00000255346","NOX5","Up","Significant"
"ENSG00000288068",0.867846043828982,2.2098499870176,0.98740034501031,0.000897939143069842,0.00600989043844923,"ENSG00000288068","ENSG00000288068","Up","Significant"
"ENSG00000137807",93.8675758638285,1.68057576852365,0.223340835482597,4.83344405401429e-15,6.58389743113678e-13,"ENSG00000137807","KIF23","Up","Significant"
"ENSG00000280639",0.783436211879107,2.27408351833927,1.20865238163053,0.00287617556796807,0.0151071035217674,"ENSG00000280639","LINC02204","Up","Significant"
"ENSG00000187720",2.44153987582614,2.89655079279692,0.907960563221998,5.83490632698157e-05,0.000653045678392871,"ENSG00000187720","THSD4","Up","Significant"
"ENSG00000259781",62.3437726609223,2.21445160663656,0.511218444921585,8.75511901098064e-07,1.88061078807019e-05,"ENSG00000259781","ENSG00000259781","Up","Significant"
"ENSG00000278570",2.21844238771449,1.52641875815434,0.604727612082317,0.000883457669035147,0.00593906580398167,"ENSG00000278570","NR2E3","Up","Significant"
"ENSG00000138622",1.0838767947389,2.32594113791652,0.860257630748403,0.000188317856478221,0.00171012006849016,"ENSG00000138622","HCN4","Up","Significant"
"ENSG00000205363",1.9639456546414,1.63982670329934,0.743143451683904,0.00170407772432292,0.00997936743522137,"ENSG00000205363","INSYN1","Up","Significant"
"ENSG00000167178",0.783498154609584,1.50482834082681,1.47075953173608,0.0117205543383275,0.0442428810772802,"ENSG00000167178","ISLR2","Up","Significant"
"ENSG00000129009",0.745900554001165,2.30383835097195,1.7688232005415,0.0113727032030041,0.0432710243703263,"ENSG00000129009","ISLR","Up","Significant"
"ENSG00000137868",2.30619637528457,1.44710336943307,0.7650843312662,0.00344682688185481,0.0173515399720158,"ENSG00000137868","STRA6","Up","Significant"
"ENSG00000140481",1.87613727185803,1.94837345038807,0.65483717872944,0.000213328508202048,0.00189486290351688,"ENSG00000140481","CCDC33","Up","Significant"
"ENSG00000261821",2.11326965682347,1.3584479914345,0.7289013374118,0.00417017626970603,0.0200576859020354,"ENSG00000261821","ENSG00000261821","Up","Significant"
"ENSG00000198794",32.0433879645295,1.51804396130333,0.467244012838543,9.08665644152172e-05,0.000942385548433771,"ENSG00000198794","SCAMP5","Up","Significant"
"ENSG00000260660",0.86635355709939,1.69027686296799,1.0068167143516,0.0034891199792085,0.0175208933588038,"ENSG00000260660","ENSG00000260660","Up","Significant"
"ENSG00000261205",0.816325064789172,1.17043412613634,1.28774161982269,0.0133974958380362,0.0488073815860951,"ENSG00000261205","NIFKP4","Up","Significant"
"ENSG00000173546",4.18895353148261,1.92937735963146,0.452950493012509,1.59048425643128e-06,3.11305706476376e-05,"ENSG00000173546","CSPG4","Up","Significant"
"ENSG00000260815",0.71138469731066,3.39988208550373,1.62750381223674,0.00357088598217199,0.0178060741631847,"ENSG00000260815","ENSG00000260815","Up","Significant"
"ENSG00000169752",1.85874765718361,1.04776544780713,0.672075876703248,0.0110490803110457,0.0423716676748488,"ENSG00000169752","NRG4","Up","Significant"
"ENSG00000259422",0.857164626146097,1.32787229408442,0.999909298486484,0.00814851254982508,0.0336556769422025,"ENSG00000259422","LOC101929439","Up","Significant"
"ENSG00000169783",1.30224678138335,2.5098139038915,0.997176477645979,0.000349657152150644,0.00282533434082853,"ENSG00000169783","LINGO1","Up","Significant"
"ENSG00000260139",1.23301265478517,1.26170216446661,0.980592775497599,0.0110203502210494,0.0423002194223532,"ENSG00000260139","CSPG4P13","Up","Significant"
"ENSG00000103740",10.2642138888927,1.21767602796615,0.338195139788064,3.62577413269995e-05,0.000440682137876832,"ENSG00000103740","ACSBG1","Up","Significant"
"ENSG00000169684",3.84745037102448,1.15036003657065,0.385859660999732,0.000365198048332708,0.00291089947706487,"ENSG00000169684","CHRNA5","Up","Significant"
"ENSG00000259234",1.73606221760835,1.87098938937225,0.944123517650946,0.00234006041579502,0.0128588200185102,"ENSG00000259234","ANKRD34C-AS1","Up","Significant"
"ENSG00000287408",5.7209485747155,1.1408659891058,0.391746276710292,0.000444400418741093,0.00341859817070599,"ENSG00000287408","ENSG00000287408","Up","Significant"
"ENSG00000103876",247.154809787395,1.02836277321544,0.219004245835698,4.37045743514462e-07,1.03016504654468e-05,"ENSG00000103876","FAH","Up","Significant"
"ENSG00000259417",1.59865250709876,1.28982437234012,0.643328731082805,0.00378085465576507,0.0185902653939885,"ENSG00000259417","CTXND1","Up","Significant"
"ENSG00000259495",1.71161770389989,2.42335502535603,0.757681158060145,7.58306884729519e-05,0.000810271218125046,"ENSG00000259495","ARNT2-DT","Up","Significant"
"ENSG00000172379",1.85630620343422,1.39376269651032,0.914975257700601,0.00653823964807016,0.0284569258822162,"ENSG00000172379","ARNT2","Up","Significant"
"ENSG00000156206",21.005406468723,1.53597401349317,0.373230238722923,3.29922702310715e-06,5.82475228226015e-05,"ENSG00000156206","CFAP161","Up","Significant"
"ENSG00000259594",1.2589263703457,1.48840120302673,1.00485895555653,0.0059734611707685,0.026575240357313,"ENSG00000259594","ENSG00000259594","Up","Significant"
"ENSG00000228141",1.25043679028912,1.14266790074728,0.714942759747265,0.00937770442076112,0.0374895606579915,"ENSG00000228141","ENSG00000228141","Up","Significant"
"ENSG00000259986",1.61804364541063,3.15232088731076,0.774908883930293,4.30463082494712e-07,1.01867142876521e-05,"ENSG00000259986","ENSG00000259986","Up","Significant"
"ENSG00000169594",0.876256692833502,2.12916770030879,1.03531130896933,0.00144043225349588,0.00872460988015059,"ENSG00000169594","BNC1","Up","Significant"
"ENSG00000140600",1.78402024293537,1.97699772447936,0.869221092783935,0.00122839466891183,0.00770540564593161,"ENSG00000140600","SH3GL3","Up","Significant"
"ENSG00000156218",3.26980830168367,1.25854146654682,0.567000966732012,0.00230325853125513,0.0127003274845858,"ENSG00000156218","ADAMTSL3","Up","Significant"
"ENSG00000136383",3.93463623033608,1.20024488833636,0.419168234407911,0.000470807081404997,0.00358388788977738,"ENSG00000136383","ALPK3","Up","Significant"
"ENSG00000259630",19.1078949618676,1.59048938147391,0.302599935063914,1.33496472469305e-08,4.96485382461037e-07,"ENSG00000259630","ENSG00000259630","Up","Significant"
"ENSG00000259276",2.0834591129691,1.02154020268423,0.512832377542606,0.00561640029776662,0.0253024949687902,"ENSG00000259276","ENSG00000259276","Up","Significant"
"ENSG00000260477",0.847860293812975,1.62448868259759,1.0654306454524,0.00513168736813759,0.0235623063879039,"ENSG00000260477","LINC01584","Up","Significant"
"ENSG00000273540",2.37700751641553,1.4059968794414,0.727863527840707,0.00345389613883168,0.0173769830449902,"ENSG00000273540","AGBL1","Up","Significant"
"ENSG00000140538",5.86066447825241,2.50147162198437,0.49317825480824,2.52988547980402e-08,8.76669416160838e-07,"ENSG00000140538","NTRK3","Up","Significant"
"ENSG00000259489",0.612346406325166,3.23913089210931,1.55404871566829,0.0036038633828445,0.0179331538603707,"ENSG00000259489","ENSG00000259489","Up","Significant"
"ENSG00000260123",0.650550875945814,1.7159772510133,1.34993642318136,0.00995842567561765,0.0392239464563258,"ENSG00000260123","ENSG00000260123","Up","Significant"
"ENSG00000140525",399.712300749315,1.00576104959375,0.165177593793218,2.0453692990016e-10,1.22171621818618e-08,"ENSG00000140525","FANCI","Up","Significant"
"ENSG00000140534",18.9709260987464,2.44856045676306,0.265592139663496,2.53572813875863e-21,6.90810684566365e-19,"ENSG00000140534","TICRR","Up","Significant"
"ENSG00000166823",11.0309853756441,1.39813557525906,0.267759883985043,1.98168589893471e-08,7.04181471764615e-07,"ENSG00000166823","MESP1","Up","Significant"
"ENSG00000182175",16.0696630242083,1.33415989285828,0.368385348395298,2.86423511673721e-05,0.000363649034161412,"ENSG00000182175","RGMA","Up","Significant"
"ENSG00000257060",2.42217621415151,1.83758518618183,0.60449833224952,0.000170443135434124,0.00157947428795964,"ENSG00000257060","ENSG00000257060","Up","Significant"
"ENSG00000258773",0.876896178432703,2.62288717534804,1.07083241801144,0.000479771031361407,0.00364467184082734,"ENSG00000258773","ENSG00000258773","Up","Significant"
"ENSG00000248441",2.01287749552156,2.30460650441956,0.779435193144117,0.000189210633173877,0.00171729661620353,"ENSG00000248441","LETR1","Up","Significant"
"ENSG00000275016",1.35682158920109,1.16775850945608,0.585939628395071,0.0048734705265046,0.0226182269320241,"ENSG00000275016","ENSG00000275016","Up","Significant"
"ENSG00000247809",3.10925578467765,1.46340397086219,0.600110641654856,0.00107788128667982,0.00696331676023789,"ENSG00000247809","NR2F2-AS1","Up","Significant"
"ENSG00000280048",0.794693212854717,2.17459630295182,1.36788006478046,0.00561602474863951,0.0253024949687902,"ENSG00000280048","ENSG00000280048","Up","Significant"
"ENSG00000280291",0.946733413030259,2.61569424281831,1.20032405247331,0.00118967442391524,0.00752734144089422,"ENSG00000280291","ENSG00000280291","Up","Significant"
"ENSG00000259664",1.48543436863668,1.47359016255726,0.925002176357508,0.00578696677468483,0.0259106720541039,"ENSG00000259664","ENSG00000259664","Up","Significant"
"ENSG00000279091",1.40357459364496,1.61821481806191,0.765297296362578,0.0023368147771748,0.0128494135819413,"ENSG00000279091","ENSG00000279091","Up","Significant"
"ENSG00000251209",5.12113855957979,1.70422600069151,0.376691168138173,5.11022521914627e-07,1.17770658093791e-05,"ENSG00000251209","LINC00923","Up","Significant"
"ENSG00000283597",0.803384230133788,1.28163571731686,1.22544391351542,0.0117725500648165,0.0443891504581902,"ENSG00000283597","ENSG00000283597","Up","Significant"
"ENSG00000259475",1.8167687096791,1.35646259616943,0.614989949075644,0.00232686369469972,0.0128052020932325,"ENSG00000259475","ENSG00000259475","Up","Significant"
"ENSG00000278090",2.14747350104323,1.09072683995479,0.554587660868817,0.00526305425471544,0.0240632671607668,"ENSG00000278090","LUNAR1","Up","Significant"
"ENSG00000259921",1.57595058157956,1.66287309463566,0.895275050753936,0.00332288750526007,0.0168707026384484,"ENSG00000259921","ENSG00000259921","Up","Significant"
"ENSG00000259341",3.27528207421219,1.31657198982308,0.519437701047215,0.00101617574593743,0.00664799552335367,"ENSG00000259341","ENSG00000259341","Up","Significant"
"ENSG00000259430",0.622571648362754,1.6574546517037,1.31721270554086,0.0101403986670806,0.0397467094321211,"ENSG00000259430","ENSG00000259430","Up","Significant"
"ENSG00000279588",0.858663701443221,3.11493484724828,1.21588939249986,0.000396377178589709,0.00311919237291444,"ENSG00000279588","ENSG00000279588","Up","Significant"
"ENSG00000259172",6.0216501583162,1.34110737142816,0.404847248210593,8.7537380685403e-05,0.000913797535634632,"ENSG00000259172","SNRPA1-DT","Up","Significant"
"ENSG00000140479",226.766583886647,2.15217079613363,0.377925110557001,8.34723649353263e-10,4.29658291339148e-08,"ENSG00000140479","PCSK6","Up","Significant"
"ENSG00000279970",1.53249042051028,3.54628380349424,1.15611151081787,5.71149691034874e-05,0.000642668065711471,"ENSG00000279970","ENSG00000279970","Up","Significant"
"ENSG00000277210",0.698923464170726,3.37505122030642,1.66432655779598,0.0046747035873588,0.0219016745767939,"ENSG00000277210","ENSG00000277210","Up","Significant"
"ENSG00000286733",2.20108117777329,1.4276414718384,0.577500926202517,0.0011121516343001,0.00713382257154713,"ENSG00000286733","LINC02348","Up","Significant"
"ENSG00000007384",4.5773707942578,1.53010968240911,0.609860644367699,0.000797769680767105,0.00548695899688525,"ENSG00000007384","RHBDF1","Up","Significant"
"ENSG00000206177",217.400297487176,6.06082001651941,1.11994091811865,2.17564013130296e-09,9.91884696052121e-08,"ENSG00000206177","HBM","Up","Significant"
"ENSG00000188536",7607.33040988759,6.42690237674145,1.0333662534237,2.1070649237749e-11,1.60832889591739e-09,"ENSG00000188536","HBA2","Up","Significant"
"ENSG00000206172",1522.51694192144,4.19946558676244,1.00595844186914,1.14750934876899e-06,2.35036007138753e-05,"ENSG00000206172","HBA1","Up","Significant"
"ENSG00000086506",28.0380848496505,2.65008875887841,0.491412435962212,3.85748369659935e-09,1.64662956929105e-07,"ENSG00000086506","HBQ1","Up","Significant"
"ENSG00000161992",0.617550845835065,2.50590890721841,1.25016685034529,0.0027850638769811,0.0147316030708382,"ENSG00000161992","PRR35","Up","Significant"
"ENSG00000260532",0.8688851999674,3.28250269617417,1.08538361202211,2.80189650560901e-05,0.000356584694289602,"ENSG00000260532","ENSG00000260532","Up","Significant"
"ENSG00000099769",5.28981728418721,1.25460053728116,0.376304823119264,9.497444520678e-05,0.000978929155470314,"ENSG00000099769","IGFALS","Up","Significant"
"ENSG00000162062",32.5345100396243,2.25975019238598,0.247133110308134,4.8806793934043e-21,1.29798956979035e-18,"ENSG00000162062","TEDC2","Up","Significant"
"ENSG00000172382",10.8398028481937,1.15208191714834,0.281340283142384,5.46503882628009e-06,8.94179619286228e-05,"ENSG00000172382","PRSS27","Up","Significant"
"ENSG00000007038",45.8930416856764,-1.43226533421233,0.573107136318201,0.00088294310843703,0.00593906580398167,"ENSG00000007038","PRSS21","Down","Significant"
"ENSG00000127564",114.6892129398,3.10396035156942,0.241002997976506,3.74206576180647e-39,1.04494068010311e-35,"ENSG00000127564","PKMYT1","Up","Significant"
"ENSG00000262152",1.72123091096836,2.07156079488646,0.871084338293444,0.000908225541997395,0.00606975063557852,"ENSG00000262152","GREP1","Up","Significant"
"ENSG00000006327",88.8918619514406,2.06303339735285,0.382026466138538,4.51670311212823e-09,1.88246523114807e-07,"ENSG00000006327","TNFRSF12A","Up","Significant"
"ENSG00000262185",3.24833292403871,1.36138024418664,0.393601307646592,6.04248962224886e-05,0.000671345440158943,"ENSG00000262185","TRIDDENT","Up","Significant"
"ENSG00000185739",1.3130383740171,1.62073124945108,0.976343934301165,0.00401054748456655,0.0194597018183315,"ENSG00000185739","SRL","Up","Significant"
"ENSG00000261789",0.70133012847325,1.97708663446192,1.27899903664489,0.00612439675674152,0.0270400790524431,"ENSG00000261789","ENSG00000261789","Up","Significant"
"ENSG00000103184",63.7624590122376,1.8331870657846,0.430824896712044,1.46967009317455e-06,2.90372495001096e-05,"ENSG00000103184","SEC14L5","Up","Significant"
"ENSG00000260338",1.28295200645517,1.50313688937808,0.716321430416256,0.0027891031859657,0.0147483128702106,"ENSG00000260338","ENSG00000260338","Up","Significant"
"ENSG00000261617",1.28096102752575,1.36018238308864,0.813348901359553,0.006392375889222,0.0279309067247281,"ENSG00000261617","LINC02177","Up","Significant"
"ENSG00000260071",1.22686000967238,1.25595999769156,1.17212128775492,0.0114898492801253,0.0436064437407999,"ENSG00000260071","ENSG00000260071","Up","Significant"
"ENSG00000183454",4.21019351173376,3.06917396956638,0.60937400412821,3.51574994900377e-08,1.176915734677e-06,"ENSG00000183454","GRIN2A","Up","Significant"
"ENSG00000213853",3.10166200786247,1.9419689168547,0.698912777760901,0.000300020356379814,0.00250582804634376,"ENSG00000213853","EMP2","Up","Significant"
"ENSG00000263179",2.57506136536092,1.1954462774367,0.489885935993751,0.00155109649581219,0.00924958868245017,"ENSG00000263179","ENSG00000263179","Up","Significant"
"ENSG00000175643",82.3529799584461,1.22619767410368,0.213886210374989,1.28333303625913e-09,6.17862165402402e-08,"ENSG00000175643","RMI2","Up","Significant"
"ENSG00000048462",256.213954922939,3.24817358397311,0.329207514634285,3.5264531063681e-24,1.29854854001416e-21,"ENSG00000048462","TNFRSF17","Up","Significant"
"ENSG00000237515",1.86454646673912,2.29349258171083,0.909353920108796,0.000639791101785322,0.00458451785164026,"ENSG00000237515","SHISA9","Up","Significant"
"ENSG00000262454",3.38771413063489,1.54886768924564,0.569797234057595,0.00048840727363418,0.00369537079420659,"ENSG00000262454","MIR193BHG","Up","Significant"
"ENSG00000263257",1.14937165699885,1.32561097127892,0.807290895188505,0.00697478837116813,0.0299140129949408,"ENSG00000263257","ENSG00000263257","Up","Significant"
"ENSG00000254681",18.6051414874255,-2.46538097933306,0.944573777428631,0.000333336511466416,0.00272632979319701,"ENSG00000254681","PKD1P5","Down","Significant"
"ENSG00000170537",1.73053570587255,2.54942536536274,0.95441289948112,0.000332484212132576,0.00272068704868143,"ENSG00000170537","TMC7","Up","Significant"
"ENSG00000103534",2.5162422374914,1.00241530127242,0.517356762304682,0.00636992790719816,0.0278631010364688,"ENSG00000103534","TMC5","Up","Significant"
"ENSG00000180269",0.770566686731022,1.9261218655041,1.44415985828562,0.00763455241042919,0.0320785224728617,"ENSG00000180269","GPR139","Up","Significant"
"ENSG00000277211",2.00440967424149,2.21351300632981,0.861600896942037,0.000541381178647822,0.00402599687423654,"ENSG00000277211","SALL4P3","Up","Significant"
"ENSG00000169347",0.951204662414407,1.10788409565025,0.979388187621187,0.0117530663288234,0.0443406326967512,"ENSG00000169347","GP2","Up","Significant"
"ENSG00000169340",0.786885791847442,2.87697187634341,1.27488065630973,0.00121583441285833,0.00764092185680226,"ENSG00000169340","PDILT","Up","Significant"
"ENSG00000280306",0.727414913081731,1.56242369270942,1.73792166716706,0.0133913137284672,0.0487961648246202,"ENSG00000280306","ENSG00000280306","Up","Significant"
"ENSG00000158486",8.07766183775074,1.35679958203613,0.358575932749202,1.518679334598e-05,0.000213641586158877,"ENSG00000158486","DNAH3","Up","Significant"
"ENSG00000103310",1.70787071683929,2.83533547500627,0.855905011778142,2.43991632297539e-05,0.000318005274471344,"ENSG00000103310","ZP2","Up","Significant"
"ENSG00000175311",1.50336237702886,2.02390105569066,0.65385481684137,0.000155867132831854,0.00146959813001198,"ENSG00000175311","ANKS4B","Up","Significant"
"ENSG00000103316",23.157170213207,1.87348149135526,0.398486677887439,1.86117644815226e-07,4.99328755813724e-06,"ENSG00000103316","CRYM","Up","Significant"
"ENSG00000237296",33.6838264035698,-1.43471745773374,0.45988614408048,0.000150582049742749,0.0014302306986479,"ENSG00000237296","SMG1P1","Down","Significant"
"ENSG00000168447",2.9472772807113,1.64231754413547,0.923390788874606,0.00343967629169717,0.0173271366293566,"ENSG00000168447","SCNN1B","Up","Significant"
"ENSG00000166851",185.042225522595,3.76681158027807,0.25756641344865,1.22574188972361e-49,1.91041543778183e-45,"ENSG00000166851","PLK1","Up","Significant"
"ENSG00000134398",1.39792097816455,3.99240155794005,1.20091401447808,1.26783299703712e-05,0.000184176096809446,"ENSG00000134398","ERN2","Up","Significant"
"ENSG00000260072",1.48146977540617,2.68951929705681,0.779803155418912,1.63423694125669e-05,0.000226662440664612,"ENSG00000260072","LOC105371143","Up","Significant"
"ENSG00000224310",1.49880731983296,2.35351445653684,0.849875093686575,0.000235814364360967,0.00205939628234861,"ENSG00000224310","LINC01567","Up","Significant"
"ENSG00000169181",1.2676873548022,1.83637834275576,0.762780908594905,0.000953773081057638,0.00632244949023944,"ENSG00000169181","GSG1L","Up","Significant"
"ENSG00000176046",3.49024270251972,1.73206752007122,0.531128274609528,8.24852410421627e-05,0.000869181742793028,"ENSG00000176046","NUPR1","Up","Significant"
"ENSG00000149926",1.66664623339483,2.04897417536867,0.638243115241799,0.000106356858862588,0.00107411452188862,"ENSG00000149926","TLCD3B","Up","Significant"
"ENSG00000285043",6.31401827332988,1.38540304714021,0.373680591658501,2.09661279132284e-05,0.000279234491353089,"ENSG00000285043","LOC112694756","Up","Significant"
"ENSG00000280132",0.827066489076447,2.59345973948354,0.992573751908639,0.000222024571306102,0.00195681782217154,"ENSG00000280132","ENSG00000280132","Up","Significant"
"ENSG00000140682",67.4827658098625,2.48487657074214,0.358171492578534,2.48829466616777e-13,2.60563331151924e-11,"ENSG00000140682","TGFB1I1","Up","Significant"
"ENSG00000169877",169.668932822451,5.63204200739234,1.15036659949875,3.32169362880236e-08,1.12772676603382e-06,"ENSG00000169877","AHSP","Up","Significant"
"ENSG00000261614",2.79550371839799,1.06905807628626,0.461736757325015,0.00252069736279432,0.0136345517239507,"ENSG00000261614","ENSG00000261614","Up","Significant"
"ENSG00000197476",4.4054300928336,4.22683918725656,0.939955907978241,3.38166756092338e-07,8.33478143695303e-06,"ENSG00000197476","ENSG00000197476","Up","Significant"
"ENSG00000261704",13.9364920686163,3.75685894801505,0.687795252524527,2.27406854823194e-09,1.03254421385778e-07,"ENSG00000261704","ENSG00000261704","Up","Significant"
"ENSG00000223931",0.957284444397022,1.69085250806963,1.33554979298379,0.00780379404166868,0.032609718735787,"ENSG00000223931","ENSG00000223931","Up","Significant"
"ENSG00000260048",2.26175757808324,5.61630080841885,1.46456359496723,1.72711927797301e-07,4.67102823935414e-06,"ENSG00000260048","ENSG00000260048","Up","Significant"
"ENSG00000270472",1.14706045877528,2.95762757135759,1.21874331261318,0.000585082333708285,0.00426856606144806,"ENSG00000270472","IGHV3OR16-9","Up","Significant"
"ENSG00000271130",1.56102444734396,1.38001071331833,0.855483912327804,0.0064879549689463,0.0282747929580468,"ENSG00000271130","IGHV3OR16-8","Up","Significant"
"ENSG00000271178",8.54567763172708,4.2702756053823,0.731933679126993,3.59623754392392e-10,2.02288887283172e-08,"ENSG00000271178","ENSG00000271178","Up","Significant"
"ENSG00000259680",1.54749689659281,3.12178056978151,1.14810573814445,0.000216635302307226,0.00192043183730498,"ENSG00000259680","IGHV3OR16-17","Up","Significant"
"ENSG00000270318",2.19393559597402,2.2512982040638,0.967339014285742,0.000898013113650521,0.00600989043844923,"ENSG00000270318","ENSG00000270318","Up","Significant"
"ENSG00000260746",0.865657115009541,2.49046539647424,1.13499356869555,0.0010663032348327,0.00690903548806386,"ENSG00000260746","ENSG00000260746","Up","Significant"
"ENSG00000261239",1.34998634992248,3.12066326260331,0.92898954757801,1.4579882221852e-05,0.000206316416119949,"ENSG00000261239","ENSG00000261239","Up","Significant"
"ENSG00000171241",194.320366777739,3.09409044299243,0.243360769784861,3.13782567223174e-38,6.18502355593019e-35,"ENSG00000171241","SHCBP1","Up","Significant"
"ENSG00000091651",48.1672752139747,1.2097662461426,0.196123227599962,9.31744464883598e-11,6.03903777055793e-09,"ENSG00000091651","ORC6","Up","Significant"
"ENSG00000140795",2.98408220365589,1.38315506133595,0.662994174899074,0.00266587840675656,0.014249628255225,"ENSG00000140795","MYLK3","Up","Significant"
"ENSG00000261231",1.29459711705381,1.30322927539513,2.27121620111426,0.0109843005997552,0.0422005192383852,"ENSG00000261231","LINC02133","Up","Significant"
"ENSG00000140798",2.00511315776845,2.02525178272869,0.727824757989025,0.000344754393212254,0.00279921855152639,"ENSG00000140798","ABCC12","Up","Significant"
"ENSG00000279249",3.12659864555036,1.49583770741927,0.681312453608683,0.00176992107479892,0.0102858628677484,"ENSG00000279249","SYNAGE","Up","Significant"
"ENSG00000102935",1.81077356175379,1.66047458570799,0.845520612187796,0.00271587499843966,0.0144339818116915,"ENSG00000102935","ZNF423","Up","Significant"
"ENSG00000260573",1.3026877650063,2.60383169629718,0.912174885411613,0.000110858022660459,0.00111086766786164,"ENSG00000260573","LOC124903770","Up","Significant"
"ENSG00000261241",3.75579482579317,3.33159880815103,0.860440028696074,5.75662252194191e-06,9.37510174400969e-05,"ENSG00000261241","LINC02128","Up","Significant"
"ENSG00000285367",1.34044930348573,2.24016652602094,0.77792220639794,0.000183585082331258,0.00167759817939409,"ENSG00000285367","LOC105371256","Up","Significant"
"ENSG00000261261",0.581182382142452,2.8106597765817,1.78322212654467,0.0125370493016605,0.0464459906079979,"ENSG00000261261","ENSG00000261261","Up","Significant"
"ENSG00000087245",13.7652745822919,3.10516555445379,0.722021450875002,7.70846359968022e-07,1.69046404948746e-05,"ENSG00000087245","MMP2","Up","Significant"
"ENSG00000260135",12.3183796716053,-1.31888632077508,0.646684898109125,0.00293213205833701,0.0153184928504545,"ENSG00000260135","LOC105371279","Down","Significant"
"ENSG00000246379",2.73867794810389,1.04209403082563,0.527639253531323,0.00544730207760888,0.0247268552314543,"ENSG00000246379","GNAO1-DT","Up","Significant"
"ENSG00000125148",974.574678202493,1.28467427570627,0.21717770637054,3.98478393395604e-10,2.21436359606854e-08,"ENSG00000125148","MT2A","Up","Significant"
"ENSG00000260823",1.60618986280944,1.74236858746522,0.569978144348146,0.000211100970982372,0.00187882667640061,"ENSG00000260823","ENSG00000260823","Up","Significant"
"ENSG00000260549",8.91063961570693,1.50533728631351,0.588392053843866,0.000729576251656566,0.00510490094315303,"ENSG00000260549","ENSG00000260549","Up","Significant"
"ENSG00000169715",59.2771207975205,1.90311113078465,0.276838259843356,4.79710137817851e-13,4.81275658926298e-11,"ENSG00000169715","MT1E","Up","Significant"
"ENSG00000125144",5.80115866281385,3.07237938953509,0.440149024485491,3.0107724418628e-13,3.13316688678201e-11,"ENSG00000125144","MT1G","Up","Significant"
"ENSG00000205358",1.0724299568986,2.03695039617987,0.792997297322988,0.000364916260223003,0.00291003783051228,"ENSG00000205358","MT1H","Up","Significant"
"ENSG00000087237",43.1538036227932,1.70243520663446,0.34721964344758,7.44888313722624e-08,2.25749741927108e-06,"ENSG00000087237","CETP","Up","Significant"
"ENSG00000006210",1.52673555669914,1.60940387625311,0.723182935517504,0.00179464567635021,0.0104060878990862,"ENSG00000006210","CX3CL1","Up","Significant"
"ENSG00000187185",0.947734216442648,2.83479777108994,0.971127672122131,5.55231586063962e-05,0.000627919514593901,"ENSG00000187185","LOC388282","Up","Significant"
"ENSG00000070729",2.08649430748089,1.06831948018131,0.735869791484359,0.0116463065163783,0.0440121895858037,"ENSG00000070729","CNGB1","Up","Significant"
"ENSG00000261807",1.08338576408734,1.12822450049423,0.869101420225155,0.0134401530347675,0.0489368779791398,"ENSG00000261807","LINC02141","Up","Significant"
"ENSG00000150394",1.45976260520166,1.07056244245479,0.758984399571316,0.012803110934016,0.0471687633380245,"ENSG00000150394","CDH8","Up","Significant"
"ENSG00000260668",0.59829040523935,2.14879733708987,1.49735871037869,0.0105461682536996,0.0409271158973812,"ENSG00000260668","ENSG00000260668","Up","Significant"
"ENSG00000140937",2.28921331253587,2.23617931644301,0.770740083196979,0.000218090869457075,0.00192976153806104,"ENSG00000140937","CDH11","Up","Significant"
"ENSG00000179776",11.2922281762591,1.28982545523239,0.402199074865858,0.00013598207322724,0.00131542242834053,"ENSG00000179776","CDH5","Up","Significant"
"ENSG00000261519",1.09212376330422,1.76691731252882,0.801216255266613,0.00131499448915101,0.00810897135387584,"ENSG00000261519","ENSG00000261519","Up","Significant"
"ENSG00000246777",1.65169462908759,1.44318790515228,0.591479053904862,0.00129155087678423,0.00799825879322914,"ENSG00000246777","DYNC1LI2-DT","Up","Significant"
"ENSG00000258122",2.17048566023248,1.10060856524612,0.673234605213779,0.00893218350368993,0.0361309194863768,"ENSG00000258122","ENSG00000258122","Up","Significant"
"ENSG00000168748",1.59747955390339,1.16162107137954,0.54623239065409,0.00368712739844084,0.0182176278375633,"ENSG00000168748","CA7","Up","Significant"
"ENSG00000166589",1.39374032308392,1.18207609716985,0.770586778190193,0.00942407092039689,0.0376389979107961,"ENSG00000166589","CDH16","Up","Significant"
"ENSG00000280163",7.81383855535635,-1.01652765512603,0.330714464623793,0.000336009007733317,0.00274350044837615,"ENSG00000280163","ENSG00000280163","Down","Significant"
"ENSG00000261469",0.677688962872756,1.65387787058754,1.0047296982111,0.00419834720635952,0.0201550740025646,"ENSG00000261469","ENSG00000261469","Up","Significant"
"ENSG00000274698",1.28712366382225,2.6454549230513,0.857060905453589,4.4613386486274e-05,0.0005239922775214,"ENSG00000274698","ENSG00000274698","Up","Significant"
"ENSG00000275383",1.6406016537608,2.5284589185289,0.794603222652784,5.32440275038018e-05,0.000606236533341792,"ENSG00000275383","ENSG00000275383","Up","Significant"
"ENSG00000132613",2.71476065121518,1.37929243317357,0.487941316828494,0.000438970549308863,0.00338196484621949,"ENSG00000132613","MTSS2","Up","Significant"
"ENSG00000157423",7.11560986346032,1.72002811826859,0.362187392222693,1.72460704765955e-07,4.66800141841874e-06,"ENSG00000157423","HYDIN","Up","Significant"
"ENSG00000261764",1.32596769131968,1.86726167390545,0.787550860570285,0.000976093612063684,0.00643983477980744,"ENSG00000261764","KRT18P18","Up","Significant"
"ENSG00000284675",1.33703148071202,1.11741437699882,0.697181369786027,0.0095170964128588,0.0379066187683924,"ENSG00000284675","ENSG00000284675","Up","Significant"
"ENSG00000258779",1.74363691750533,2.43411332222966,0.773387747071547,8.71884255901012e-05,0.000911290378383875,"ENSG00000258779","LOHAN2","Up","Significant"
"ENSG00000275236",0.677242331456275,1.55358959843012,1.04688768812545,0.00598003908196944,0.0265930730916809,"ENSG00000275236","ENSG00000275236","Up","Significant"
"ENSG00000140839",2.44405518613059,1.16881752985423,0.485049610999527,0.00175926724429774,0.0102328217478169,"ENSG00000140839","CLEC18B","Up","Significant"
"ENSG00000103089",16.4400724954915,1.35454767229889,0.341913966389369,7.5300723313081e-06,0.000118578441634678,"ENSG00000103089","FA2H","Up","Significant"
"ENSG00000050820",3.4220526528833,1.45650122326961,0.598835351620321,0.00110612695405874,0.00710469773884501,"ENSG00000050820","BCAR1","Up","Significant"
"ENSG00000261476",0.608101766748505,1.36067561344947,1.06441913158784,0.00996029954337645,0.0392243127745918,"ENSG00000261476","ENSG00000261476","Up","Significant"
"ENSG00000183196",2.6844483070188,1.77667433226086,0.59165133203367,0.000181485024755429,0.00166305594056578,"ENSG00000183196","CHST6","Up","Significant"
"ENSG00000260223",1.42001418753199,2.14069046439495,1.15016510926256,0.00176613035375029,0.0102670313427185,"ENSG00000260223","ENSG00000260223","Up","Significant"
"ENSG00000140873",1.9720801528386,1.30854323305119,0.814154253624947,0.00678487159132983,0.029275593890532,"ENSG00000140873","ADAMTS18","Up","Significant"
"ENSG00000279991",1.12183859218507,1.24934032006038,0.831103020656425,0.00932692297361715,0.0373216081983993,"ENSG00000279991","ENSG00000279991","Up","Significant"
"ENSG00000259867",1.39987143835833,1.34519720136531,0.852317953765052,0.00728612645376932,0.0309286561108888,"ENSG00000259867","ENSG00000259867","Up","Significant"
"ENSG00000260737",1.10222163049531,3.15872866073668,0.963324148231777,1.14408579246733e-05,0.000168367021606446,"ENSG00000260737","LINC01227","Up","Significant"
"ENSG00000260896",1.22236218238951,2.14130058855092,1.22137372397335,0.00243761216752185,0.0132816172555268,"ENSG00000260896","ARLNC1","Up","Significant"
"ENSG00000166473",5.19571031804633,1.997507374298,0.430055262173285,2.51741736628854e-07,6.47896609270067e-06,"ENSG00000166473","PKD1L2","Up","Significant"
"ENSG00000135697",0.940699388027997,2.10245865206687,1.19604304726913,0.00304794742416286,0.0157942633432764,"ENSG00000135697","BCO1","Up","Significant"
"ENSG00000261029",0.861311753283995,-2.16981219065157,1.10087793678476,0.00220773803181262,0.0122766501340871,"ENSG00000261029","ENSG00000261029","Down","Significant"
"ENSG00000140945",3.95850971162065,1.55154391178018,0.509131353426533,0.000176807764301093,0.00162944207204767,"ENSG00000140945","CDH13","Up","Significant"
"ENSG00000261103",1.24450567544024,2.51814033265116,0.901667816758403,0.000133840720720546,0.00129808066877707,"ENSG00000261103","ENSG00000261103","Up","Significant"
"ENSG00000260788",2.74217910314961,1.08851961887993,0.494394058198309,0.00316759348457377,0.0162571435249782,"ENSG00000260788","CEDORA","Up","Significant"
"ENSG00000168418",1.5055761428393,1.57704563426343,0.622644427767791,0.000980178651399778,0.00646424058841865,"ENSG00000168418","KCNG4","Up","Significant"
"ENSG00000103175",7.93377367679477,4.62203523290878,0.741210595255932,3.06909456441965e-11,2.240572761637e-09,"ENSG00000103175","WFDC1","Up","Significant"
"ENSG00000279622",1.4985358765956,1.17087632117995,0.753451427315658,0.00914449673982628,0.0367545809349693,"ENSG00000279622","ENSG00000279622","Up","Significant"
"ENSG00000153789",2.59923410639383,1.36082813244656,0.517636484150636,0.000781814747842737,0.0054027284771009,"ENSG00000153789","CIBAR2","Up","Significant"
"ENSG00000131153",113.750065570623,2.69456415346933,0.234914124544401,1.25370899671399e-31,1.23560396384968e-28,"ENSG00000131153","GINS2","Up","Significant"
"ENSG00000261177",1.22731193673083,1.93685078825544,0.904602121998637,0.00159106959271332,0.00942773273416071,"ENSG00000261177","ENSG00000261177","Up","Significant"
"ENSG00000168367",0.670055777313694,2.38742968129948,1.41054122991878,0.00565687359088291,0.0254506145484554,"ENSG00000168367","LINC00917","Up","Significant"
"ENSG00000268388",1.59086799038372,2.3517578965151,0.702699683819219,5.07718376116666e-05,0.000581922336975677,"ENSG00000268388","FENDRR","Up","Significant"
"ENSG00000103241",0.712044421797544,1.6907972807833,1.05033648134961,0.00468737677874919,0.0219370542568585,"ENSG00000103241","FOXF1","Up","Significant"
"ENSG00000287161",0.484265502903355,4.60894240882409,2.44857495390517,0.00598364318680373,0.0265958216668797,"ENSG00000287161","ENSG00000287161","Up","Significant"
"ENSG00000260498",0.700080752102483,1.23974763503678,1.00023329931978,0.0107280693646816,0.0414107679231787,"ENSG00000260498","ENSG00000260498","Up","Significant"
"ENSG00000167513",96.0783611254317,2.67440741019171,0.225136556801855,1.00382353073673e-33,1.29373548813297e-30,"ENSG00000167513","CDT1","Up","Significant"
"ENSG00000205022",2.52477698321392,1.67187263067687,0.573576776336665,0.000256583470393745,0.00221200155657157,"ENSG00000205022","PABPN1L","Up","Significant"
"ENSG00000129910",1.52972229639995,1.27113215804183,0.853356389274349,0.00846345063132181,0.0346109064199368,"ENSG00000129910","CDH15","Up","Significant"
"ENSG00000261253",63.949022980665,1.61471795675203,0.423982960653708,1.07637835708994e-05,0.000160019353894085,"ENSG00000261253","LOC100287036","Up","Significant"
"ENSG00000015413",2.09933944239488,2.70166748704913,0.689378857187509,7.4518675474533e-06,0.000117563384956503,"ENSG00000015413","DPEP1","Up","Significant"
"ENSG00000126856",1.18694064439999,1.38133008138081,0.801178272413604,0.00571333118749684,0.0256426486420883,"ENSG00000126856","PRDM7","Up","Significant"
"ENSG00000261812",2.562153760708,1.21690552357122,0.652919406746193,0.00491235249444849,0.0227579178399661,"ENSG00000261812","TUBB8P7","Up","Significant"
"ENSG00000172146",1.78896872749943,1.98433331307749,0.874734831100255,0.00123739679482663,0.00775026713978419,"ENSG00000172146","OR1A1","Up","Significant"
"ENSG00000177602",11.531164203709,1.7314302998461,0.310914421778486,2.22583758466972e-09,1.01201616858477e-07,"ENSG00000177602","HASPIN","Up","Significant"
"ENSG00000185245",307.643407672951,1.80038716032791,0.338912006565405,8.62647588709511e-09,3.37692266940035e-07,"ENSG00000185245","GP1BA","Up","Significant"
"ENSG00000179314",2.50782537675885,1.38382976111036,0.578749354649468,0.00136443106942683,0.00833559174210092,"ENSG00000179314","WSCD1","Up","Significant"
"ENSG00000129221",0.9932194328101,5.86008030949413,2.70638771239172,0.00174819554579908,0.0101896476855421,"ENSG00000129221","AIPL1","Up","Significant"
"ENSG00000129195",20.0796569672835,2.46199826461899,0.282532077773753,2.35014177650959e-19,5.35720413531019e-17,"ENSG00000129195","PIMREG","Up","Significant"
"ENSG00000282936",1.89873860671493,1.13256514363639,0.622575902841949,0.006323387150854,0.0277125791313061,"ENSG00000282936","LOC122526780","Up","Significant"
"ENSG00000108839",254.518865301008,1.37949069669076,0.275640819665168,6.11503757428003e-08,1.89204796007894e-06,"ENSG00000108839","ALOX12","Up","Significant"
"ENSG00000181856",1.38517327689919,3.10113851359652,0.92591807480077,1.2115979100016e-05,0.00017705815249125,"ENSG00000181856","SLC2A4","Up","Significant"
"ENSG00000183914",11.985334238274,1.70729751330224,0.478157006851452,2.54475757314136e-05,0.000328602240918666,"ENSG00000183914","DNAH2","Up","Significant"
"ENSG00000178999",118.343863762108,3.1034507333031,0.231119009733188,2.54782587319758e-42,9.48612190944196e-39,"ENSG00000178999","AURKB","Up","Significant"
"ENSG00000166596",1.02026224516406,1.42169690766499,0.961707789301078,0.00651507398776267,0.0283763329032915,"ENSG00000166596","CFAP52","Up","Significant"
"ENSG00000109047",2.81005548902999,1.05775212620956,0.431357558752742,0.00186568867031698,0.0107381246399264,"ENSG00000109047","RCVRN","Up","Significant"
"ENSG00000006788",1.8346716723831,1.61812459150993,0.702152873828555,0.00136502760244817,0.00833771599169445,"ENSG00000006788","MYH13","Up","Significant"
"ENSG00000133020",1.30180508672605,1.8933420435448,0.987861975311993,0.00217136002217854,0.0121111389536674,"ENSG00000133020","MYH8","Up","Significant"
"ENSG00000264424",1.29023429436021,3.25761815708591,1.17186265810806,0.000190406025452557,0.00172626386610731,"ENSG00000264424","MYH4","Up","Significant"
"ENSG00000109061",1.47487391139479,1.9301224194183,0.731677062765649,0.000559089212432519,0.0041246317896829,"ENSG00000109061","MYH1","Up","Significant"
"ENSG00000125414",2.07627401287604,2.45898166207351,0.698999910386343,3.24049667219932e-05,0.00040276633156056,"ENSG00000125414","MYH2","Up","Significant"
"ENSG00000188803",1.53214738539897,2.12959506861958,0.769046955549583,0.000266456835816198,0.00227985184954364,"ENSG00000188803","SHISA6","Up","Significant"
"ENSG00000007174",6.49027980693042,2.08967312150355,0.580179866016743,1.84060007713367e-05,0.000250820121938479,"ENSG00000007174","DNAH9","Up","Significant"
"ENSG00000287462",1.15848932618,1.35605576685426,1.20714390604831,0.00866310451238211,0.035225332982091,"ENSG00000287462","ENSG00000287462","Up","Significant"
"ENSG00000141052",1.33997667330369,1.5130854814769,0.89559749272194,0.00479321035711957,0.0223097588468807,"ENSG00000141052","MYOCD","Up","Significant"
"ENSG00000262786",0.649284289797301,2.36465027336387,1.41498178735944,0.00632962949769753,0.0277363089889299,"ENSG00000262786","ENSG00000262786","Up","Significant"
"ENSG00000235430",0.701281977372048,3.36201989024112,1.64314125254597,0.00412196706326237,0.0198795328616665,"ENSG00000235430","ZSWIM5P1","Up","Significant"
"ENSG00000286743",1.20824862596039,1.50550031253092,1.27298165321363,0.00862167539579744,0.0350909414354156,"ENSG00000286743","LOC124903940","Up","Significant"
"ENSG00000240505",245.699895137954,1.44210700248622,0.26242382146575,3.97605962366391e-09,1.68864108909194e-07,"ENSG00000240505","TNFRSF13B","Up","Significant"
"ENSG00000226359",1.78021020794775,1.79544269878343,0.682314326189798,0.000586587265117818,0.00427582176785577,"ENSG00000226359","ACTG1P24","Up","Significant"
"ENSG00000205309",154.513496322755,1.96195044037118,0.31772453698434,4.92034657573374e-11,3.41357957362861e-09,"ENSG00000205309","NT5M","Up","Significant"
"ENSG00000171931",0.931820900300772,1.39009405963232,0.852902342658421,0.0057895111585117,0.0259186011236564,"ENSG00000171931","FBXW10","Up","Significant"
"ENSG00000154016",47.6747539655867,-1.00659523044357,0.171612182144377,8.31112446939669e-10,4.28457645915406e-08,"ENSG00000154016","GRAP","Down","Significant"
"ENSG00000108641",32.9870095797017,1.53843192414301,0.17197276380883,3.55493075388672e-20,8.88971452477538e-18,"ENSG00000108641","B9D1","Up","Significant"
"ENSG00000142494",21.8237608265687,-1.15795222335985,0.322680714002661,4.24763167598357e-05,0.000501352200882471,"ENSG00000142494","SLC47A1","Down","Significant"
"ENSG00000231625",0.583951144359543,2.11452552059907,1.44941174307514,0.009878612336292,0.0389896844260081,"ENSG00000231625","ENSG00000231625","Up","Significant"
"ENSG00000261033",2.34686563300336,2.13917577891325,0.598247310798436,2.61720173310876e-05,0.000336479822753756,"ENSG00000261033","SPECC1-DT","Up","Significant"
"ENSG00000231258",0.949729417162512,2.17150681506002,1.12795554846288,0.00193908802186441,0.0110773316446916,"ENSG00000231258","ENSG00000231258","Up","Significant"
"ENSG00000188013",7.12601008731693,1.08576686380525,0.419026199830875,0.00118493795278509,0.00750020511142344,"ENSG00000188013","MEIS3P2","Up","Significant"
"ENSG00000244582",0.754058415749437,1.3718313482798,1.02999099703635,0.00793502006018063,0.0329856976415382,"ENSG00000244582","RPL21P120","Up","Significant"
"ENSG00000264956",1.15140143444031,2.12682905572715,1.09430844627695,0.00152947270794327,0.00914055662038004,"ENSG00000264956","LOC105371597","Up","Significant"
"ENSG00000260019",1.57030563329542,1.71643918636738,0.698181385838659,0.000998737804046687,0.00656338597289674,"ENSG00000260019","LINC01992","Up","Significant"
"ENSG00000007216",0.942324368166318,2.35579596144814,1.00086378511471,0.000646945318086696,0.00462326523006336,"ENSG00000007216","SLC13A2","Up","Significant"
"ENSG00000076382",273.117208096415,1.59460934119391,0.21868700853922,3.18177246727301e-14,3.84902576194409e-12,"ENSG00000076382","SPAG5","Up","Significant"
"ENSG00000108576",43.268462680726,1.33263021972003,0.314935377818141,2.44371985494511e-06,4.47712458279693e-05,"ENSG00000108576","SLC6A4","Up","Significant"
"ENSG00000265334",0.920092990101133,1.4590368415445,0.852748579380545,0.00536105490374231,0.0244120289329847,"ENSG00000265334","ENSG00000265334","Up","Significant"
"ENSG00000141314",3.57040400568729,1.10038911312157,0.570732443460637,0.00526811157382424,0.0240732511560448,"ENSG00000141314","RHBDL3","Up","Significant"
"ENSG00000006042",3.65276167447605,2.06041423277879,0.67894611166328,0.000129231504398257,0.00126324926513454,"ENSG00000006042","TMEM98","Up","Significant"
"ENSG00000279668",1.04929731690585,1.12569237279125,0.796532102705044,0.0122591728795111,0.0458167102408585,"ENSG00000279668","ENSG00000279668","Up","Significant"
"ENSG00000279674",1.32697030120005,1.38554689347747,0.823934522575417,0.00594358588288024,0.026464008170617,"ENSG00000279674","ENSG00000279674","Up","Significant"
"ENSG00000261156",0.548157712460559,2.9290636767939,1.63040101160154,0.00843933256457996,0.0345649034036739,"ENSG00000261156","LINC01989","Up","Significant"
"ENSG00000108688",8.13430716383188,2.68539299341093,0.917631002891032,0.000132134601776395,0.00128455658758842,"ENSG00000108688","CCL7","Up","Significant"
"ENSG00000236320",44.0984585250701,1.30582591147647,0.304951734046753,2.0372811775656e-06,3.85094606239547e-05,"ENSG00000236320","SLFN14","Up","Significant"
"ENSG00000270977",2.19617331627828,1.08687661630411,0.589172053732387,0.00654665023625969,0.0284824334934856,"ENSG00000270977","ENSG00000270977","Up","Significant"
"ENSG00000271013",1.6281590345396,1.28690046773138,0.715515318011871,0.00548592442105155,0.0248516751960276,"ENSG00000271013","ENSG00000271013","Up","Significant"
"ENSG00000278023",5.6732333423837,1.10805878102837,0.329717433131477,0.000113584190780195,0.00113546916731908,"ENSG00000278023","RDM1","Up","Significant"
"ENSG00000275152",1.56579933441966,1.51122696488558,0.58152645280033,0.000862126868938904,0.00582417634855461,"ENSG00000275152","CCL16","Up","Significant"
"ENSG00000275302",2204.11244692393,-1.28833774346706,0.370221640508732,5.05955087124204e-05,0.000580618116933046,"ENSG00000275302","CCL4","Down","Significant"
"ENSG00000277268",1.41512767609915,2.01375189325029,0.804907170390967,0.00067222386009289,0.00476731202705876,"ENSG00000277268","LHX1-DT","Up","Significant"
"ENSG00000278505",0.971115323240569,1.44330052533999,0.852585181233371,0.0046371800828361,0.0217476931274675,"ENSG00000278505","C17orf78","Up","Significant"
"ENSG00000277501",3.22766222140784,1.05002652163108,0.365627465181822,0.000603525380134058,0.0043687009364052,"ENSG00000277501","ENSG00000277501","Up","Significant"
"ENSG00000275410",2.60122471372262,1.26282735188133,0.795597408193023,0.00699649899883808,0.0299879361668029,"ENSG00000275410","HNF1B","Up","Significant"
"ENSG00000277399",2.17157061575888,1.96641992520852,0.631114354940283,0.000131304158654859,0.00127940420249074,"ENSG00000277399","GPR179","Up","Significant"
"ENSG00000275832",14.3013766948882,1.03726966383639,0.235152163739811,1.62960071665507e-06,3.18218475608361e-05,"ENSG00000275832","ARHGAP23","Up","Significant"
"ENSG00000277363",2.48423799759865,2.16920522520788,0.654703191912547,5.89807682435965e-05,0.000658221316211902,"ENSG00000277363","SRCIN1","Up","Significant"
"ENSG00000214553",1.61935519865368,1.4825408721868,0.798676545252114,0.00393361798255847,0.0191642345125839,"ENSG00000214553","ENSG00000214553","Up","Significant"
"ENSG00000141744",3.81335547025109,1.20637205623671,0.457561998154437,0.000913049923402512,0.00609712831472594,"ENSG00000141744","PNMT","Up","Significant"
"ENSG00000141738",1.97910751523463,1.65043312312104,0.862153512907828,0.00288513844893381,0.0151262119206258,"ENSG00000141738","GRB7","Up","Significant"
"ENSG00000264968",4.40597368523362,1.14129160804442,0.358922733267887,0.000195226787823099,0.00176140399385143,"ENSG00000264968","ENSG00000264968","Up","Significant"
"ENSG00000094804",109.48399988064,2.81958083021516,0.260815870552938,1.95207907606144e-28,1.21133736592116e-25,"ENSG00000094804","CDC6","Up","Significant"
"ENSG00000131747",369.78738925638,3.05367412025391,0.265512741924116,7.93019318072559e-32,8.05251040281618e-29,"ENSG00000131747","TOP2A","Up","Significant"
"ENSG00000171431",0.720842187795481,2.08328446474256,1.20260485617281,0.00393336698069635,0.0191642345125839,"ENSG00000171431","KRT20","Up","Significant"
"ENSG00000171360",0.754346218116256,3.65755179127046,1.50730685970131,0.000935032150147396,0.00621296694810413,"ENSG00000171360","KRT38","Up","Significant"
"ENSG00000171401",1.03797184600271,2.92101635350102,1.02529669975674,8.75313194131969e-05,0.000913797535634632,"ENSG00000171401","KRT13","Up","Significant"
"ENSG00000186847",0.657748267056918,2.35015923545274,1.40013972015728,0.00566057599067997,0.0254604350163349,"ENSG00000186847","KRT14","Up","Significant"
"ENSG00000177469",19.4607649593036,1.72177099366834,0.320918260632136,6.44138608504967e-09,2.60053501595096e-07,"ENSG00000177469","CAVIN1","Up","Significant"
"ENSG00000068137",26.3884050088626,1.09840600578112,0.18644438051149,5.73257700980009e-10,3.07009874828415e-08,"ENSG00000068137","PLEKHH3","Up","Significant"
"ENSG00000260105",0.767665996750337,2.25902189142049,1.1445104689352,0.00208878858301556,0.0117221933726794,"ENSG00000260105","ENSG00000260105","Up","Significant"
"ENSG00000267060",6.13596221944132,1.16111810089722,0.362863438134322,0.000165693093211972,0.00154571543998886,"ENSG00000267060","PTGES3L","Up","Significant"
"ENSG00000012048",111.051623271306,1.05048456942122,0.165312109770372,3.58443824624301e-11,2.56647310242216e-09,"ENSG00000012048","BRCA1","Up","Significant"
"ENSG00000231256",1.78442669409143,1.40911472094215,0.61403465795756,0.00176637427827665,0.0102670313427185,"ENSG00000231256","CFAP97D1","Up","Significant"
"ENSG00000161649",1.2716445065056,1.50922270393812,0.914173283019037,0.00557560533500856,0.0251762510673497,"ENSG00000161649","CD300LG","Up","Significant"
"ENSG00000125319",35.4159420554342,1.11423640992001,0.251429478831469,1.32744607770191e-06,2.66037025225559e-05,"ENSG00000125319","HROB","Up","Significant"
"ENSG00000004939",156.670046885752,5.2940807077142,0.926171418807157,4.30285745437745e-10,2.37928136037515e-08,"ENSG00000004939","SLC4A1","Up","Significant"
"ENSG00000267750",1.4343834053068,1.79519368058598,0.826052928787521,0.00178949153824097,0.0103815914049371,"ENSG00000267750","ENSG00000267750","Up","Significant"
"ENSG00000108309",10.690695563468,3.05080724140266,0.824542891686345,9.2477113381058e-06,0.000141111821142344,"ENSG00000108309","RUNDC3A","Up","Significant"
"ENSG00000013306",3080.35421715692,1.29312279373917,0.267116676051931,1.68371265041928e-07,4.5757929604947e-06,"ENSG00000013306","SLC25A39","Up","Significant"
"ENSG00000005961",5091.91114329743,2.93324173785084,0.411528726913636,5.51351106074102e-14,6.43347273298980e-12,"ENSG00000005961","ITGA2B","Up","Significant"
"ENSG00000182963",2.39886722404496,1.93268577888992,0.59045521013884,7.78002392464406e-05,0.000827096515516807,"ENSG00000182963","GJC1","Up","Significant"
"ENSG00000131095",5.52621129629864,1.32123533206316,0.362451036484919,2.88712638655776e-05,0.000365729302478343,"ENSG00000131095","GFAP","Up","Significant"
"ENSG00000186185",33.255624665045,2.83944886410881,0.332339553037964,7.78086882761441e-19,1.71532324700349e-16,"ENSG00000186185","KIF18B","Up","Significant"
"ENSG00000131094",1.76966214746842,1.41829226650714,0.690318588856287,0.00304818111674382,0.0157942633432764,"ENSG00000131094","C1QL1","Up","Significant"
"ENSG00000233483",9.74661207897576,-1.24839623802819,0.405863897452919,0.00022073948975551,0.00194856679721217,"ENSG00000233483","ENSG00000233483","Down","Significant"
"ENSG00000198336",19.3330158388954,2.72870486863747,0.789151274191396,2.36552545384414e-05,0.000309513441752688,"ENSG00000198336","MYL4","Up","Significant"
"ENSG00000259207",1587.58798664759,2.35954614147155,0.385271843195915,5.81337832868471e-11,3.95935964259951e-09,"ENSG00000259207","ITGB3","Up","Significant"
"ENSG00000263293",2.07471821596836,1.52063342397546,0.561711850171346,0.000558625566375439,0.00412403262914179,"ENSG00000263293","MRPL45P2","Up","Significant"
"ENSG00000266821",1.79470408832325,1.23352586450736,0.623881788559726,0.0040890793932498,0.0197521927906022,"ENSG00000266821","ENSG00000266821","Up","Significant"
"ENSG00000260027",8.19363780932597,1.08142696397035,0.35650729104459,0.000324624406649321,0.00266775534181628,"ENSG00000260027","HOXB7","Up","Significant"
"ENSG00000170703",1.89447636312958,2.4744170525127,0.907537384307078,0.000282338116111107,0.00239515643867521,"ENSG00000170703","TTLL6","Up","Significant"
"ENSG00000159217",1.70506760977206,2.14538834978799,0.799340076403772,0.000420223361850306,0.0032709093222397,"ENSG00000159217","IGF2BP1","Up","Significant"
"ENSG00000167080",1.22563483183897,1.4074771239857,0.867925372392448,0.00627099061799812,0.0275369708581443,"ENSG00000167080","B4GALNT2","Up","Significant"
"ENSG00000167100",46.4768108744288,3.10681369178192,0.48658476655122,9.17679157129925e-12,7.40976165693173e-10,"ENSG00000167100","SAMD14","Up","Significant"
"ENSG00000167105",1.19736792849619,1.6872994203486,1.00627250575374,0.00358724723902222,0.0178690452998953,"ENSG00000167105","TMEM92","Up","Significant"
"ENSG00000154920",25.6083972628075,1.02863537916998,0.189499538814353,1.02730413247032e-08,3.93416390570832e-07,"ENSG00000154920","EME1","Up","Significant"
"ENSG00000006283",2.4378232666261,1.41647761181889,0.802443415611619,0.00438883049707776,0.0208751342975981,"ENSG00000006283","CACNA1G","Up","Significant"
"ENSG00000167117",1.25322058996476,1.93765231329094,0.690749036750857,0.00034836719510422,0.00281762885366819,"ENSG00000167117","ANKRD40CL","Up","Significant"
"ENSG00000239672",212.244882138489,1.14049311174887,0.130936174282361,4.73711762439012e-19,1.05824049650459e-16,"ENSG00000239672","NME1","Up","Significant"
"ENSG00000262902",1.83916689086847,1.6936820671162,0.784254991952102,0.00174316812402164,0.0101691888349306,"ENSG00000262902","MTCO1P40","Up","Significant"
"ENSG00000285939",1.1196215535341,2.89357917670601,1.20335868078487,0.000567829197556005,0.00417792123968172,"ENSG00000285939","ENSG00000285939","Up","Significant"
"ENSG00000141198",4.55386434031469,1.78515561443998,0.487253326021566,1.86028568568547e-05,0.000252885651284521,"ENSG00000141198","TOM1L1","Up","Significant"
"ENSG00000108960",936.260339307669,1.42077914891553,0.280491439424405,4.16922180627911e-08,1.36166134022034e-06,"ENSG00000108960","MMD","Up","Significant"
"ENSG00000153930",2.47440518435824,1.33185622014973,0.610660227070102,0.0023437073108935,0.0128725271727143,"ENSG00000153930","ANKFN1","Up","Significant"
"ENSG00000183691",46.1828327707116,-1.61852858798669,0.404751078248267,5.1166447586244e-06,8.47521746004672e-05,"ENSG00000183691","NOG","Down","Significant"
"ENSG00000274213",110.131420569289,1.28785088677511,0.209655175755133,9.76700522020269e-11,6.29389572930331e-09,"ENSG00000274213","ENSG00000274213","Up","Significant"
"ENSG00000266290",1.56705452860652,1.12239896593872,0.718063685708045,0.00962481508552087,0.0382557256908596,"ENSG00000266290","DYNLL2-DT","Up","Significant"
"ENSG00000167419",3.41660555023069,1.19322930273026,0.499817527506663,0.0017288951820934,0.0101003453793566,"ENSG00000167419","LPO","Up","Significant"
"ENSG00000005381",228.717293991193,1.75014691365558,0.386183960677739,0.00138297708561752,0.00843505263231841,"ENSG00000005381","MPO","Up","Significant"
"ENSG00000108387",72.2556981464593,1.23185966196314,0.293570014307262,3.1265036974497e-06,5.56378185862145e-05,"ENSG00000108387","SEPTIN4","Up","Significant"
"ENSG00000121075",0.894485439706457,2.38266563474074,1.32330886620916,0.00324421008208442,0.0165590610267429,"ENSG00000121075","TBX4","Up","Significant"
"ENSG00000173826",1.18676158365373,1.17682414481215,0.991767601715588,0.0129772996545023,0.047728716290497,"ENSG00000173826","KCNH6","Up","Significant"
"ENSG00000240280",1.09469553062083,1.48633472216282,0.804708650325451,0.00386662030969388,0.0189065489504644,"ENSG00000240280","ENSG00000240280","Up","Significant"
"ENSG00000270714",9.07268629204542,1.03885193775442,0.626829975645639,0.00905130605513017,0.036467502056193,"ENSG00000270714","ENSG00000270714","Up","Significant"
"ENSG00000091583",0.745976440624442,1.60894159488075,1.80353720006582,0.0136419455863484,0.0494887901540486,"ENSG00000091583","APOH","Up","Significant"
"ENSG00000075429",2.12073751668706,2.2901065049412,0.694227250054759,6.46782986450139e-05,0.000708038258508909,"ENSG00000075429","CACNG5","Up","Significant"
"ENSG00000266858",0.734607445068828,2.00380559526503,1.33822108869455,0.00649646482205495,0.0283081976231781,"ENSG00000266858","ENSG00000266858","Up","Significant"
"ENSG00000265055",1.62819084470346,2.13022396826415,0.758670902953868,0.00033359958707569,0.00272761408948391,"ENSG00000265055","LOC124904048","Up","Significant"
"ENSG00000108950",366.468256581165,3.14370334026838,0.45007565727018,1.58628206119708e-13,1.72580277885236e-11,"ENSG00000108950","FAM20A","Up","Significant"
"ENSG00000267461",1.72650994941847,1.70534096123741,1.02229624694502,0.00415479109344499,0.0199946710829022,"ENSG00000267461","ENSG00000267461","Up","Significant"
"ENSG00000267659",7.4034615846045,2.95145407399351,0.395435690988519,6.29338157270506e-15,8.46927402087445e-13,"ENSG00000267659","LINC01482","Up","Significant"
"ENSG00000141338",2.03124708095625,2.13538652515815,0.660331172473787,9.10408945874764e-05,0.000943602579248082,"ENSG00000141338","ABCA8","Up","Significant"
"ENSG00000153822",1.04863821282492,1.56388280311342,0.888296905216223,0.00368058369757436,0.0181987131654153,"ENSG00000153822","KCNJ16","Up","Significant"
"ENSG00000234899",3.57958474125432,1.36579284410693,0.694537300689482,0.00320283291794626,0.016400325221189,"ENSG00000234899","SOX9-AS1","Up","Significant"
"ENSG00000180616",3.57319929122362,1.27993444241071,0.644492768920777,0.00354444560130007,0.0177084877969232,"ENSG00000180616","SSTR2","Up","Significant"
"ENSG00000264985",1.43729849755649,1.45744543536493,0.744267918803212,0.00349977225270403,0.0175664871803264,"ENSG00000264985","SDK2-AS1","Up","Significant"
"ENSG00000182352",3.74739922693776,1.49936645373086,0.528909429176506,0.000356035459698867,0.00285894853080502,"ENSG00000182352","CD300LD-AS1","Up","Significant"
"ENSG00000172782",1.23551003313956,1.61175054472377,1.14103867795624,0.00545929499486932,0.0247678738130349,"ENSG00000172782","FADS6","Up","Significant"
"ENSG00000182040",1.13287393067536,3.63543476103921,1.2340686043932,9.92259819212525e-05,0.00101494610140392,"ENSG00000182040","USH1G","Up","Significant"
"ENSG00000109089",7.64774228880197,1.89927232123936,0.494771214661575,8.02275688560666e-06,0.000125389253955128,"ENSG00000109089","CDR2L","Up","Significant"
"ENSG00000204323",130.909322582709,2.05686894025021,0.35818550145316,6.44960151626659e-10,3.41961546216103e-08,"ENSG00000204323","SMIM5","Up","Significant"
"ENSG00000129654",24.4268961134516,-1.1077761496199,0.84564282745725,0.0114713401766711,0.0435622323186844,"ENSG00000129654","FOXJ1","Down","Significant"
"ENSG00000176170",480.959262884249,1.15843297682638,0.241495576447315,2.44455374896777e-07,6.3254479980047e-06,"ENSG00000176170","SPHK1","Up","Significant"
"ENSG00000286534",0.624728648885645,2.29619432494041,1.443717008581,0.00813009829553099,0.0335961849531321,"ENSG00000286534","ENSG00000286534","Up","Significant"
"ENSG00000187997",2.87159778102158,1.21081157011996,0.74819300899592,0.00709547104512703,0.0303190690195309,"ENSG00000187997","C17orf99","Up","Significant"
"ENSG00000167900",461.824967149803,3.10554978747366,0.205410005714049,7.97098349721197e-53,2.67099686008076e-48,"ENSG00000167900","TK1","Up","Significant"
"ENSG00000089685",233.751488788955,3.71782790223759,0.291604689554022,1.86947777233587e-38,3.91527066707517e-35,"ENSG00000089685","BIRC5","Up","Significant"
"ENSG00000173918",1.22302791108288,1.70767023394738,0.83264579936364,0.00230187328099734,0.0126947781061454,"ENSG00000173918","C1QTNF1","Up","Significant"
"ENSG00000263278",0.839693808339267,3.09603822544853,1.18601391214294,0.000299798061953348,0.00250459567638862,"ENSG00000263278","ENSG00000263278","Up","Significant"
"ENSG00000267719",1.47409693405338,1.2877796361355,0.923498415406339,0.00921861882976701,0.0369815273993371,"ENSG00000267719","LINC02078","Up","Significant"
"ENSG00000229848",3.69101382408898,1.16005563378705,0.461522682617449,0.00129707293362267,0.00801763824622061,"ENSG00000229848","ENSG00000229848","Up","Significant"
"ENSG00000265688",3.73777018470525,1.15785951355731,0.440377187007183,0.000953313545954749,0.00632065366272214,"ENSG00000265688","MILIP","Up","Significant"
"ENSG00000183010",81.3369880140012,3.05414215059409,0.280463736247588,8.30276964533808e-29,5.35033669318527e-26,"ENSG00000183010","PYCR1","Up","Significant"
"ENSG00000264548",12.3515146075495,1.30374399487943,0.255761399243452,3.95683540746235e-08,1.3050157250852e-06,"ENSG00000264548","ENSG00000264548","Up","Significant"
"ENSG00000181408",0.865845765138177,3.33032446899473,1.08942992513075,2.75874939052945e-05,0.000351627741830549,"ENSG00000181408","UTS2R","Up","Significant"
"ENSG00000173213",2.22601421435072,1.34399247046039,1.02320170990116,0.00871160807113629,0.0353924921018072,"ENSG00000173213","TUBB8B","Up","Significant"
"ENSG00000277521",1.94203852899715,1.93560461216099,0.731791017257236,0.000512566941772393,0.00384672019078413,"ENSG00000277521","MIR8078","Up","Significant"
"ENSG00000176912",2.28596376970684,3.52951637460154,0.675401839411495,1.13092806137541e-09,5.55663759657311e-08,"ENSG00000176912","ENSG00000176912","Up","Significant"
"ENSG00000176890",70.677542543696,2.84873243177476,0.265039575597817,3.99335739648383e-28,2.26802394913181e-25,"ENSG00000176890","TYMS","Up","Significant"
"ENSG00000265179",0.542128337956295,1.96549789699732,1.46609223457937,0.012709171125072,0.0469176616977016,"ENSG00000265179","ENSG00000265179","Up","Significant"
"ENSG00000266602",1.82011003728712,3.29047761673226,0.830971591727246,9.15708958547659e-07,1.94822168203006e-05,"ENSG00000266602","ENSG00000266602","Up","Significant"
"ENSG00000263745",1.76435084807638,2.15422400949985,0.671984301546243,0.000102567275611666,0.00104244065467737,"ENSG00000263745","LOC105371956","Up","Significant"
"ENSG00000080986",135.992153018893,1.50518109509208,0.187664171231599,1.10885066636281e-16,1.94536528686657e-14,"ENSG00000080986","NDC80","Up","Significant"
"ENSG00000235422",0.717083232214771,1.91455681788324,1.35969424544256,0.00759331777359553,0.0319373020303016,"ENSG00000235422","ENSG00000235422","Up","Significant"
"ENSG00000259256",1.24041664694138,2.17113437271106,0.939375215547888,0.00076432341033731,0.00529386381913867,"ENSG00000259256","LINC01895","Up","Significant"
"ENSG00000261520",1.12109673581481,1.88430765994479,0.976153485436958,0.00187855409751436,0.0108047492711309,"ENSG00000261520","DLGAP1-AS5","Up","Significant"
"ENSG00000285575",0.970049849522018,1.17311016919244,0.874926041128391,0.0124047748819364,0.0461385287851894,"ENSG00000285575","ENSG00000285575","Up","Significant"
"ENSG00000261738",3.21036240366682,1.85300394626687,0.60579488514263,0.00014379298764641,0.00137628084062941,"ENSG00000261738","MIR3976HG","Up","Significant"
"ENSG00000206432",1.0310377941622,1.52666921229143,0.846852909024556,0.00327566920045853,0.0166739175509896,"ENSG00000206432","TMEM200C","Up","Significant"
"ENSG00000088756",2.04810001650061,2.69667599651601,0.822019002477596,5.27783787393729e-05,0.00060216230615514,"ENSG00000088756","ARHGAP28","Up","Significant"
"ENSG00000265933",0.853038814953316,1.96313796299229,1.11282684057669,0.0028839390906883,0.0151260834106023,"ENSG00000265933","LINC00668","Up","Significant"
"ENSG00000101680",4.14311955752562,1.68679766033379,0.54253903355379,0.000131605394868448,0.00128122172476666,"ENSG00000101680","LAMA1","Up","Significant"
"ENSG00000264964",11.8208279327676,1.49607351842092,0.339512679877807,9.48659184846307e-07,2.00812511844693e-05,"ENSG00000264964","TWSG1-DT","Up","Significant"
"ENSG00000154864",4.41493522261156,2.56482937492219,0.550827786960307,1.99703202384175e-07,5.29000364323425e-06,"ENSG00000154864","PIEZO2","Up","Significant"
"ENSG00000264714",1.2461022219263,1.50946082026206,1.04755594313801,0.00690284837822763,0.0296510122171554,"ENSG00000264714","ENSG00000264714","Up","Significant"
"ENSG00000267252",1.39898141878208,2.40728410771889,0.896880387173448,0.00022000041839618,0.00194357870288362,"ENSG00000267252","LINC01255","Up","Significant"
"ENSG00000286812",1.40428497574518,1.12107452256694,0.711017375921088,0.0100085575055285,0.0393819578972235,"ENSG00000286812","ENSG00000286812","Up","Significant"
"ENSG00000280302",1.10867431654476,1.95730278326839,1.12285945894581,0.0021514933090504,0.0120141011029653,"ENSG00000280302","ENSG00000280302","Up","Significant"
"ENSG00000183206",0.681183624636579,1.66612065331669,1.57207302169681,0.0137002503537013,0.0496680395003978,"ENSG00000183206","POTEC","Up","Significant"
"ENSG00000279042",0.774148042909776,2.47980588094303,0.990178208238662,0.000346462510870954,0.00280628771495644,"ENSG00000279042","ENSG00000279042","Up","Significant"
"ENSG00000134508",25.6304506471124,1.47833567528998,0.275806916905456,7.94430285746643e-09,3.13551995819602e-07,"ENSG00000134508","CABLES1","Up","Significant"
"ENSG00000053747",5.43248975327775,1.3901311115682,0.491944677945159,0.000405483163725626,0.00317467991026298,"ENSG00000053747","LAMA3","Up","Significant"
"ENSG00000287611",0.917327340024075,1.28950421326488,1.12747000793796,0.00985501234078439,0.0389286347432918,"ENSG00000287611","ENSG00000287611","Up","Significant"
"ENSG00000265485",2.13268742288268,1.51385204739627,0.653452424919162,0.00146754953824397,0.00885577480227214,"ENSG00000265485","LINC01915","Up","Significant"
"ENSG00000266573",1.18860914560283,1.97984629107406,0.741557600646149,0.00033268770487512,0.0027216875738917,"ENSG00000266573","ENSG00000266573","Up","Significant"
"ENSG00000198795",24.4739729023523,1.65031928435175,0.382427886813619,1.24929109556178e-06,2.52640285583463e-05,"ENSG00000198795","ZNF521","Up","Significant"
"ENSG00000260372",3.0131759565203,1.56993300818674,0.522437026994299,0.000213018094703109,0.00189287280175192,"ENSG00000260372","AQP4-AS1","Up","Significant"
"ENSG00000134762",0.74145470444423,2.604842449369,1.39946255750544,0.003830212472637,0.0187696094977469,"ENSG00000134762","DSC3","Up","Significant"
"ENSG00000134765",53.3808650443405,-1.20564494317836,0.420366469153924,0.000428777274614516,0.00332128934236195,"ENSG00000134765","DSC1","Down","Significant"
"ENSG00000134757",1.31546334988567,1.49975963372923,0.939436761079985,0.00602178661549494,0.0267369879022949,"ENSG00000134757","DSG3","Up","Significant"
"ENSG00000046604",9.46873898787839,1.02223090798914,0.456195324241074,0.00308225771324038,0.0159240477509978,"ENSG00000046604","DSG2","Up","Significant"
"ENSG00000265158",0.591625948527779,2.37411638768562,1.20697593033059,0.00264920709959603,0.0141808755112402,"ENSG00000265158","LRRC37A7P","Up","Significant"
"ENSG00000265273",2.06416158205604,1.06949648584311,0.513703617832545,0.00443061830258011,0.0210201881213587,"ENSG00000265273","PGDP1","Up","Significant"
"ENSG00000141434",1.28319372740017,1.14148386967497,0.802836898957622,0.011644130133625,0.04400892811275,"ENSG00000141434","MEP1B","Up","Significant"
"ENSG00000285095",2.7619397217938,1.66512407610208,0.51176428117941,9.34359544721314e-05,0.000965447239718363,"ENSG00000285095","LOC112268208","Up","Significant"
"ENSG00000141431",4.01178921205584,2.18489239193245,0.554936243759846,5.45004366003251e-06,8.93034293418237e-05,"ENSG00000141431","ASXL3","Up","Significant"
"ENSG00000101746",0.918848534659433,2.23442110233744,1.02414524959865,0.00101932160000699,0.00666337251163365,"ENSG00000101746","NOL4","Up","Significant"
"ENSG00000283514",0.588335481904261,2.27901363283131,1.34839167440832,0.00626083681173068,0.0275173048103741,"ENSG00000283514","MIR3975","Up","Significant"
"ENSG00000267397",1.95708731656498,1.12544970571983,0.570900349638635,0.00511829995365294,0.0235234005139153,"ENSG00000267397","ENSG00000267397","Up","Significant"
"ENSG00000134775",2.24208507231806,1.93640366428158,0.634539494689047,0.00016672464467783,0.00155283812850027,"ENSG00000134775","FHOD3","Up","Significant"
"ENSG00000285940",1.18310802274929,2.48380150067685,0.85323192009867,8.46145037268039e-05,0.000887710521409353,"ENSG00000285940","LOC124904288","Up","Significant"
"ENSG00000267374",2.91151519772271,2.4154699365482,0.59331632551819,3.37360099510167e-06,5.92794943601792e-05,"ENSG00000267374","MIR924HG","Up","Significant"
"ENSG00000283503",1.24681871230535,1.51218373728144,0.813767166739765,0.00405369457118482,0.0196236999979532,"ENSG00000283503","LINC01902","Up","Significant"
"ENSG00000279034",0.624587220879573,3.19498211783482,1.59347050304188,0.00446984962822705,0.0211524066081429,"ENSG00000279034","ENSG00000279034","Up","Significant"
"ENSG00000286976",1.42247621815695,1.41063352405079,0.936244320403031,0.00709054146072933,0.0303134669313063,"ENSG00000286976","LOC124904351","Up","Significant"
"ENSG00000267101",0.766919353682821,2.6193325243347,1.45849319855233,0.0045405378643313,0.0214173540675503,"ENSG00000267101","ENSG00000267101","Up","Significant"
"ENSG00000132874",8.58864977413994,1.08959608149399,0.263629535698085,5.31411858268529e-06,8.73324176494367e-05,"ENSG00000132874","SLC14A2","Up","Significant"
"ENSG00000101638",4.09576534306799,1.70243319890285,0.518868142493637,7.54651369833251e-05,0.000807395043159081,"ENSG00000101638","ST8SIA5","Up","Significant"
"ENSG00000278891",1.06849504728602,2.0173962921843,0.771644843536326,0.000307386454529623,0.00255271690330437,"ENSG00000278891","ENSG00000278891","Up","Significant"
"ENSG00000279250",0.87041877110718,1.15085254168395,0.891901994759913,0.0118828713344933,0.0447145576134235,"ENSG00000279250","ENSG00000279250","Up","Significant"
"ENSG00000264269",2.20343902097574,1.02720570977852,0.474526960708178,0.00394073738143962,0.0191811231016181,"ENSG00000264269","DYM-AS1","Up","Significant"
"ENSG00000101670",3.5911030125542,1.73620559961967,0.544191974114643,0.000100061919633975,0.00102100330846982,"ENSG00000101670","LIPG","Up","Significant"
"ENSG00000167306",13.3805994876972,1.04043941891824,0.322305154143778,0.000178614979064727,0.0016429342117705,"ENSG00000167306","MYO5B","Up","Significant"
"ENSG00000154839",50.3888044842496,2.89898779935799,0.286769530412838,3.60866561594673e-25,1.5910891595363e-22,"ENSG00000154839","SKA1","Up","Significant"
"ENSG00000227115",2.58739160139989,2.22671565266546,0.695262383723592,8.30341185001398e-05,0.000873591923648724,"ENSG00000227115","LINC01630","Up","Significant"
"ENSG00000187323",8.41033588908247,3.59643898097449,0.518871395696343,3.69256635749809e-13,3.79552779366269e-11,"ENSG00000187323","DCC","Up","Significant"
"ENSG00000263438",1.0633818622681,1.54715730319901,0.922385473710109,0.00424771608699674,0.020345442875811,"ENSG00000263438","LINC01919","Up","Significant"
"ENSG00000267013",0.597393182318014,4.8303603245568,2.62968025372512,0.00989159533485299,0.0390225415676464,"ENSG00000267013","LINC01929","Up","Significant"
"ENSG00000267284",1.0864426507602,2.36047225437413,0.843229863329034,0.000132139620920268,0.00128455658758842,"ENSG00000267284","LOC105372126","Up","Significant"
"ENSG00000177511",1.4041992168106,2.00101458409927,0.830963792776432,0.000893523614500441,0.00598821655965905,"ENSG00000177511","ST8SIA3","Up","Significant"
"ENSG00000267391",1.12924512417278,1.7582130350796,0.868196933214586,0.00195840400149023,0.0111529843110021,"ENSG00000267391","MIR122HG","Up","Significant"
"ENSG00000267593",0.634668945923984,3.33901054703255,1.45946714539081,0.00130439488073177,0.00806141056039118,"ENSG00000267593","LINC01926","Up","Significant"
"ENSG00000224367",1.50765490864313,1.39214437597495,1.32470938722861,0.0101019450647691,0.0396490816026385,"ENSG00000224367","ENSG00000224367","Up","Significant"
"ENSG00000166562",1138.96591402881,1.30475519246709,0.159554265678746,3.62917368517997e-17,6.6453541539178e-15,"ENSG00000166562","SEC11C","Up","Significant"
"ENSG00000267279",31.5243815755199,1.72223024490751,0.384329071894359,5.70153846492397e-07,1.29703226355151e-05,"ENSG00000267279","ENSG00000267279","Up","Significant"
"ENSG00000176641",7.49818130709872,1.64586864577102,0.435701608132031,1.20525786256735e-05,0.000176208489165661,"ENSG00000176641","RNF152","Up","Significant"
"ENSG00000197641",0.702336464212879,1.61409459314307,1.10865412784038,0.0062445747032344,0.0274587209885878,"ENSG00000197641","SERPINB13","Up","Significant"
"ENSG00000179676",0.767777296378796,1.90538018900128,1.01657266715572,0.0024575575340502,0.0133707250216737,"ENSG00000179676","LINC00305","Up","Significant"
"ENSG00000081138",2.39533814652873,1.80090354935387,0.575466999238287,0.000128062457023567,0.00125438318398208,"ENSG00000081138","CDH7","Up","Significant"
"ENSG00000264104",0.869951853279872,1.29289776583055,1.03586153236968,0.0094685371315342,0.037758087675899,"ENSG00000264104","LOC100129135","Up","Significant"
"ENSG00000141668",1.25573449201616,2.144473176116,0.732114440119562,0.000164160766283701,0.00153355537145262,"ENSG00000141668","CBLN2","Up","Significant"
"ENSG00000261194",1.51857531355268,2.19402262747471,0.992260997970485,0.00100371852637371,0.00658063081593752,"ENSG00000261194","LINC01898","Up","Significant"
"ENSG00000266256",3.50123233195018,1.16139883324617,0.479511207156295,0.0016297433928039,0.00961801186147691,"ENSG00000266256","LINC00908","Up","Significant"
"ENSG00000265836",0.813243523574201,2.3773023811203,1.15376436659925,0.00166952902793264,0.00981133781076723,"ENSG00000265836","CCND3P2","Up","Significant"
"ENSG00000166573",2.23915749876545,2.32918471387274,0.620704005222201,1.3962079776577e-05,0.000199511868329774,"ENSG00000166573","GALR1","Up","Significant"
"ENSG00000267655",2.18915963141109,1.14128230587168,0.600567206450407,0.00536458278311894,0.0244208401683919,"ENSG00000267655","ENSG00000267655","Up","Significant"
"ENSG00000178342",17.8298959487764,1.33598204248047,0.423564099223491,0.0001493090651196,0.00142176682668163,"ENSG00000178342","KCNG2","Up","Significant"
"ENSG00000215595",1.48430238279425,-1.22068452322567,0.765210303523506,0.00850689111972637,0.0347323222106221,"ENSG00000215595","C20orf202","Down","Significant"
"ENSG00000287561",4.34610936847662,-1.67548937923844,0.907858772949661,0.00294586734062068,0.0153662933868086,"ENSG00000287561","ENSG00000287561","Down","Significant"
"ENSG00000166948",0.757622022293512,1.46882455731389,1.39075030732726,0.0115774908123813,0.0438262697279808,"ENSG00000166948","TGM6","Up","Significant"
"ENSG00000088882",33.2101784541781,1.12009962449427,0.358806200882147,0.000222372640219589,0.00195937018172974,"ENSG00000088882","CPXM1","Up","Significant"
"ENSG00000101200",2.08362365369987,3.58169595012947,1.13927144303856,3.83956072761761e-05,0.000460387543786719,"ENSG00000101200","AVP","Up","Significant"
"ENSG00000088836",18.679967427084,1.60773864995917,0.32019295346142,4.33396750833488e-08,1.40180422043237e-06,"ENSG00000088836","SLC4A11","Up","Significant"
"ENSG00000277287",2.40177761158198,2.01803743200652,0.52152988729927,9.69116391768153e-06,0.000146610027863472,"ENSG00000277287","ENSG00000277287","Up","Significant"
"ENSG00000088827",1454.64044765114,1.7446653671713,0.637590034618535,0.000375770970611832,0.0029852322082105,"ENSG00000088827","SIGLEC1","Up","Significant"
"ENSG00000088826",600.70022913079,2.22544766653271,0.319200505768182,2.18477279814728e-13,2.30944958022452e-11,"ENSG00000088826","SMOX","Up","Significant"
"ENSG00000230176",0.846807773888145,1.74409224497902,0.93339389717137,0.00246482321046088,0.0134015513482612,"ENSG00000230176","LINC01433","Up","Significant"
"ENSG00000226995",0.838843764679035,1.35042056188129,0.966803732272684,0.00789684907270042,0.0328740279346106,"ENSG00000226995","LINC00658","Up","Significant"
"ENSG00000101333",5.33120382598947,1.02434225566365,0.390296849601882,0.00124011888769251,0.00775716703522278,"ENSG00000101333","PLCB4","Up","Significant"
"ENSG00000286470",0.702986631942773,2.00894468742039,1.26126632756925,0.00543971663324982,0.0247058097944657,"ENSG00000286470","ENSG00000286470","Up","Significant"
"ENSG00000227906",2.86018821999541,1.24288152172737,0.746226791972339,0.00636280918491892,0.0278380171011161,"ENSG00000227906","SNAP25-AS1","Up","Significant"
"ENSG00000230750",1.04809998349781,1.62787447633645,0.870388282968905,0.00316480014700642,0.0162477842999905,"ENSG00000230750","ENSG00000230750","Up","Significant"
"ENSG00000235292",0.725514359451556,1.98925513892029,1.28993157009928,0.00574620139096052,0.0257660475778836,"ENSG00000235292","ENSG00000235292","Up","Significant"
"ENSG00000234265",0.821584864797553,1.92681740023014,1.6217181286117,0.00913202250382559,0.0367264692847686,"ENSG00000234265","LINC01723","Up","Significant"
"ENSG00000278153",0.67627983161934,1.17392224271205,1.01103026892191,0.012862260849457,0.0473575979347823,"ENSG00000278153","ENSG00000278153","Up","Significant"
"ENSG00000101251",1.27446998112947,1.60546765283195,0.957278345835776,0.00441615017480266,0.0209663893748176,"ENSG00000101251","SEL1L2","Up","Significant"
"ENSG00000213950",0.995570118149747,1.76511083108729,1.19064952685006,0.00456855427270334,0.0215268209705335,"ENSG00000213950","RPS10P2","Up","Significant"
"ENSG00000235914",0.767910143393637,2.11842854099056,1.31017104273871,0.0052288758502974,0.0239265875826322,"ENSG00000235914","MACROD2-AS1","Up","Significant"
"ENSG00000287410",0.636348400360756,1.38806884387092,1.11374558395883,0.0105711964441232,0.0409846374691803,"ENSG00000287410","ENSG00000287410","Up","Significant"
"ENSG00000125851",1.16026269667458,3.45980699193473,1.38828903500072,0.000619145354980244,0.00446306332583715,"ENSG00000125851","PCSK2","Up","Significant"
"ENSG00000212232",4.84019247334518,1.12202634665075,0.441982432310115,0.0012545753071545,0.00782131422650051,"ENSG00000212232","SNORD17","Up","Significant"
"ENSG00000287430",1.25263056429928,4.70656174607921,1.35417354431018,4.44760225747276e-07,1.04659202279252e-05,"ENSG00000287430","ENSG00000287430","Up","Significant"
"ENSG00000185052",53.9380226690871,2.1763598657193,0.400191836876383,3.49848076992848e-09,1.50681995012254e-07,"ENSG00000185052","SLC24A3","Up","Significant"
"ENSG00000235996",1.74873044805333,3.98719284080562,0.896196946933006,3.81490718320700e-09,1.63261462071626e-07,"ENSG00000235996","ENSG00000235996","Up","Significant"
"ENSG00000232675",0.775013541229332,2.880960272671,1.24204103912592,0.000965543817608206,0.0063840583631084,"ENSG00000232675","ENSG00000232675","Up","Significant"
"ENSG00000283405",0.603098262379925,1.55990936068704,1.39149909209358,0.0132079658361152,0.0483436075589714,"ENSG00000283405","ENSG00000283405","Up","Significant"
"ENSG00000233492",0.671403774270987,1.9854705373283,1.17082243651765,0.00434942206251818,0.0207229893207624,"ENSG00000233492","ENSG00000233492","Up","Significant"
"ENSG00000125813",1.07364020185003,2.75945713320915,1.2441498539541,0.000969859207867647,0.00640500831620753,"ENSG00000125813","PAX1","Up","Significant"
"ENSG00000204684",0.876651749138869,1.72522833090919,1.04475983098745,0.0039335981993554,0.0191642345125839,"ENSG00000204684","LOC284788","Up","Significant"
"ENSG00000259974",1.16749956824735,3.72861775442288,1.14103323503219,1.11953818908556e-05,0.00016540831207261,"ENSG00000259974","LINC00261","Up","Significant"
"ENSG00000283072",1.00021126386878,2.35687004947517,1.03006991823661,0.000659335078488022,0.00469478519869424,"ENSG00000283072","LOC124904963","Up","Significant"
"ENSG00000279164",31.5749925496957,1.28593637969229,0.297691602764616,1.71226154779396e-06,3.31462577729798e-05,"ENSG00000279164","ENSG00000279164","Up","Significant"
"ENSG00000230387",2.55758601844938,1.91583145244163,0.928711173794351,0.00182875365914626,0.0105717995376524,"ENSG00000230387","LINC03125","Up","Significant"
"ENSG00000230133",1.33900178873176,2.10357059195427,0.869635163568071,0.000663481455967274,0.00472129966192555,"ENSG00000230133","LINC01721","Up","Significant"
"ENSG00000100987",1.49779537814031,2.67050069909691,0.775842064498738,1.47955332141096e-05,0.000208750956830147,"ENSG00000100987","VSX1","Up","Significant"
"ENSG00000101003",32.4760583731876,1.52716099455402,0.274761541942388,2.63638254400788e-09,1.17790056889547e-07,"ENSG00000101003","GINS1","Up","Significant"
"ENSG00000282935",1.49775617282548,1.90251000733725,0.982393162538185,0.00214999060071279,0.0120093407300025,"ENSG00000282935","DUX4L34","Up","Significant"
"ENSG00000277112",0.932545437733432,1.75279914217391,1.09416727947481,0.00380931203404835,0.018697684327601,"ENSG00000277112","ENSG00000277112","Up","Significant"
"ENSG00000131068",0.615240263270119,4.83852989084077,2.66567815043237,0.011109129872567,0.0425289424082999,"ENSG00000131068","DEFB118","Up","Significant"
"ENSG00000180483",0.718637849893525,1.81130118438061,1.50079557373579,0.0106227740204043,0.0411293603387848,"ENSG00000180483","DEFB119","Up","Significant"
"ENSG00000125968",408.44258599447,1.02341045241598,0.282068311018466,4.40040150283148e-05,0.000517924320191008,"ENSG00000125968","ID1","Up","Significant"
"ENSG00000171552",718.183491082281,1.16989757574644,0.268748299205498,1.93116117259757e-06,3.68096016681296e-05,"ENSG00000171552","BCL2L1","Up","Significant"
"ENSG00000088325",224.914471961624,3.05613771321506,0.225295695485705,4.13843996998118e-43,1.73343731192624e-39,"ENSG00000088325","TPX2","Up","Significant"
"ENSG00000101306",0.957396770812227,5.94984676511299,2.58168412268464,0.000320444347261588,0.00263648851862297,"ENSG00000101306","MYLK2","Up","Significant"
"ENSG00000101331",1.42690173174296,1.43189565490041,0.624434305051619,0.00193018352209369,0.0110443428044292,"ENSG00000101331","CCM2L","Up","Significant"
"ENSG00000277301",21.1325869290651,-1.71078414189987,0.338237012171923,3.56343304987962e-08,1.19049928283565e-06,"ENSG00000277301","LOC101929698","Down","Significant"
"ENSG00000167098",0.637753693876861,3.49116225661296,1.42447255967838,0.000674081544446739,0.00477846381909579,"ENSG00000167098","SUN5","Up","Significant"
"ENSG00000186190",0.875625011363393,1.13956478377449,1.12593910996171,0.0131611970607994,0.0482514827473006,"ENSG00000186190","BPIFB3","Up","Significant"
"ENSG00000186191",1.01464521277449,2.48582680743634,1.00970776302322,0.000464141871269886,0.00354391690525772,"ENSG00000186191","BPIFB4","Up","Significant"
"ENSG00000101412",292.210198294965,2.58338035493926,0.294335782961585,1.11887694932177e-19,2.67803197820165e-17,"ENSG00000101412","E2F1","Up","Significant"
"ENSG00000225246",2.22001685066452,1.58088636626939,0.573881513924273,0.000471963282164196,0.00359105758901908,"ENSG00000225246","RPS2P1","Up","Significant"
"ENSG00000088340",23.2124850958271,2.52517779714523,0.446509017951193,9.47884646461926e-10,4.77634084485604e-08,"ENSG00000088340","FER1L4","Up","Significant"
"ENSG00000222460",2.05093749255575,-1.42772306679765,0.631444774160296,0.00195656629889094,0.0111482027052434,"ENSG00000222460","ENSG00000222460","Down","Significant"
"ENSG00000149646",4.2749991115865,1.10508610642777,0.350437760865062,0.00022127920317977,0.00195178858103472,"ENSG00000149646","CNBD2","Up","Significant"
"ENSG00000101335",675.368473230684,3.56978213927545,0.455533402880346,2.53232229828141e-16,4.26409989412622e-14,"ENSG00000101335","MYL9","Up","Significant"
"ENSG00000204117",0.7045596026566,2.79215588769937,1.18908483444953,0.00082319034614355,0.00561491040546566,"ENSG00000204117","LOC100287792","Up","Significant"
"ENSG00000132821",0.845836208893247,1.10370682138849,1.05765375302131,0.0127642252071642,0.0470586887960024,"ENSG00000132821","VSTM2L","Up","Significant"
"ENSG00000198959",136.901185193814,1.08081929777807,0.258801515859945,4.33542739763412e-06,7.34829725176134e-05,"ENSG00000198959","TGM2","Up","Significant"
"ENSG00000149633",1.81799694229244,1.8756083198537,0.815211116947897,0.00120603885690988,0.00759893375463021,"ENSG00000149633","KIAA1755","Up","Significant"
"ENSG00000101438",0.768117227207851,1.20282756390868,0.909880209484729,0.0100737231506623,0.0395825972157062,"ENSG00000101438","SLC32A1","Up","Significant"
"ENSG00000204103",5857.64429961654,1.44818320397215,0.235523048649333,9.14939769587903e-11,5.94161177114749e-09,"ENSG00000204103","MAFB","Up","Significant"
"ENSG00000132793",4.84926762660972,1.02091195608767,0.391504084010336,0.00129545372569633,0.00801359670867538,"ENSG00000132793","LPIN3","Up","Significant"
"ENSG00000101057",955.705484347665,3.3091715405036,0.28937086585416,1.64526678630714e-31,1.57517842121045e-28,"ENSG00000101057","MYBL2","Up","Significant"
"ENSG00000124191",76.8851555897636,1.1662267666494,0.212507074069927,5.68003031678737e-09,2.31547610565971e-07,"ENSG00000124191","TOX2","Up","Significant"
"ENSG00000149596",1.76946177572887,2.07101395189507,0.747497772558159,0.00035724727423808,0.00286785275418486,"ENSG00000149596","JPH2","Up","Significant"
"ENSG00000101074",0.820133278670088,1.89878526433053,1.12019059707462,0.00357547916981346,0.0178210220885437,"ENSG00000101074","R3HDML","Up","Significant"
"ENSG00000101076",1.46547960353359,1.23886856948266,0.662468552824475,0.00526968238644241,0.0240771457713797,"ENSG00000101076","HNF4A","Up","Significant"
"ENSG00000064205",1.56192189990157,1.62030244472972,0.656472865351287,0.00108517379807279,0.00700232790287335,"ENSG00000064205","CCN5","Up","Significant"
"ENSG00000286100",2.30480339725577,1.81499128766508,0.542432967026918,6.92606439858978e-05,0.000750357232241658,"ENSG00000286100","ENSG00000286100","Up","Significant"
"ENSG00000124102",1.00247069996446,4.04193510921564,1.6121473069564,0.000815048293815539,0.00557035555322556,"ENSG00000124102","PI3","Up","Significant"
"ENSG00000243995",0.69628887882277,5.1325868261401,2.66466664819117,0.00668599788746563,0.0289571026510386,"ENSG00000243995","ENSG00000243995","Up","Significant"
"ENSG00000124107",7.6577163398881,1.97218518146607,0.453480529740495,9.13950462013359e-07,1.94571575804356e-05,"ENSG00000124107","SLPI","Up","Significant"
"ENSG00000124159",1.32243130030332,1.6605389401505,0.769882758598842,0.00206588346509822,0.0116188071083553,"ENSG00000124159","MATN4","Up","Significant"
"ENSG00000101448",0.925472276415303,2.32474295764044,1.37082935076239,0.00345495867411199,0.017377996128913,"ENSG00000101448","EPPIN","Up","Significant"
"ENSG00000175063",141.18572655625,3.45336635452853,0.248754577371953,4.98148320055842e-45,4.1731130141878e-41,"ENSG00000175063","UBE2C","Up","Significant"
"ENSG00000101470",17.7704689202683,1.17852662630269,0.27275131490649,1.99507749600144e-06,3.77914368646197e-05,"ENSG00000101470","TNNC2","Up","Significant"
"ENSG00000064601",5526.75037255414,1.0987455521225,0.195758365279218,4.41572280251209e-09,1.84727160286364e-07,"ENSG00000064601","CTSA","Up","Significant"
"ENSG00000124140",2.5121724241228,1.45430064322556,0.506732781410809,0.00036143428577026,0.00288914634586728,"ENSG00000124140","SLC12A5","Up","Significant"
"ENSG00000149654",1.48214889656698,2.68401527718389,0.743455156519138,6.8049746999163e-06,0.000108429813228481,"ENSG00000149654","CDH22","Up","Significant"
"ENSG00000064655",2.4356154298792,1.67320576854942,0.542876366724267,0.000165123885194492,0.00154169302562893,"ENSG00000064655","EYA2","Up","Significant"
"ENSG00000224565",5.82873287114392,1.11366982063261,0.43012828413279,0.00111957353687736,0.00717044909159472,"ENSG00000224565","ENSG00000224565","Up","Significant"
"ENSG00000237423",1.31741155175486,1.4234885226284,0.98821191696974,0.00777252985612159,0.0325196282867747,"ENSG00000237423","ENSG00000237423","Up","Significant"
"ENSG00000158445",2.84778062990466,1.01742125149221,0.489266979763328,0.0044938798379148,0.0212421243459849,"ENSG00000158445","KCNB1","Up","Significant"
"ENSG00000124212",1.33696170760427,1.92547041545175,0.751438093244851,0.000600774885832893,0.00435272770797285,"ENSG00000124212","PTGIS","Up","Significant"
"ENSG00000237595",1.10486430131717,2.06590567408306,0.861436793719044,0.000674640337145831,0.00478040242279967,"ENSG00000237595","LINC01275","Up","Significant"
"ENSG00000042062",77.212632831465,1.41751353914043,0.25827093534624,4.23859754983346e-09,1.78207233748268e-07,"ENSG00000042062","RIPOR3","Up","Significant"
"ENSG00000101134",1.0344869940776,1.81927722312831,0.949795950358502,0.00219823645670106,0.0122319338139481,"ENSG00000101134","DOK5","Up","Significant"
"ENSG00000087586",93.8466841681432,1.29052299716005,0.18212579351608,1.73527146061026e-13,1.87571649592224e-11,"ENSG00000087586","AURKA","Up","Significant"
"ENSG00000087589",211.113222750504,-1.02484256764267,0.170113316598587,2.90492460234823e-10,1.67540651463144e-08,"ENSG00000087589","CASS4","Down","Significant"
"ENSG00000286052",1.14037725132038,1.36392034160492,1.1715323516896,0.00850300021133015,0.0347260248728168,"ENSG00000286052","ENSG00000286052","Up","Significant"
"ENSG00000101162",4226.28814666322,1.53588354443109,0.317084270559812,1.25738658395241e-07,3.54960126719976e-06,"ENSG00000101162","TUBB1","Up","Significant"
"ENSG00000277270",1.14037838167886,1.81193757898644,1.05708759165832,0.00285309387700519,0.0150203177886201,"ENSG00000277270","LOC105372703","Up","Significant"
"ENSG00000101187",113.325875834791,2.60425242710962,0.299800718021232,2.37740712984031e-19,5.38273888606885e-17,"ENSG00000101187","SLCO4A1","Up","Significant"
"ENSG00000101188",37.369250383639,1.78638607627407,0.511857999894311,3.1821868023582e-05,0.0003962537999265,"ENSG00000101188","NTSR1","Up","Significant"
"ENSG00000101197",7.02526487065208,-2.68157633517563,0.704587169878782,7.62669821845499e-06,0.000119926340029192,"ENSG00000101197","BIRC7","Down","Significant"
"ENSG00000275620",0.956763629855476,1.41423127543902,1.05703949248455,0.00659414648041754,0.0286296002089028,"ENSG00000275620","FLJ16779","Up","Significant"
"ENSG00000101203",2.55359022752622,1.37596481004087,0.638966444506968,0.0023400428745108,0.0128588200185102,"ENSG00000101203","COL20A1","Up","Significant"
"ENSG00000101204",2.26921098208523,1.77766884370288,0.763427767022569,0.00114448212138998,0.00730623955146823,"ENSG00000101204","CHRNA4","Up","Significant"
"ENSG00000075043",2.83227716409105,2.4066101054327,0.688527843609453,2.91048592305752e-05,0.000368028199229186,"ENSG00000075043","KCNQ2","Up","Significant"
"ENSG00000196132",2.08578541522546,1.17888897350321,0.657731800794547,0.00607747237326855,0.0269197200715564,"ENSG00000196132","MYT1","Up","Significant"
"ENSG00000099812",0.865871254379843,1.34991449399139,1.03396548107449,0.0088904212405963,0.0359880557321988,"ENSG00000099812","MISP","Up","Significant"
"ENSG00000196415",4.2318350783842,4.80566157779707,0.866802659399863,4.11407486624378e-06,7.02284944946321e-05,"ENSG00000196415","PRTN3","Up","Significant"
"ENSG00000197561",39.5925464968483,2.58697556806708,0.563325804027914,2.34976054602909e-07,6.11320855100069e-06,"ENSG00000197561","ELANE","Up","Significant"
"ENSG00000266990",0.595346767274392,2.42535700243006,1.23836689647133,0.00302343504498485,0.015694346115377,"ENSG00000266990","ENSG00000266990","Up","Significant"
"ENSG00000116032",7.1770772932816,1.0043051186552,0.446285103883949,0.00309681187687643,0.0159746104036718,"ENSG00000116032","GRIN3B","Up","Significant"
"ENSG00000205922",0.762238226438706,3.74462192763528,1.47656543879707,0.000572834073365247,0.00419673910994749,"ENSG00000205922","ONECUT3","Up","Significant"
"ENSG00000167476",18.6228182880906,1.60142850182233,0.332485190267649,1.28341775182708e-07,3.6169928886437e-06,"ENSG00000167476","JSRP1","Up","Significant"
"ENSG00000178297",5.62553116431033,1.69646517613423,0.473605645991901,2.68385935318195e-05,0.000343388480587147,"ENSG00000178297","TMPRSS9","Up","Significant"
"ENSG00000286460",1.07366595287218,1.6862721186897,1.04670867980968,0.00352448493502006,0.0176455947538603,"ENSG00000286460","ENSG00000286460","Up","Significant"
"ENSG00000095932",10.5630726364411,2.21692656726735,0.476748190850117,2.10033060456005e-07,5.50704054993761e-06,"ENSG00000095932","SMIM24","Up","Significant"
"ENSG00000167654",0.933957044435198,2.28139160169689,1.02710549979337,0.000924764201977107,0.00615572579341496,"ENSG00000167654","ATCAY","Up","Significant"
"ENSG00000060566",4.43160743404019,1.58595538462213,0.622379308097943,0.000732457450592294,0.00512078526860505,"ENSG00000060566","CREB3L3","Up","Significant"
"ENSG00000105246",24.0184504783461,1.17833276867768,0.241551988813121,1.39037306251649e-07,3.87604084458113e-06,"ENSG00000105246","EBI3","Up","Significant"
"ENSG00000267769",0.833573756180194,1.37213374546419,0.899383129068319,0.00620334397355324,0.0273258647574334,"ENSG00000267769","ENSG00000267769","Up","Significant"
"ENSG00000074842",2025.15000817224,1.01945339682369,0.13311519141949,3.74231485727302e-15,5.2469133285507e-13,"ENSG00000074842","MYDGF","Up","Significant"
"ENSG00000276043",226.71740298252,2.69564363738762,0.219865527811946,9.4816876732892e-36,1.38139944454021e-32,"ENSG00000276043","UHRF1","Up","Significant"
"ENSG00000223573",5.6560693845058,1.28112343594226,0.332157485280059,1.26800040388968e-05,0.000184176096809446,"ENSG00000223573","TINCR","Up","Significant"
"ENSG00000174898",1.63066920108679,2.7319660821385,0.885561458277761,6.07214036444304e-05,0.000673575629265387,"ENSG00000174898","CATSPERD","Up","Significant"
"ENSG00000156413",1.29301047312193,1.23473161263176,0.885982083358531,0.0101964053242437,0.0399008929125401,"ENSG00000156413","FUT6","Up","Significant"
"ENSG00000267563",0.855665376359493,1.68583877974338,0.991818091838857,0.00352615974631268,0.0176498893301151,"ENSG00000267563","ENSG00000267563","Up","Significant"
"ENSG00000269444",1.30569063516912,2.14423969986549,0.80055951325459,0.000347882935649248,0.00281507106753698,"ENSG00000269444","ENSG00000269444","Up","Significant"
"ENSG00000268758",39.7711477172796,-1.29938831630645,0.268357598297411,1.47218125961279e-07,4.06019109698478e-06,"ENSG00000268758","ENSG00000268758","Down","Significant"
"ENSG00000104918",732.725029820172,2.29050831824789,0.550173298358131,1.79908566024986e-06,3.46468743616739e-05,"ENSG00000104918","RETN","Up","Significant"
"ENSG00000183019",968.182088222122,1.12135177638907,0.349849525642945,0.00017658524420069,0.00162783905032212,"ENSG00000183019","MCEMP1","Up","Significant"
"ENSG00000090659",25.588432813935,-1.10870789881586,0.286322457709293,1.45923621753662e-05,0.000206405852315046,"ENSG00000090659","CD209","Down","Significant"
"ENSG00000104938",0.95758285880665,1.75610121083188,1.14357467585965,0.0044486036596823,0.0210846195236626,"ENSG00000104938","CLEC4M","Up","Significant"
"ENSG00000131142",5.38492134718042,2.76511650801618,0.472791610890578,3.71991479016263e-10,2.07751041172599e-08,"ENSG00000131142","CCL25","Up","Significant"
"ENSG00000142449",2.95910142474667,1.81470888595664,0.678957937831088,0.000451441667293729,0.00346560339733003,"ENSG00000142449","FBN3","Up","Significant"
"ENSG00000142303",240.13271927216,-1.05475800662471,0.200926196048767,2.41953236153386e-08,8.42787005224929e-07,"ENSG00000142303","ADAMTS10","Down","Significant"
"ENSG00000181143",13.9780762230787,1.57872474030524,0.500506857611188,0.000117423787196679,0.00116827603479024,"ENSG00000181143","MUC16","Up","Significant"
"ENSG00000170929",0.679927905284595,2.57265858712471,1.3593590104951,0.00416481179082621,0.020037139741392,"ENSG00000170929","OR1M1","Up","Significant"
"ENSG00000187847",1.61489373949443,1.26743268530388,0.610426022359437,0.00350780034248274,0.0175936059985413,"ENSG00000187847","OR7E25P","Up","Significant"
"ENSG00000174667",0.823904316504741,1.3493668751383,0.953041866243016,0.00786049417877283,0.0327705043593811,"ENSG00000174667","OR7D4","Up","Significant"
"ENSG00000260112",0.772762868041978,1.66922487025809,1.20343842199986,0.00676121825062196,0.0292073820239901,"ENSG00000260112","ENSG00000260112","Up","Significant"
"ENSG00000080573",19.1207887550721,-1.02840619534409,0.395297594631512,0.00123876498330372,0.00775159212428093,"ENSG00000080573","COL5A3","Down","Significant"
"ENSG00000080511",0.828937890472235,2.07207367368882,1.47483199042698,0.00686835064545735,0.0295520752155406,"ENSG00000080511","RDH8","Up","Significant"
"ENSG00000167798",2.28446705559003,1.84638055069428,0.686988228510847,0.000448486576218111,0.00344697556145373,"ENSG00000167798","ENSG00000167798","Up","Significant"
"ENSG00000129354",15.4192329940219,1.85013814672455,0.392880096409926,1.85136362376404e-07,4.97094099909529e-06,"ENSG00000129354","AP1M2","Up","Significant"
"ENSG00000161888",40.1647854933513,2.81458307062661,0.274142423261721,7.0799660044952e-26,3.24989836773465e-23,"ENSG00000161888","SPC24","Up","Significant"
"ENSG00000130173",0.760233866754984,1.34100163155776,1.09651698830161,0.00988254141872403,0.0389987444443463,"ENSG00000130173","ANGPTL8","Up","Significant"
"ENSG00000205517",8.19252176974338,1.5122370302392,0.42347507230708,2.94567492802141e-05,0.000372196912379599,"ENSG00000205517","RGL3","Up","Significant"
"ENSG00000130176",12.5574081041577,2.4898466635624,0.724947250903324,2.87792298895827e-05,0.000364874466276968,"ENSG00000130176","CNN1","Up","Significant"
"ENSG00000039987",2.63891075936675,1.02094862295417,0.662003890519026,0.0114288735573387,0.0434307881155743,"ENSG00000039987","BEST2","Up","Significant"
"ENSG00000263800",2.45223079090822,-1.20282109633257,0.589625698903336,0.00407424923889679,0.0197004354612111,"ENSG00000263800","MIR5684","Down","Significant"
"ENSG00000105610",59.6153942136906,3.09675327720352,0.424399226617458,1.63768101547197e-14,2.07867625558523e-12,"ENSG00000105610","KLF1","Up","Significant"
"ENSG00000105011",299.99520358183,1.14700670323931,0.155333831756058,2.29704318018929e-14,2.82983896782952e-12,"ENSG00000105011","ASF1B","Up","Significant"
"ENSG00000160951",1.77975462938324,1.08785380088247,0.574198829517577,0.00622284057245162,0.0274009414904443,"ENSG00000160951","PTGER1","Up","Significant"
"ENSG00000131355",189.243317762343,-1.26529408313702,0.317286227810877,7.34131108727216e-06,0.000116037732652549,"ENSG00000131355","ADGRE3","Down","Significant"
"ENSG00000188269",0.573734288102492,2.16777484770225,1.40086357094833,0.00877533204544351,0.0356082104033382,"ENSG00000188269","OR7A5","Up","Significant"
"ENSG00000185385",0.652019671280383,2.28859322963605,1.49086198944489,0.00854826673355717,0.0348569359215305,"ENSG00000185385","OR7A17","Up","Significant"
"ENSG00000105143",3.13925777544825,1.47088537833625,0.621001462099394,0.00120794930935168,0.00760706134318085,"ENSG00000105143","SLC1A6","Up","Significant"
"ENSG00000094661",1.62150104062418,1.84764870126979,0.946706959212534,0.00235383716209836,0.0129175777046764,"ENSG00000094661","OR1I1","Up","Significant"
"ENSG00000074181",22.1609915996015,1.4448652359158,0.511400977292373,0.000363385877645233,0.00289990411383999,"ENSG00000074181","NOTCH3","Up","Significant"
"ENSG00000186526",1.37950277021697,2.09472763573404,0.884816768630884,0.000646778924357502,0.00462306206832242,"ENSG00000186526","CYP4F8","Up","Significant"
"ENSG00000172519",1.19040969179642,1.11425423276212,0.701917851771518,0.0103388799102809,0.0403124885866423,"ENSG00000172519","OR10H5","Up","Significant"
"ENSG00000186723",1.33900723092415,2.39126066084403,0.89288057946377,0.000275317884518524,0.00234521281304053,"ENSG00000186723","OR10H1","Up","Significant"
"ENSG00000267453",1.47189125770121,1.27648969171578,1.02778677640203,0.011034107617724,0.0423336285965554,"ENSG00000267453","ENSG00000267453","Up","Significant"
"ENSG00000186115",1.36476493599701,2.78357102598216,0.836779132040996,1.72902926768974e-05,0.000238232079486083,"ENSG00000186115","CYP4F2","Up","Significant"
"ENSG00000267218",0.828795882047607,1.26546250890634,1.25117982659841,0.0113895409568837,0.0433252500765372,"ENSG00000267218","LOC100421620","Up","Significant"
"ENSG00000267392",1.1648216186815,1.90180938878318,1.0072823964771,0.0019178068394661,0.0109890200724469,"ENSG00000267392","LOC124900424","Up","Significant"
"ENSG00000205396",1.2197337090179,1.34505471081557,1.13139452137055,0.010135751781533,0.0397377917921363,"ENSG00000205396","LINC00661","Up","Significant"
"ENSG00000167459",1.58081843835703,3.66115678554364,1.09336219111674,1.4566513154551e-05,0.000206214317404245,"ENSG00000167459","LINC00905","Up","Significant"
"ENSG00000188039",4.36709080363779,1.23183219639588,0.498500740749231,0.00127346662641294,0.00790379573707562,"ENSG00000188039","NWD1","Up","Significant"
"ENSG00000127533",50.4558853843379,1.63004510276562,0.336310126687976,1.05726365148466e-07,3.06734612100428e-06,"ENSG00000127533","F2RL3","Up","Significant"
"ENSG00000130477",3.02317172860907,1.04541510158486,0.475891207304329,0.00332973221389592,0.0169003327409025,"ENSG00000130477","UNC13A","Up","Significant"
"ENSG00000179913",3.12682581883489,-1.13010697767933,0.582282604235965,0.00516793690426725,0.0236962777401603,"ENSG00000179913","B3GNT3","Down","Significant"
"ENSG00000241172",0.949749076149208,1.16759516319478,0.776464744710377,0.0096924606051303,0.0384406039078366,"ENSG00000241172","RN7SL70P","Up","Significant"
"ENSG00000130287",1.7031060765902,1.60677838359074,0.662837007583925,0.00115352682018873,0.00734718308642922,"ENSG00000130287","NCAN","Up","Significant"
"ENSG00000105708",287.503642912009,-1.12007131215438,0.31939146717519,5.78906292673801e-05,0.000649215895622704,"ENSG00000105708","ZNF14","Down","Significant"
"ENSG00000268416",0.90626342111182,1.32164456375205,1.40955787338342,0.0107087551109915,0.0413505041500591,"ENSG00000268416","ENSG00000268416","Up","Significant"
"ENSG00000268892",0.756369305165844,2.20947923741875,1.18950741364014,0.00288024214841482,0.015120481615421,"ENSG00000268892","ENSG00000268892","Up","Significant"
"ENSG00000268119",7.94606139517652,2.10254896056603,0.368626100069119,8.3910659772397e-10,4.31251886244364e-08,"ENSG00000268119","LOC105372321","Up","Significant"
"ENSG00000268555",89.8823672715397,1.78484883353548,0.421554813714306,1.68448124590071e-06,3.27219026486301e-05,"ENSG00000268555","ENSG00000268555","Up","Significant"
"ENSG00000268433",5.35022002938249,1.08853641044712,0.587243547698723,0.00611355523763543,0.0270181658565009,"ENSG00000268433","MTDHP3","Up","Significant"
"ENSG00000268184",0.968586075436035,1.71773396607513,0.914301898740598,0.00256755920978264,0.0138366583403999,"ENSG00000268184","ENSG00000268184","Up","Significant"
"ENSG00000269504",3.357188210598,1.60055137964823,0.671163650438024,0.00109252200092528,0.00704025379403948,"ENSG00000269504","ENSG00000269504","Up","Significant"
"ENSG00000196109",0.915629631380222,3.20943370156152,1.22374186648259,0.000311996637811208,0.00258459711654284,"ENSG00000196109","ZNF676","Up","Significant"
"ENSG00000267872",1.61383538829475,2.33788528790593,0.799268705403138,0.000214348740291834,0.00190167115129443,"ENSG00000267872","ENSG00000267872","Up","Significant"
"ENSG00000197360",0.622652479251439,1.5346100359779,1.41028343275885,0.0131286884227551,0.0481586448120525,"ENSG00000197360","ZNF98","Up","Significant"
"ENSG00000213973",1.45644950252056,1.62953394866239,1.00271852624992,0.00499701330829019,0.0230672157249616,"ENSG00000213973","ZNF99","Up","Significant"
"ENSG00000261558",1.84326151740807,2.30051811388829,0.808837750457196,0.000254182438245939,0.00219577193173065,"ENSG00000261558","LINC01859","Up","Significant"
"ENSG00000261615",1.69675260085514,1.32430275096835,0.725587708097934,0.00485123211962462,0.0225370770964233,"ENSG00000261615","LINC01858","Up","Significant"
"ENSG00000270479",0.821327193869428,2.98578165505684,1.24365960267601,0.000710191410817656,0.00499678719051679,"ENSG00000270479","BNIP3P37","Up","Significant"
"ENSG00000269416",3.86392022258979,1.15832616288691,1.04210095408886,0.012396158759172,0.0461229051589046,"ENSG00000269416","LINC01224","Up","Significant"
"ENSG00000287399",1.55662255664065,1.93509096738782,0.817173723115393,0.00102815828596984,0.00671197272639065,"ENSG00000287399","ENSG00000287399","Up","Significant"
"ENSG00000266976",1.41171948362786,1.65073861445905,1.09745644853633,0.00504660872203275,0.023244922565855,"ENSG00000266976","ERVE-5","Up","Significant"
"ENSG00000267339",1.53406725183972,1.44449601636009,0.84755459779572,0.00512984035135791,0.0235570536293891,"ENSG00000267339","LINC00906","Up","Significant"
"ENSG00000287272",1.70456899817263,1.25587389984439,1.0264961550868,0.0105757981548631,0.0409882512573799,"ENSG00000287272","ENSG00000287272","Up","Significant"
"ENSG00000105173",121.806209692202,1.01625606296307,0.205091391271425,1.23460119860231e-07,3.49410908479433e-06,"ENSG00000105173","CCNE1","Up","Significant"
"ENSG00000198597",1.16184655751954,2.3185283757103,0.953121809978123,0.000432867099524775,0.0033460077596253,"ENSG00000198597","ZNF536","Up","Significant"
"ENSG00000284430",1.08153466013563,1.74886250682777,1.01608577118114,0.00291469696743642,0.0152535656226498,"ENSG00000284430","ENSG00000284430","Up","Significant"
"ENSG00000267489",1.11456939886904,2.00879230515229,0.899788294452999,0.000988100266843497,0.00650623930863799,"ENSG00000267489","LINC01837","Up","Significant"
"ENSG00000267779",0.972875910083959,2.8155055594155,1.0634123076267,0.00022690498939682,0.00199150346556856,"ENSG00000267779","LINC01533","Up","Significant"
"ENSG00000124302",17.6570639040849,2.51858230666379,0.461699191268005,2.9724727142481e-09,1.30372497620078e-07,"ENSG00000124302","CHST8","Up","Significant"
"ENSG00000142279",4.16930847625777,1.01669000509343,0.451132894386543,0.00307790073179324,0.0159101120346955,"ENSG00000142279","WTIP","Up","Significant"
"ENSG00000267767",21.5522140250263,-1.12358575354318,0.276204212043606,6.5853942786437e-06,0.000105533226629876,"ENSG00000267767","LINC01801","Down","Significant"
"ENSG00000105711",57.5302439744281,1.655946768153,0.239657826807939,4.15754596331915e-13,4.19624119532715e-11,"ENSG00000105711","SCN1B","Up","Significant"
"ENSG00000227392",1.22871425715126,1.8863150817212,0.910558139579247,0.00163256294121312,0.00962786898928379,"ENSG00000227392","HPN-AS1","Up","Significant"
"ENSG00000105697",2.2531428251781,1.42309387431957,0.530891916303251,0.000658785902404926,0.0046928692184708,"ENSG00000105697","HAMP","Up","Significant"
"ENSG00000126266",6.46801522001685,2.10131560812972,0.50271623392057,1.84386681836755e-06,3.54278286792879e-05,"ENSG00000126266","FFAR1","Up","Significant"
"ENSG00000232680",3.59704814410806,2.28650308162731,0.550204537081988,2.4706089411937e-06,4.52144374715782e-05,"ENSG00000232680","ENSG00000232680","Up","Significant"
"ENSG00000126262",318.591642664876,1.22850414332037,0.275104223313717,1.03515252678204e-06,2.16117919127348e-05,"ENSG00000126262","FFAR2","Up","Significant"
"ENSG00000105668",2.15368593288312,1.56834015405296,0.55937026524734,0.000434377003187002,0.0033550047951172,"ENSG00000105668","UPK1A","Up","Significant"
"ENSG00000011590",200.751818051146,1.41847941553571,0.31809219818862,8.30307177751324e-07,1.80082609833457e-05,"ENSG00000011590","ZBTB32","Up","Significant"
"ENSG00000004776",1.02273824830791,1.90748883360742,1.13994004885378,0.00328355377903621,0.0167089754869741,"ENSG00000004776","HSPB6","Up","Significant"
"ENSG00000161270",2.55271810799425,1.53084977311737,0.64755527415185,0.00122817783346653,0.00770540564593161,"ENSG00000161270","NPHS1","Up","Significant"
"ENSG00000075702",98.9305360176138,1.24702317844363,0.166974211074271,1.08725525184102e-14,1.41762008692377e-12,"ENSG00000075702","WDR62","Up","Significant"
"ENSG00000286449",1.22585215135102,3.28301611291251,0.985980708853956,8.8048997409725e-06,0.000135216950238427,"ENSG00000286449","ENSG00000286449","Up","Significant"
"ENSG00000171817",64.1170029507839,-1.06457680769554,0.224130405298997,3.22950610149381e-07,7.99243131129662e-06,"ENSG00000171817","ZNF540","Down","Significant"
"ENSG00000198182",68.0619289795151,-1.25461717545729,0.194526306416807,1.47110158177495e-11,1.14639867217899e-09,"ENSG00000198182","ZNF607","Down","Significant"
"ENSG00000267422",5.2600705364617,-1.51820697248885,0.438285038551877,4.65649863499617e-05,0.000542729087861171,"ENSG00000267422","ENSG00000267422","Down","Significant"
"ENSG00000171804",2.48171828422894,1.45765433385073,0.694607042586281,0.00240841836153675,0.0131503488474393,"ENSG00000171804","WDR87","Up","Significant"
"ENSG00000011332",5.68799622142703,1.17673689203259,0.359180546598995,0.000123930853965526,0.0012214114663326,"ENSG00000011332","DPF1","Up","Significant"
"ENSG00000167641",56.0909811646168,1.11396412215791,0.265249300832605,3.71547065160707e-06,6.45420974933652e-05,"ENSG00000167641","PPP1R14A","Up","Significant"
"ENSG00000188505",1.31065826863111,1.2090593657128,0.936034655228564,0.0115671001551308,0.0437968315365287,"ENSG00000188505","NCCRP1","Up","Significant"
"ENSG00000090932",3.83776011645274,1.36653703572775,0.368873550646302,2.51204357168804e-05,0.000325083372872521,"ENSG00000090932","DLL3","Up","Significant"
"ENSG00000256612",3.04656878583367,1.06011780916985,0.79723778627531,0.0133141494022732,0.0486101364481122,"ENSG00000256612","ENSG00000256612","Up","Significant"
"ENSG00000105388",0.84411867993636,1.48016988780634,1.12938120599768,0.00713551063750207,0.0304435734596457,"ENSG00000105388","CEACAM5","Up","Significant"
"ENSG00000086548",1.84751297306382,1.05946173783409,0.542902975148031,0.00581407106241734,0.0260146491161093,"ENSG00000086548","CEACAM6","Up","Significant"
"ENSG00000278239",1.07219626271358,2.39061820190784,1.15095167713847,0.0013387711764187,0.00822176163069659,"ENSG00000278239","ENSG00000278239","Up","Significant"
"ENSG00000105737",3.75988791666587,1.4779446509495,0.559665086814446,0.000621684380329648,0.00447615425450498,"ENSG00000105737","GRIK5","Up","Significant"
"ENSG00000167619",1.08933049630804,1.48869147088535,1.27262785158026,0.00715104554851516,0.0304904422045037,"ENSG00000167619","TMEM145","Up","Significant"
"ENSG00000124469",2.73411179203746,3.58433099165299,0.948573208200022,3.91519649922251e-06,6.74867898623698e-05,"ENSG00000124469","CEACAM8","Up","Significant"
"ENSG00000124467",0.846736005051324,1.47634922564918,1.12865236740461,0.00705481277573425,0.030195277872381,"ENSG00000124467","PSG8","Up","Significant"
"ENSG00000231924",0.997383044198224,2.83365939902981,1.0813927443014,0.000259409580463773,0.0022308197960272,"ENSG00000231924","PSG1","Up","Significant"
"ENSG00000170848",0.923600558860841,1.16953545828525,0.95637604614893,0.0111490419781847,0.0426573701355321,"ENSG00000170848","PSG6","Up","Significant"
"ENSG00000221878",0.907993804747787,1.69787465252179,1.54696721204626,0.00899674141996546,0.0363131544497257,"ENSG00000221878","PSG7","Up","Significant"
"ENSG00000282943",0.679067341562149,3.16616845760248,1.78497654792618,0.00900635579239304,0.0363388291688499,"ENSG00000282943","ENSG00000282943","Up","Significant"
"ENSG00000243130",1.04468091044498,1.79221853710716,0.976958806986013,0.00263840886523877,0.0141343633357771,"ENSG00000243130","PSG11","Up","Significant"
"ENSG00000243137",1.38134809130849,1.79188546726591,0.76306755929691,0.00127315914937004,0.00790379573707562,"ENSG00000243137","PSG4","Up","Significant"
"ENSG00000204936",2.06005766193297,2.97766128240064,1.05989378802108,0.000149255311759854,0.00142176682668163,"ENSG00000204936","CD177","Up","Significant"
"ENSG00000124466",163.702091116401,-1.17101605911761,0.58162988840881,0.00370298258907285,0.0182761384995879,"ENSG00000124466","LYPD3","Down","Significant"
"ENSG00000186026",29.0429775638258,-1.05379815371017,0.161500083641459,1.24241983604837e-11,9.84213860192548e-10,"ENSG00000186026","ZNF284","Down","Significant"
"ENSG00000230666",1.16325225948356,2.72125262264482,0.99944479166719,0.000177396071772891,0.0016344143439752,"ENSG00000230666","ENSG00000230666","Up","Significant"
"ENSG00000130203",8.85998037209183,2.02953490541352,0.490436691789133,2.26006123684962e-06,4.20501898865041e-05,"ENSG00000130203","APOE","Up","Significant"
"ENSG00000280087",1.28599078806888,1.79320650244271,0.641375480755267,0.000455893074067881,0.00349257453565172,"ENSG00000280087","ENSG00000280087","Up","Significant"
"ENSG00000130208",1.08157412070363,1.33499676863126,0.772662138878137,0.00645507004519105,0.0281607788236306,"ENSG00000130208","APOC1","Up","Significant"
"ENSG00000283632",14.0392926050826,2.28233300669249,0.424407111057227,0.000174204937555849,0.00160689001203934,"ENSG00000283632","EXOC3L2","Up","Significant"
"ENSG00000104892",12.3142104147009,4.2674764556925,0.865774753808964,3.46788116667298e-08,1.16671917684784e-06,"ENSG00000104892","KLC3","Up","Significant"
"ENSG00000125740",7601.72044873163,-1.01782845798097,0.303942031699472,0.000121322430628692,0.00120171248239339,"ENSG00000125740","FOSB","Down","Significant"
"ENSG00000237452",1.51509704019497,1.46895684833342,0.891691085167071,0.00568196944040685,0.0255316716446554,"ENSG00000237452","MEIOSIN","Up","Significant"
"ENSG00000104967",1.60471413642033,1.21287975387161,0.750717170775763,0.00797901849789124,0.0331147620895907,"ENSG00000104967","NOVA2","Up","Significant"
"ENSG00000008438",1.51294802632931,4.02474802752726,0.743796856688932,0.00047073692148391,0.00358388788977738,"ENSG00000008438","PGLYRP1","Up","Significant"
"ENSG00000204869",0.934903049872808,1.52949970005576,1.31497143896447,0.0082503829936029,0.0339759227888214,"ENSG00000204869","IGFL4","Up","Significant"
"ENSG00000204866",1.48678161720517,2.32687546680764,0.884818861523188,0.000384323837778136,0.0030416408786272,"ENSG00000204866","IGFL2","Up","Significant"
"ENSG00000268621",0.917249826055183,1.33042098787666,0.821389036264911,0.00583629497047484,0.0260862222443166,"ENSG00000268621","IGFL2-AS1","Up","Significant"
"ENSG00000124440",2.69786922502352,2.49776998469344,0.60905545404458,2.96183418813485e-06,5.31306754872648e-05,"ENSG00000124440","HIF3A","Up","Significant"
"ENSG00000211513",1.37994826642574,1.07274016906324,0.715308040466877,0.01200220130573,0.0450825875522596,"ENSG00000211513","ENSG00000211513","Up","Significant"
"ENSG00000105419",7.23313271873926,1.83342130799753,0.48388279779557,1.03797342232802e-05,0.000155135822519133,"ENSG00000105419","MEIS3","Up","Significant"
"ENSG00000118160",1.26207734399921,3.31992294203968,1.03776670283896,2.34797283907983e-05,0.000307456904512411,"ENSG00000118160","SLC8A2","Up","Significant"
"ENSG00000024422",16.1568942936941,1.91685533819931,0.39825949510681,1.00024665837132e-07,2.92983088071369e-06,"ENSG00000024422","EHD2","Up","Significant"
"ENSG00000105392",1.48868825298223,1.18724909852286,0.976014558207171,0.01208113903032,0.0452978502592583,"ENSG00000105392","CRX","Up","Significant"
"ENSG00000105507",30.4975622303452,1.11319642230934,0.330556221526024,9.91532560521848e-05,0.00101451189528326,"ENSG00000105507","CABP5","Up","Significant"
"ENSG00000232871",7.94147476966951,-1.21408403498156,0.493593745549435,0.00132567911208475,0.00816190680606922,"ENSG00000232871","ENSG00000232871","Down","Significant"
"ENSG00000104888",2.08818961323524,2.14114589967044,0.645347084631809,6.43214917390703e-05,0.000705515177310804,"ENSG00000104888","SLC17A7","Up","Significant"
"ENSG00000169169",9.07911721509901,1.46791723208683,0.39758623194651,2.02210519629456e-05,0.000271034892090538,"ENSG00000169169","CPT1C","Up","Significant"
"ENSG00000161640",38.5306895779548,2.19595376556251,0.425740151421155,1.61872587812805e-08,5.88306783624651e-07,"ENSG00000161640","SIGLEC11","Up","Significant"
"ENSG00000287001",1.64291975903827,2.56215016428424,1.02735607913507,0.000350542984446075,0.00282747506493427,"ENSG00000287001","ENSG00000287001","Up","Significant"
"ENSG00000161652",0.669040388295286,3.38881723816693,1.52844549794084,0.0019931613270813,0.0112990767905883,"ENSG00000161652","IZUMO2","Up","Significant"
"ENSG00000105357",2.54060453371834,1.40182668418348,0.689795016453327,0.0028835164070763,0.0151260834106023,"ENSG00000105357","MYH14","Up","Significant"
"ENSG00000167757",0.966485875511508,2.7776314758738,1.72663621377473,0.00604670645709017,0.0268298578748192,"ENSG00000167757","KLK11","Up","Significant"
"ENSG00000129437",1.44101442696461,1.16830551207232,0.684666437808638,0.00758908283059162,0.0319234969332532,"ENSG00000129437","KLK14","Up","Significant"
"ENSG00000267895",3.3061674547013,-1.02982226818913,0.472593095727718,0.00393551292485449,0.0191697137633897,"ENSG00000267895","ENSG00000267895","Down","Significant"
"ENSG00000269959",0.59562168893158,3.00688741626381,1.75507494634105,0.0111909785444731,0.0427738679190999,"ENSG00000269959","SPACA6-AS1","Up","Significant"
"ENSG00000283285",0.569106032212416,1.51491288442623,1.3017299067592,0.0133516701477492,0.0486940699805102,"ENSG00000283285","ENSG00000283285","Up","Significant"
"ENSG00000255875",0.716838881586838,1.31963291986192,0.992858713931487,0.00864694369918431,0.0351681558946434,"ENSG00000255875","ENSG00000255875","Up","Significant"
"ENSG00000267943",0.881241199511654,2.57762868821657,1.1454572045579,0.00100808950476986,0.0066041194946888,"ENSG00000267943","ENSG00000267943","Up","Significant"
"ENSG00000130844",2670.90127209932,-1.3916296820848,0.531812469248946,0.000672536913021048,0.00476852294084264,"ENSG00000130844","ZNF331","Down","Significant"
"ENSG00000268864",0.835828097202263,1.19217115940913,1.10413217351196,0.0137424686697223,0.0497780113126933,"ENSG00000268864","ENSG00000268864","Up","Significant"
"ENSG00000142408",2.79701457394863,2.10802099881002,0.591059610405817,2.49265182637806e-05,0.000323722818955856,"ENSG00000142408","CACNG8","Up","Significant"
"ENSG00000248385",20.0297020026483,3.04276305081717,0.643202185106419,1.10814149499178e-07,3.19009564911338e-06,"ENSG00000248385","TARM1","Up","Significant"
"ENSG00000276758",94.6090153143402,1.25421341747021,0.482591853358488,0.000872994182119592,0.00587885089402038,"ENSG00000276758","ENSG00000276758","Up","Significant"
"ENSG00000275210",17.307609649654,1.53762720635473,0.294777279912023,1.61799754237849e-08,5.88306783624651e-07,"ENSG00000275210","ENSG00000275210","Up","Significant"
"ENSG00000104970",40.3405924460487,1.37156196799368,0.299719942067712,5.05196414081427e-07,1.1658833773729e-05,"ENSG00000104970","ENSG00000104970","Up","Significant"
"ENSG00000186152",14.5674141222963,1.45896271194651,0.3914673916247,1.66649794577656e-05,0.00023065956078078,"ENSG00000186152","ENSG00000186152","Up","Significant"
"ENSG00000170858",20.4518408302848,2.07280759988454,0.404430516974822,1.91030058518664e-08,6.7953569330169e-07,"ENSG00000170858","LILRP2","Up","Significant"
"ENSG00000189013",90.236675945545,1.28225900161711,0.272613119041073,2.95206662908701e-07,7.38766248499451e-06,"ENSG00000189013","KIR2DL4","Up","Significant"
"ENSG00000088053",221.427205092617,1.99296554134596,0.344614835413906,5.31641078627617e-10,2.87334853286013e-08,"ENSG00000088053","GP6","Up","Significant"
"ENSG00000105048",216.663988408062,2.86915522815538,0.438293900957191,3.4027836656821e-12,2.95398647288449e-10,"ENSG00000105048","TNNT1","Up","Significant"
"ENSG00000129991",1.66663024391228,2.38913163745249,1.50115158115413,0.00239397457427818,0.013089061104567,"ENSG00000129991","TNNI3","Up","Significant"
"ENSG00000080031",13.3662632443866,1.25206992514442,0.516062356570531,0.00132686836812751,0.00816566246971256,"ENSG00000080031","PTPRH","Up","Significant"
"ENSG00000187902",2.03618945902121,2.61059379001819,0.870613630039047,0.000120442460066211,0.00119453007746135,"ENSG00000187902","SHISA7","Up","Significant"
"ENSG00000179709",1.0302368235226,1.94635066023238,1.10766734589109,0.00276690479372557,0.0146624192342072,"ENSG00000179709","NLRP8","Up","Significant"
"ENSG00000171487",1.20794186224474,1.63763963499009,0.838945555038376,0.00273955417372564,0.0145396635614396,"ENSG00000171487","NLRP5","Up","Significant"
"ENSG00000267522",0.701144751731923,1.66467331563108,1.57271154762805,0.0122229893563948,0.0457120703508296,"ENSG00000267522","LINC01864","Up","Significant"
"ENSG00000127903",23.6782268261151,-1.39996579231336,0.412263511114548,6.28904709495363e-05,0.000692084332035471,"ENSG00000127903","ZNF835","Down","Significant"
"ENSG00000131864",0.630138791208637,2.43593754320928,1.33380813865931,0.00462595288667786,0.0217284910680808,"ENSG00000131864","USP29","Up","Significant"
"ENSG00000178229",94.4402037309229,-1.04200080654399,0.186950039459807,4.19541469538404e-09,1.76613255059829e-07,"ENSG00000178229","ZNF543","Down","Significant"
"ENSG00000131845",108.245787373679,-1.54558244582005,0.22802227507946,1.18961712292994e-12,1.11660728773835e-10,"ENSG00000131845","ZNF304","Down","Significant"
"ENSG00000152433",16.785177008202,-1.13276668749291,0.335310454215328,9.37904088091973e-05,0.000968810976814856,"ENSG00000152433","ZNF547","Down","Significant"
"ENSG00000105136",93.2119735812954,-1.073892566106,0.161214172053592,4.59015428535095e-12,3.88412828151073e-10,"ENSG00000105136","ZNF419","Down","Significant"
"ENSG00000180532",0.917558720061454,1.52208216044086,1.30181617561518,0.0085044052921658,0.0347275307013385,"ENSG00000180532","ZSCAN4","Up","Significant"
"ENSG00000152467",1.07320079434492,1.98071946462595,0.794642347171442,0.000424438503529268,0.0032968265680951,"ENSG00000152467","ZSCAN1","Up","Significant"
"ENSG00000258567",1.15919535672796,1.78927006581893,0.890314313861316,0.00197113850268485,0.0111969622116404,"ENSG00000258567","DUX4L16","Up","Significant"
"ENSG00000259154",1.1654596025208,1.79751996282154,1.11088688556843,0.00327354568403069,0.0166656399766309,"ENSG00000259154","DUX4L17","Up","Significant"
"ENSG00000259029",1.63643190405014,2.39632510823449,0.915170631333229,0.000308150903955101,0.00255716410119651,"ENSG00000259029","DUX4L18","Up","Significant"
"ENSG00000258991",3.3726117743436,2.64455200637144,0.597058099492006,6.2198054141255e-07,1.39782344997409e-05,"ENSG00000258991","DUX4L19","Up","Significant"
"ENSG00000279973",0.589880807400264,2.2786982740897,1.31532473041085,0.00524351493743748,0.0239902979299007,"ENSG00000279973","ENSG00000279973","Up","Significant"
"ENSG00000283633",73.1327640909354,1.06834229677694,0.348247399070441,0.000294010740484752,0.00246614180863173,"ENSG00000283633","ENSG00000283633","Up","Significant"
"ENSG00000241717",2.57583601765142,1.89341138077499,0.729915695097243,0.000530839780206579,0.00395638571951563,"ENSG00000241717","VWFP1","Up","Significant"
"ENSG00000184979",327.335349748043,1.91593626747367,0.479139926876387,4.24821347885255e-06,7.22973008953124e-05,"ENSG00000184979","USP18","Up","Significant"
"ENSG00000280418",1.37017054769081,1.41208699124875,0.798091493620729,0.00488031912014999,0.0226376818102306,"ENSG00000280418","ENSG00000280418","Up","Significant"
"ENSG00000237517",1.11770409932177,2.20021413620342,1.00075475325097,0.0008464834422287,0.00573954141352519,"ENSG00000237517","ENSG00000237517","Up","Significant"
"ENSG00000093009",106.522909887652,2.90954427565133,0.267371548552791,9.23124262267441e-29,5.83640960458862e-26,"ENSG00000093009","CDC45","Up","Significant"
"ENSG00000184113",323.519531573717,1.54479846801828,0.34488372302516,6.81376146402317e-07,1.51810061767256e-05,"ENSG00000184113","CLDN5","Up","Significant"
"ENSG00000230485",0.702626574886729,5.09743705310751,2.69170192586207,0.00792274697699355,0.0329465535433205,"ENSG00000230485","ENSG00000230485","Up","Significant"
"ENSG00000184702",0.624466398619192,1.71522935915588,1.27194830269541,0.00874804101059215,0.0355060690678213,"ENSG00000184702","SEPTIN5","Up","Significant"
"ENSG00000206145",0.962571685758624,2.73646975417793,1.77989701590588,0.00699853160053111,0.0299928117920702,"ENSG00000206145","ENSG00000206145","Up","Significant"
"ENSG00000187905",1.42773441448357,2.67353176818441,0.722588789221233,5.12081573887803e-06,8.47793550365928e-05,"ENSG00000187905","LRRC74B","Up","Significant"
"ENSG00000128228",1012.64622828033,1.15333994002019,0.143718893522629,1.49964617256523e-16,2.61727310398376e-14,"ENSG00000128228","SDF2L1","Up","Significant"
"ENSG00000253239",30.9723177553104,3.79401382465006,0.577188664404209,2.42922452822192e-07,6.29550539181658e-06,"ENSG00000253239","IGLVI-70","Up","Significant"
"ENSG00000211637",908.063579005052,3.51037465702516,0.371505083997788,1.94379830762289e-22,6.03099421204957e-20,"ENSG00000211637","IGLV4-69","Up","Significant"
"ENSG00000211642",166.954703003155,2.18899797183865,0.615683470952023,2.04838862223118e-05,0.000274009797773831,"ENSG00000211642","IGLV10-54","Up","Significant"
"ENSG00000211638",372.78633692703,2.68088814214483,0.515524597403289,1.10463646391781e-08,4.18724697617896e-07,"ENSG00000211638","IGLV8-61","Up","Significant"
"ENSG00000211639",134.544431590916,2.66553729748094,0.475539490135438,1.19386931153700e-09,5.80629415969422e-08,"ENSG00000211639","IGLV4-60","Up","Significant"
"ENSG00000211640",1472.57168464249,3.90274947671201,0.468497385444094,4.40072316012634e-18,9.0468608817591e-16,"ENSG00000211640","IGLV6-57","Up","Significant"
"ENSG00000211641",0.641919373207327,4.95138928621965,2.69779284123423,0.010767994502195,0.0415218328853917,"ENSG00000211641","IGLV11-55","Up","Significant"
"ENSG00000279278",16.3498812274517,-1.43274367998544,0.257759433302764,3.0595510431655e-09,1.33841378466623e-07,"ENSG00000279278","ENSG00000279278","Down","Significant"
"ENSG00000211644",126.055070708665,4.53061683461556,0.38650206266415,2.26942121399029e-19,5.24455416962763e-17,"ENSG00000211644","IGLV1-51","Up","Significant"
"ENSG00000211645",2.6330752342662,3.75917961961616,0.69718989795556,0.000181185268014416,0.00166155915322799,"ENSG00000211645","IGLV1-50","Up","Significant"
"ENSG00000223350",251.07300874155,4.16611627136636,0.392785198577057,1.67321834575246e-27,8.76060524184673e-25,"ENSG00000223350","IGLV9-49","Up","Significant"
"ENSG00000211647",12.4454327314168,3.1334291632009,0.604496539853307,1.24559787639175e-08,4.66354628380012e-07,"ENSG00000211647","IGLV5-48","Up","Significant"
"ENSG00000211648",1607.77846494487,3.45627435083106,0.426918623980515,3.15981419888305e-17,5.88234522168735e-15,"ENSG00000211648","IGLV1-47","Up","Significant"
"ENSG00000211649",332.809463321002,3.65531241915569,0.420831939164918,2.05712079669053e-19,4.85437047720444e-17,"ENSG00000211649","IGLV7-46","Up","Significant"
"ENSG00000211650",223.47299084445,3.73827724978383,0.483657903045711,5.83297212173841e-16,9.48820693336565e-14,"ENSG00000211650","IGLV5-45","Up","Significant"
"ENSG00000211651",1595.97910995913,3.05068539232449,0.414787593309311,1.1506376902381e-14,1.48867638464048e-12,"ENSG00000211651","IGLV1-44","Up","Significant"
"ENSG00000211652",166.04775914817,2.14500752543343,0.405007656449733,7.79221998938876e-09,3.08275678423174e-07,"ENSG00000211652","IGLV7-43","Up","Significant"
"ENSG00000253818",30.6568183985286,4.93867835641595,0.696217858500639,0.00163549367547861,0.00964006289738129,"ENSG00000253818","IGLV1-41","Up","Significant"
"ENSG00000211653",2134.46254648582,2.93452421369562,0.333272553153235,8.85731262017293e-20,2.15072238108242e-17,"ENSG00000211653","IGLV1-40","Up","Significant"
"ENSG00000211654",113.926811562358,4.46700162242728,0.615255470278867,1.91746417425576e-14,2.39747414235583e-12,"ENSG00000211654","IGLV5-37","Up","Significant"
"ENSG00000211655",73.9803060855925,2.74416748120263,0.531011728380205,1.45942519080782e-08,5.38588972673781e-07,"ENSG00000211655","IGLV1-36","Up","Significant"
"ENSG00000253120",1.83100472598256,2.70439599009836,0.867572349412858,7.3633979079153e-05,0.000790833655436968,"ENSG00000253120","ENSG00000253120","Up","Significant"
"ENSG00000253451",3.32954232262453,1.99220472508388,0.538976912866549,1.53526716690078e-05,0.000215613023871242,"ENSG00000253451","IGLV2-28","Up","Significant"
"ENSG00000211658",243.966775587477,4.51840609803168,0.505917425955122,2.16560435358717e-20,5.45618317927463e-18,"ENSG00000211658","IGLV3-27","Up","Significant"
"ENSG00000211659",3127.67389482613,4.32416163305793,0.43498176050226,1.52975137982369e-24,5.89200448120829e-22,"ENSG00000211659","IGLV3-25","Up","Significant"
"ENSG00000253822",1.40681701735236,1.77983493560844,0.656981373790962,0.00057235892715884,0.00419583795453195,"ENSG00000253822","ENSG00000253822","Up","Significant"
"ENSG00000211660",1412.43372977066,3.55760083515557,0.359338067995941,2.46884127948082e-24,9.29532611619359e-22,"ENSG00000211660","IGLV2-23","Up","Significant"
"ENSG00000211662",1721.2689970966,2.74453947715135,0.413112761379904,1.96570362011068e-12,1.78096883670826e-10,"ENSG00000211662","IGLV3-21","Up","Significant"
"ENSG00000211663",3149.29276597452,3.73903651865654,0.545927919176925,3.9245318586103e-13,4.02162501682485e-11,"ENSG00000211663","IGLV3-19","Up","Significant"
"ENSG00000211664",124.411997342604,2.8958526991819,0.637679799567665,2.78677673241305e-07,7.02649371906915e-06,"ENSG00000211664","IGLV2-18","Up","Significant"
"ENSG00000211665",91.3870773525199,3.51063346608844,0.469439928513312,4.02961526881955e-15,5.60283726318981e-13,"ENSG00000211665","IGLV3-16","Up","Significant"
"ENSG00000211666",2526.74055101961,3.15846889403229,0.317487778377709,1.72626995130202e-24,6.5733613407022e-22,"ENSG00000211666","IGLV2-14","Up","Significant"
"ENSG00000253590",6.27859539032376,-1.19505297948839,0.70720425431212,0.00654433725383424,0.0284760676585809,"ENSG00000253590","ENSG00000253590","Down","Significant"
"ENSG00000211668",986.123092143302,3.49773159529313,0.375107502124049,6.32268633900361e-22,1.82643876322131e-19,"ENSG00000211668","IGLV2-11","Up","Significant"
"ENSG00000211669",1153.21050824745,4.28193713125682,0.543918165253552,1.81546527857489e-16,3.11971415485979e-14,"ENSG00000211669","IGLV3-10","Up","Significant"
"ENSG00000211670",146.267244049471,2.70585474690329,0.484603268963332,1.34019051440948e-09,6.41070399820383e-08,"ENSG00000211670","IGLV3-9","Up","Significant"
"ENSG00000278196",532.440932904067,2.23726878887338,0.390279984165413,6.4747227320395e-10,3.42210542630775e-08,"ENSG00000278196","IGLV2-8","Up","Significant"
"ENSG00000253448",3.40966428649409,2.19620493081128,0.627581172341143,3.06523136638882e-05,0.000384692276615442,"ENSG00000253448","IGLV3-6","Up","Significant"
"ENSG00000253234",35.4448066105444,1.92349780912188,0.346094418852984,2.05602477898309e-09,9.45066314388811e-08,"ENSG00000253234","ENSG00000253234","Up","Significant"
"ENSG00000211672",14.8844334336515,2.39293672732175,0.567053240194888,1.40251210735919e-06,2.79078255377073e-05,"ENSG00000211672","IGLV4-3","Up","Significant"
"ENSG00000211673",1400.62866287654,3.61734334085501,0.377335847018164,5.22924305041245e-23,1.68487216707953e-20,"ENSG00000211673","ENSG00000211673","Up","Significant"
"ENSG00000254709",203.577844992393,1.37943068671342,0.319889692379422,1.67180520106055e-06,3.2518140588396e-05,"ENSG00000254709","IGLL5","Up","Significant"
"ENSG00000211676",1.66931574026284,2.68375704655396,0.743737193778017,1.29167204761869e-05,0.000187046839428067,"ENSG00000211676","ENSG00000211676","Up","Significant"
"ENSG00000211677",13979.008630731,3.43160290819087,0.357449374988887,4.7877986139047e-23,1.55761498789643e-20,"ENSG00000211677","IGLC2","Up","Significant"
"ENSG00000211678",2.64853868670051,2.327815730887,0.624175329906652,1.30622924260026e-05,0.000188830000883342,"ENSG00000211678","ENSG00000211678","Up","Significant"
"ENSG00000211679",6951.16879818943,3.49249880593452,0.334776716193149,1.04658832316773e-26,5.31365577591327e-24,"ENSG00000211679","IGLC3","Up","Significant"
"ENSG00000222037",35.4145447106915,2.75507748415333,0.458248893753109,1.05712901796535e-10,6.74730214533354e-09,"ENSG00000222037","IGLC6","Up","Significant"
"ENSG00000211685",67.4639998189674,1.72173094698077,0.631865908002082,0.000378358783521522,0.00300283295269051,"ENSG00000211685","IGLC7","Up","Significant"
"ENSG00000128266",201.661025769582,1.25490527084404,0.291770055353737,1.98971152870903e-06,3.77111106422574e-05,"ENSG00000128266","GNAZ","Up","Significant"
"ENSG00000178248",0.977694572781753,1.6968131562298,0.960301435989076,0.0033315994321486,0.0169072490340553,"ENSG00000178248","FAM230I","Up","Significant"
"ENSG00000128322",6.22092004015183,1.60351882504673,0.55424858318297,0.000258790774447355,0.00222754175724542,"ENSG00000128322","IGLL1","Up","Significant"
"ENSG00000099958",137.433455841224,2.59733917533708,0.240676728952945,2.46744732516264e-28,1.42554642101509e-25,"ENSG00000099958","DERL3","Up","Significant"
"ENSG00000279467",5.34068461078277,1.09916068988676,0.36630697200218,0.000352826812186813,0.00283998886609846,"ENSG00000279467","ENSG00000279467","Up","Significant"
"ENSG00000276950",0.983316523769796,2.03373088519093,0.915606061082028,0.00083296575003184,0.00566968298147815,"ENSG00000276950","GSTT4","Up","Significant"
"ENSG00000279085",1.86357571634711,1.43504602261481,0.700555832603339,0.00286371286981114,0.0150643884700944,"ENSG00000279085","ENSG00000279085","Up","Significant"
"ENSG00000231933",1.06248783756985,1.88908158990055,1.1816093364572,0.00343259686286129,0.0172966749289653,"ENSG00000231933","ENSG00000231933","Up","Significant"
"ENSG00000100095",69.1556707110758,-1.15280801195531,0.259592913466372,1.18384895591913e-06,2.41851947313383e-05,"ENSG00000100095","SEZ6L","Down","Significant"
"ENSG00000196431",2.340349019402,1.18978300441148,0.497087029664408,0.00184093785401455,0.0106120740667768,"ENSG00000196431","CRYBA4","Up","Significant"
"ENSG00000279440",1.40624707411904,3.53524771447683,1.04051167848527,1.01582602306785e-05,0.000152165016571214,"ENSG00000279440","ENSG00000279440","Up","Significant"
"ENSG00000226741",0.836529657935324,1.67387508828044,0.983970377514004,0.00363175108025542,0.0180424532169427,"ENSG00000226741","LINC02554","Up","Significant"
"ENSG00000100249",0.531665442282299,2.70446511412504,1.73109213020377,0.0136590976189461,0.0495402859739435,"ENSG00000100249","C22orf31","Up","Significant"
"ENSG00000183762",34.412542853169,1.70953417967545,0.397003622934279,1.27321707603315e-06,2.56704157646179e-05,"ENSG00000183762","KREMEN1","Up","Significant"
"ENSG00000186998",13.0597936345017,1.39551006354888,0.382520271685713,2.43590122718668e-05,0.000317605502808554,"ENSG00000186998","EMID1","Up","Significant"
"ENSG00000185340",854.102524720982,1.11790015247713,0.271528288061078,5.67825534425839e-06,9.26351793236389e-05,"ENSG00000185340","GAS2L1","Up","Significant"
"ENSG00000227201",5.37454601929616,1.2318038142947,0.381334768368908,0.000141724579624052,0.00135959030593254,"ENSG00000227201","ENSG00000227201","Up","Significant"
"ENSG00000273350",5.72903987671452,-1.03968692237137,0.291669248470424,6.18322663585143e-05,0.000682456328526829,"ENSG00000273350","ENSG00000273350","Down","Significant"
"ENSG00000100012",2.23595065069836,2.28443488950394,0.634218715529418,2.29847389479342e-05,0.000301564454740143,"ENSG00000100012","SEC14L3","Up","Significant"
"ENSG00000133488",1.11408279823615,4.31072263118005,1.55639190208218,0.00024834448417456,0.00215255440253629,"ENSG00000133488","SEC14L4","Up","Significant"
"ENSG00000185339",1083.36896607663,1.35388723187911,0.296026698123082,5.49143339384388e-07,1.25263745128873e-05,"ENSG00000185339","TCN2","Up","Significant"
"ENSG00000184792",445.035666467177,2.93434384126346,0.481693227750071,6.31029625990224e-11,4.22903434746128e-09,"ENSG00000184792","OSBP2","Up","Significant"
"ENSG00000278920",4.22758584784231,2.05808641194271,0.529474517291047,6.65525651253025e-06,0.000106550879349439,"ENSG00000278920","ENSG00000278920","Up","Significant"
"ENSG00000183963",130.759369206785,1.08024684103244,0.218740980328197,1.20208444011069e-07,3.41650954229595e-06,"ENSG00000183963","SMTN","Up","Significant"
"ENSG00000100078",0.613605535217956,3.217690711212,1.49197855931456,0.00224385736457309,0.0124444581975305,"ENSG00000100078","PLA2G3","Up","Significant"
"ENSG00000100170",0.882386513527772,1.63633582384155,1.07946779911047,0.0047737776172403,0.0222574807535975,"ENSG00000100170","SLC5A1","Up","Significant"
"ENSG00000205856",2.41464232911645,1.484956352971,0.53261916885293,0.000460787285781997,0.00352201668778945,"ENSG00000205856","C22orf42","Up","Significant"
"ENSG00000184459",0.983522688420528,1.14480477229447,1.32261695557951,0.0123704480425495,0.0460684783549463,"ENSG00000184459","BPIFC","Up","Significant"
"ENSG00000100234",17.6017758957547,1.2607390639756,0.427005532768021,0.000309226149989451,0.00256481659900904,"ENSG00000100234","TIMP3","Up","Significant"
"ENSG00000236052",1.60226189121351,2.51948985900162,0.806838819546467,7.72101433083958e-05,0.000822388649752395,"ENSG00000236052","LINC01643","Up","Significant"
"ENSG00000280356",1.97073272370799,2.73994793671265,0.740649622655932,1.40703175124712e-05,0.000200545414515269,"ENSG00000280356","ENSG00000280356","Up","Significant"
"ENSG00000233080",0.778021559518234,1.86355927001666,1.04252008029381,0.00286826709550799,0.015082661003613,"ENSG00000233080","ENSG00000233080","Up","Significant"
"ENSG00000233388",0.633389739212151,1.30745042506381,1.12972697766374,0.0117635721263186,0.0443702767200372,"ENSG00000233388","TRMT112P8","Up","Significant"
"ENSG00000279652",2.19451506676092,1.41041656613599,0.721264215659724,0.00341204907980398,0.017219029008306,"ENSG00000279652","ENSG00000279652","Up","Significant"
"ENSG00000279217",3.7963028990617,1.79731212961158,0.61393183144127,0.000217478533971477,0.0019253601571599,"ENSG00000279217","ENSG00000279217","Up","Significant"
"ENSG00000100097",4166.07692171679,1.20867699729951,0.178026744189655,2.50171862903557e-12,2.21772723651727e-10,"ENSG00000100097","LGALS1","Up","Significant"
"ENSG00000128310",1.39458935361962,1.21912621804305,0.609214781152437,0.00443030112473571,0.0210201881213587,"ENSG00000128310","GALR3","Up","Significant"
"ENSG00000100156",1.90144848624567,1.46973189262972,0.701229237572747,0.00247399791947057,0.0134361744381749,"ENSG00000100156","SLC16A8","Up","Significant"
"ENSG00000168135",1.49738982835017,1.87295679923599,0.833635066527985,0.00142601076720451,0.00865419313137637,"ENSG00000168135","KCNJ4","Up","Significant"
"ENSG00000100206",6.86421655912522,2.39509977907123,0.399589043643812,1.56122833428286e-10,9.57346546983549e-09,"ENSG00000100206","DMC1","Up","Significant"
"ENSG00000128383",3163.26534780354,1.20954016217557,0.262552571151726,5.76913615622133e-07,1.30957781428735e-05,"ENSG00000128383","APOBEC3A","Up","Significant"
"ENSG00000179750",85.4574461471676,2.10439033002625,0.324310117683995,6.08953409560429e-12,5.05084648538624e-10,"ENSG00000179750","APOBEC3B","Up","Significant"
"ENSG00000100298",65.7026117347843,1.00138029597923,0.24786365150189,8.98993432454373e-06,0.00013762692031417,"ENSG00000100298","APOBEC3H","Up","Significant"
"ENSG00000284633",7.59760982219196,1.09982288004785,0.385221116855222,0.000518974718735226,0.00388425297115584,"ENSG00000284633","ENSG00000284633","Up","Significant"
"ENSG00000100162",212.686793258747,1.10688102403077,0.183789124822528,2.56455171435523e-10,1.49453153732747e-08,"ENSG00000100162","CENPM","Up","Significant"
"ENSG00000100167",6.25829536521071,1.19886105610565,0.356717562023685,9.23634513084107e-05,0.000955120003096616,"ENSG00000100167","SEPTIN3","Up","Significant"
"ENSG00000159307",31.3055523184349,3.06659693881423,0.475327498488039,5.79329756664187e-12,4.84108748530181e-10,"ENSG00000159307","SCUBE1","Up","Significant"
"ENSG00000280011",20.1195505491244,1.11197759507967,0.195279540848944,1.85062547560374e-09,8.6368536298058e-08,"ENSG00000280011","ENSG00000280011","Up","Significant"
"ENSG00000056487",1.49944284931593,2.39135499981726,0.806233959702258,0.000128545687367839,0.00125838078820009,"ENSG00000056487","PHF21B","Up","Significant"
"ENSG00000273287",0.898552299878895,2.06739017067014,1.18592126447328,0.00339723498535451,0.0171727179249124,"ENSG00000273287","ENSG00000273287","Up","Significant"
"ENSG00000188064",1.44295053129234,1.7090608988322,0.709668498687099,0.00116038426446703,0.00738244091855433,"ENSG00000188064","WNT7B","Up","Significant"
"ENSG00000075218",54.7873852502255,2.9926100110262,0.263361084191647,4.40603207846078e-31,3.9903169977606e-28,"ENSG00000075218","GTSE1","Up","Significant"
"ENSG00000234869",0.618859993344562,2.43323935385954,1.29942555695002,0.00395610101563055,0.0192402015867582,"ENSG00000234869","LINC02925","Up","Significant"
"ENSG00000224715",0.745304896406625,2.89918603977506,1.19419442014233,0.000648640030361177,0.0046324123566438,"ENSG00000224715","LOC339685","Up","Significant"
"ENSG00000224271",7.2311696028435,1.77544384315193,0.557612838322782,9.44390928335425e-05,0.000974010329873554,"ENSG00000224271","EPIC1","Up","Significant"
"ENSG00000279712",1.37732394319202,2.54801956352106,0.78052195227735,3.26353711476527e-05,0.000405029130291369,"ENSG00000279712","ENSG00000279712","Up","Significant"
"ENSG00000278890",1.11467053498441,2.59517537152664,0.989676654259728,0.000219634607094265,0.00194137062757102,"ENSG00000278890","ENSG00000278890","Up","Significant"
"ENSG00000288540",0.594987383037933,4.8821948328886,2.5843643102722,0.00731229295913271,0.0310200816264816,"ENSG00000288540","ENSG00000288540","Up","Significant"
"ENSG00000219438",1.54306734206436,2.13878321764304,0.860989631415323,0.000664073784945733,0.00472431571328661,"ENSG00000219438","TAFA5","Up","Significant"
"ENSG00000278869",16.9597906198052,1.00977918583612,0.269487690121676,2.81665641815274e-05,0.000358191043324023,"ENSG00000278869","ENSG00000278869","Up","Significant"
"ENSG00000188263",1.8070537716773,1.37634952656237,0.8148936962285,0.00557784855288539,0.0251795941207917,"ENSG00000188263","IL17REL","Up","Significant"
"ENSG00000138892",0.952649382710916,2.2711161315316,1.05041520902419,0.00105498558320373,0.00685218438788662,"ENSG00000138892","TTLL8","Up","Significant"
"ENSG00000188130",16.8317806902145,1.71861738336526,0.264444291179916,6.57348361105117e-12,5.41206049932958e-10,"ENSG00000188130","MAPK12","Up","Significant"
"ENSG00000251322",1.25395931199556,2.25870196779122,0.85252366926737,0.000259504478346534,0.0022308197960272,"ENSG00000251322","SHANK3","Up","Significant"
"ENSG00000277693",4.35590720439941,2.01757192676567,0.606122347386931,5.03712905877031e-05,0.00057844125301691,"ENSG00000277693","ENSG00000277693","Up","Significant"
"ENSG00000275945",1.32146444613562,2.08339566365897,0.849845551721851,0.000583348463247521,0.00425869796404383,"ENSG00000275945","ENSG00000275945","Up","Significant"
"ENSG00000275592",1.10779544802386,1.23253175475124,0.813513362864627,0.00915013515321627,0.0367684229342996,"ENSG00000275592","ENSG00000275592","Up","Significant"
"ENSG00000187172",1.29584268559182,2.15070213411024,0.729262478089946,0.00013722705475949,0.00132593465338401,"ENSG00000187172","ENSG00000187172","Up","Significant"
"ENSG00000277282",0.898803037336794,1.73869333115705,1.07345255748554,0.00392276403997752,0.0191298274459564,"ENSG00000277282","IGHV1OR21-1","Up","Significant"
"ENSG00000219280",0.765905281794507,1.44591755318843,1.01211981650034,0.00680523508288037,0.0293434108619322,"ENSG00000219280","ENSG00000219280","Up","Significant"
"ENSG00000249493",1.63734526117877,1.59893076364068,0.778534946649536,0.00259103843793526,0.0139396911566158,"ENSG00000249493","ANKRD20A18P","Up","Significant"
"ENSG00000243064",9.87721463279476,3.63160731918171,0.758686285427393,7.95886279519114e-08,2.39187025474493e-06,"ENSG00000243064","ENSG00000243064","Up","Significant"
"ENSG00000232884",9.02021585943179,1.0006660581956,0.315087072169504,0.000238017429653952,0.00207485068945741,"ENSG00000232884","LOC105372738","Up","Significant"
"ENSG00000279390",9.7032662148336,1.20217370931221,0.286307441705488,3.42973696833239e-06,6.01712335454712e-05,"ENSG00000279390","ENSG00000279390","Up","Significant"
"ENSG00000288555",1.31600476769381,1.48977012888627,0.725430290066835,0.00295268606431573,0.0153946720599278,"ENSG00000288555","ENSG00000288555","Up","Significant"
"ENSG00000229425",9.57153032973442,1.77140646715596,0.412571156614105,1.28400750444611e-06,2.58568554486086e-05,"ENSG00000229425","LOC101927745","Up","Significant"
"ENSG00000224247",0.932596671382046,1.40207504214129,1.09416726786218,0.00819608864647273,0.0338172973109726,"ENSG00000224247","ENSG00000224247","Up","Significant"
"ENSG00000215386",7.93304986219231,1.07258715327054,0.432911265014472,0.00156671672780567,0.00932654305063779,"ENSG00000215386","MIR99AHG","Up","Significant"
"ENSG00000224141",0.711685144227784,3.63840227464862,1.44394706988336,0.000526671241713536,0.00393273891364332,"ENSG00000224141","MIR548XHG","Up","Significant"
"ENSG00000224924",2.87107581917453,1.89902814400732,0.623305281539415,0.000147597851306373,0.00140747194064464,"ENSG00000224924","LINC00320","Up","Significant"
"ENSG00000154654",2.12755369977406,1.41545838035248,0.497986329195185,0.000428093546039437,0.00331675991543017,"ENSG00000154654","NCAM2","Up","Significant"
"ENSG00000226043",1.10829675579529,1.60783797707377,0.946807639002432,0.00392370121567514,0.0191298274459564,"ENSG00000226043","ENSG00000226043","Up","Significant"
"ENSG00000228592",0.656947216999179,1.67438830818935,1.46373106764141,0.0122930242515858,0.0459073832214856,"ENSG00000228592","D21S2088E","Up","Significant"
"ENSG00000287801",1.23688731064148,1.84791038339405,1.22568392248115,0.00419206813755018,0.0201278136152986,"ENSG00000287801","ENSG00000287801","Up","Significant"
"ENSG00000226983",0.849605252490562,2.37675730232814,1.15740081298987,0.00145002150514988,0.00876895336871818,"ENSG00000226983","LINC01692","Up","Significant"
"ENSG00000273492",1.72215752459995,2.26271550721806,0.719587942826073,0.000116228903953366,0.00115741882394453,"ENSG00000273492","APP-DT","Up","Significant"
"ENSG00000154736",22.1220134822773,-2.08755112146803,0.423690533106666,5.62229233011515e-08,1.7656737927819e-06,"ENSG00000154736","ADAMTS5","Down","Significant"
"ENSG00000232079",1.09603036659177,1.27588213564532,0.791800916633294,0.00792112153370158,0.0329438825211377,"ENSG00000232079","LINC01697","Up","Significant"
"ENSG00000156265",686.579283556593,1.14505964421719,0.286433156429533,8.89759845781692e-06,0.000136515396851185,"ENSG00000156265","MAP3K7CL","Up","Significant"
"ENSG00000228941",1.39916678087882,1.44626544877877,0.740511306851891,0.00367645718844012,0.0181890453163207,"ENSG00000228941","ENSG00000228941","Up","Significant"
"ENSG00000237594",3.65389359335969,2.05250086908808,0.517398996483024,5.41421913297108e-06,8.88032642813157e-05,"ENSG00000237594","TIAM1-AS1","Up","Significant"
"ENSG00000142149",2.78575319833432,1.45569267743249,0.592261719802663,0.00103103204745493,0.00672549209230429,"ENSG00000142149","HUNK","Up","Significant"
"ENSG00000200792",0.727078399966212,-1.36803902037599,0.977635184661585,0.0088756988231563,0.0359458293286373,"ENSG00000200792","SNORA80A","Down","Significant"
"ENSG00000159261",0.797858109612693,2.81206664761316,1.35473120371085,0.00220296984275481,0.0122542025997462,"ENSG00000159261","CLDN14","Up","Significant"
"ENSG00000286717",0.820066241571552,1.6600717646317,1.33313859152515,0.00786475453169631,0.0327745379433667,"ENSG00000286717","ENSG00000286717","Up","Significant"
"ENSG00000157542",4.30915031997977,1.80746121582207,0.625847274668033,0.000235432387757916,0.00205713269397132,"ENSG00000157542","KCNJ6","Up","Significant"
"ENSG00000157554",13.7386104803051,1.14474225868552,0.445980721193793,0.0010883675807457,0.00702158437874618,"ENSG00000157554","ERG","Up","Significant"
"ENSG00000205622",5.37649984682021,1.2412056708888,0.395072602777027,0.000178407157989145,0.00164220958508246,"ENSG00000205622","ENSG00000205622","Up","Significant"
"ENSG00000183778",2.35332442401395,3.06304004913403,0.70157102309,7.79037106596836e-07,1.70555733101544e-05,"ENSG00000183778","B3GALT5","Up","Significant"
"ENSG00000184809",1.36352984649731,3.07256927394366,0.929281656824894,1.55703864100933e-05,0.00021803095621221,"ENSG00000184809","B3GALT5-AS1","Up","Significant"
"ENSG00000171587",2.66594505687873,2.25250528224474,0.622829425203178,2.11394133867039e-05,0.000281207067556594,"ENSG00000171587","DSCAM","Up","Significant"
"ENSG00000280109",2.3875848301096,1.32107259663177,0.68697092533393,0.00382946014747376,0.0187696094977469,"ENSG00000280109","ENSG00000280109","Up","Significant"
"ENSG00000157601",4236.6830616452,1.34381753443657,0.460568283063559,0.000329918660269235,0.00270256431380636,"ENSG00000157601","MX1","Up","Significant"
"ENSG00000184012",1.47138004565033,1.29048465025308,0.783680305527704,0.00689856865599041,0.029645711266913,"ENSG00000184012","TMPRSS2","Up","Significant"
"ENSG00000236384",0.68649615022698,1.36675377028299,1.24147443756807,0.0119098243637371,0.0447807792419733,"ENSG00000236384","LINC00479","Up","Significant"
"ENSG00000183421",5.73356690284055,-1.38788029957228,0.696197047834519,0.00302162415451621,0.0156906251036237,"ENSG00000183421","RIPK4","Down","Significant"
"ENSG00000177398",12.0541391390625,2.30593459607584,0.442892456489536,0.00560014294162936,0.0252530197592596,"ENSG00000177398","UMODL1","Up","Significant"
"ENSG00000160188",3.88266358440064,1.40055938764676,0.492922715358739,0.000399598627417235,0.00314101581189869,"ENSG00000160188","RSPH1","Up","Significant"
"ENSG00000160200",0.77235974041843,1.47540847281003,0.975764757751278,0.00552350320883299,0.0249746416171616,"ENSG00000160200","CBS","Up","Significant"
"ENSG00000213440",1.41028828298348,1.35408453507622,0.646597161010335,0.00309593025072582,0.0159725214428901,"ENSG00000213440","ENSG00000213440","Up","Significant"
"ENSG00000142182",0.838062237496021,2.28335593315313,1.32596969834494,0.00400368467221322,0.0194329367105967,"ENSG00000142182","DNMT3L","Up","Significant"
"ENSG00000183535",0.80664270706863,1.50357445490242,1.07652960342569,0.00675552530792738,0.0291940801577687,"ENSG00000183535","COL18A1-AS1","Up","Significant"
"ENSG00000233922",2.18188404845392,1.13893714897759,0.546286113731533,0.00384222105511459,0.0188229510724905,"ENSG00000233922","LINC01694","Up","Significant"
"ENSG00000275139",1.64194933116638,2.44104616277023,0.908729999051468,0.000279036280696268,0.00237131166123518,"ENSG00000275139","ENSG00000275139","Up","Significant"
"ENSG00000277836",53.5021176247971,2.85489967241982,0.6035790751347,1.15199177781875e-07,3.29369389786079e-06,"ENSG00000277836","ENSG00000277836","Up","Significant"
"ENSG00000276256",6.52664301816132,1.04438368574066,0.72358493057752,0.0118791888295091,0.0447057208544496,"ENSG00000276256","ENSG00000276256","Up","Significant"
"ENSG00000277856",586.998684011691,4.28083615214507,0.634071994584938,7.19185652725185e-13,7.02600350937849e-11,"ENSG00000277856","ENSG00000277856","Up","Significant"
"ENSG00000275063",1504.77064607875,3.43828428272955,0.550123662742767,2.16622815766593e-11,1.64973043943699e-09,"ENSG00000275063","LOC102723407","Up","Significant"
